09:49:31 [[32MINFO[39M]: Initializing SQLite database...
09:49:31 [[32MINFO[39M]: SQLite database initialized at E:\Proyek\homeserver\linux-panel\storage\panelku.db
09:49:31 [[32MINFO[39M]: SQLite database ready
09:49:31 [[32MINFO[39M]: Connecting to Redis...
09:49:31 [[33MWARN[39M]: Redis error: 
09:49:31 [[33MWARN[39M]: Failed to connect to Redis: Connection is closed.. Panel will run without active background queues.
09:49:31 [[32MINFO[39M]: Default roles seeded
09:49:31 [[32MINFO[39M]: WebSocket: namespaces initialized (/monitor, /terminal, /notifications)
09:49:31 [[32MINFO[39M]: Socket.IO initialized
09:49:31 [[32MINFO[39M]: Scheduler: registered job [monitor:collect] every 60000ms
09:49:31 [[32MINFO[39M]: Monitor job started
09:49:31 [[32MINFO[39M]: Scheduler: registered job [autoheal:check] every 180000ms
09:49:31 [[32MINFO[39M]: AutoHeal: Engine initialized, monitoring services every 3 minutes
09:49:31 [[32MINFO[39M]: Health checking job initialized (delegated to AutoHeal Engine)
09:49:31 [[32MINFO[39M]: Scheduler: registered job [system:backup] every 86400000ms
09:49:31 [[32MINFO[39M]: Automated database backup job initialized
09:49:31 [[32MINFO[39M]: Scheduler: registered job [password-expiry:reminder] every 86400000ms
09:49:31 [[32MINFO[39M]: Password expiry reminder job started (90 day policy, 7 day reminder window)
09:49:31 [[32MINFO[39M]: PluginLoader: loaded 0 plugin(s).
09:49:31 [[32MINFO[39M]: 🚀 LinuxPanel bootstrap complete
09:49:31 [[32MINFO[39M]: 
╔════════════════════════════════════════╗
║       Linux Server Control Panel       ║
╠════════════════════════════════════════╣
║  URL:   http://localhost:23456          ║
║  Mode:  development                     ║
║  Node:  v22.14.0                        ║
╚════════════════════════════════════════╝
    
09:49:31 [[33MWARN[39M]: Redis error: 
09:49:31 [[33MWARN[39M]: Redis error: 
09:49:31 [[33MWARN[39M]: Redis error: 
09:49:32 [[33MWARN[39M]: Redis error: 
09:49:32 [[33MWARN[39M]: Redis error: 
09:49:33 [[33MWARN[39M]: Redis error: 
09:49:34 [[33MWARN[39M]: Redis error: 
09:49:34 [[33MWARN[39M]: Redis error: 
[0mGET / [32m200[0m 10.930 ms - 21770[0m
09:49:35 [[33MWARN[39M]: Redis error: 
09:49:36 [[33MWARN[39M]: Redis error: 
[0mPOST /api/auth/login [32m200[0m 86.288 ms - 4069[0m
[0mGET /api/database [32m200[0m 157.541 ms - 143[0m
[0mGET /api/database/schemas?type=postgres&name=testdb [32m200[0m 54.050 ms - 117[0m
[0mGET /api/database/explore?type=postgres&name=testdb&schema=public [32m200[0m 49.435 ms - 103[0m
[0mGET /api/database/explore?type=postgres&name=testdb&schema=analytics [32m200[0m 51.621 ms - 104[0m
[0mGET /api/database/explore?type=postgres&name=testdb&schema=inventory [32m200[0m 48.392 ms - 106[0m
[0mGET /api/database/table-info?type=postgres&database=testdb&table=events&schema=analytics [32m200[0m 75.911 ms - 471[0m
[0mGET /api/database/table-data?type=postgres&database=testdb&table=events&schema=analytics&page=1&limit=50 [32m200[0m 43.069 ms - 128[0m
[0mGET / [32m200[0m 2.757 ms - 21770[0m
[0mGET /css/bootstrap-icons.css [32m200[0m 4.734 ms - 98187[0m
[0mGET /css/app.css [32m200[0m 4.866 ms - 31760[0m
[0mGET /js/app.js [32m200[0m 6.020 ms - 34479[0m
[0mGET /css/bootstrap.min.css [32m200[0m 4.649 ms - 232803[0m
[0mGET /js/bootstrap.bundle.min.js [32m200[0m 5.732 ms - 80721[0m
[0mGET /images/logo.png [32m200[0m 4.836 ms - 601248[0m
[0mGET /css/fonts.css [32m200[0m 1.493 ms - 702[0m
[0mGET /images/bg.png [32m200[0m 0.845 ms - 1029777[0m
[0mGET /fonts/inter-latin.woff2 [32m200[0m 1.431 ms - 48256[0m
[0mGET /css/bootstrap.min.css.map [33m404[0m 2.854 ms - 77[0m
[0mGET /api/auth/sso/config [32m200[0m 4.168 ms - 96[0m
[0mGET /js/bootstrap.bundle.min.js.map [33m404[0m 5.882 ms - 82[0m
[0mGET /fonts/bootstrap-icons.woff2 [32m200[0m 2.020 ms - 130396[0m
[0mGET /api/auth/ldap/config [32m200[0m 1.058 ms - 502[0m
[0mGET /favicon.png [32m200[0m 0.873 ms - 601248[0m
[0mGET / [32m200[0m 2.165 ms - 21770[0m
[0mGET /css/bootstrap.min.css [36m304[0m 0.824 ms - -[0m
[0mGET /css/bootstrap-icons.css [36m304[0m 1.446 ms - -[0m
[0mGET /css/app.css [36m304[0m 1.459 ms - -[0m
[0mGET /images/logo.png [36m304[0m 0.930 ms - -[0m
[0mGET /js/bootstrap.bundle.min.js [36m304[0m 1.459 ms - -[0m
[0mGET /js/app.js [36m304[0m 0.474 ms - -[0m
[0mGET /css/fonts.css [36m304[0m 0.471 ms - -[0m
[0mGET /js/bootstrap.bundle.min.js.map [33m404[0m 0.416 ms - 82[0m
[0mGET /images/bg.png [36m304[0m 0.291 ms - -[0m
[0mGET /fonts/inter-latin.woff2 [36m304[0m 0.262 ms - -[0m
[0mGET /css/bootstrap.min.css.map [33m404[0m 0.958 ms - 77[0m
[0mGET /api/auth/sso/config [32m200[0m 1.192 ms - 96[0m
[0mGET /api/auth/ldap/config [32m200[0m 1.234 ms - 502[0m
[0mPOST /api/auth/login [32m200[0m 73.706 ms - 4069[0m
[0mGET /dashboard [32m200[0m 5.055 ms - 47860[0m
[0mGET /css/bootstrap.min.css [36m304[0m 0.689 ms - -[0m
[0mGET /css/bootstrap-icons.css [36m304[0m 0.798 ms - -[0m
[0mGET /css/app.css [36m304[0m 1.032 ms - -[0m
[0mGET /images/logo.png [36m304[0m 1.162 ms - -[0m
[0mGET /js/bootstrap.bundle.min.js [36m304[0m 4.714 ms - -[0m
[0mGET /js/app.js [36m304[0m 1.428 ms - -[0m
[0mGET /css/fonts.css [36m304[0m 0.672 ms - -[0m
[0mGET /js/chart-4.4.1.min.js [32m200[0m 2.643 ms - 205419[0m
[0mGET /js/bootstrap.bundle.min.js.map [33m404[0m 0.826 ms - 82[0m
[0mGET /images/bg.png [36m304[0m 1.056 ms - -[0m
[0mGET /fonts/inter-latin.woff2 [36m304[0m 0.406 ms - -[0m
[0mGET /fonts/jetbrains-mono-latin.woff2 [32m200[0m 0.833 ms - 21168[0m
[0mGET /css/bootstrap.min.css.map [33m404[0m 0.609 ms - 77[0m
[0mGET /js/chart.umd.js.map [33m404[0m 0.695 ms - 71[0m
[0mGET /api/auth/profile [32m200[0m 1.841 ms - 3779[0m
[0mGET /api/auth/profile [32m200[0m 4.289 ms - 3779[0m
[0mGET /api/system/panel/check-update [32m200[0m 5.215 ms - 137[0m
[0mGET /api/system/panel/check-update [32m200[0m 3.492 ms - 137[0m
[0mGET /api/system/services [32m200[0m 601.599 ms - 162[0m
09:51:17 [[33MWARN[39M]: Simulating Linux command on Windows: command -v mysql
09:51:17 [[33MWARN[39M]: Simulating Linux command on Windows: command -v psql
09:51:17 [[33MWARN[39M]: Simulating Linux command on Windows: command -v docker
09:51:17 [[33MWARN[39M]: Simulating Linux command on Windows: command -v nginx
09:51:17 [[33MWARN[39M]: Simulating Linux command on Windows: command -v syncthing
[0mGET /api/system/check-install [32m200[0m 4.792 ms - 157[0m
[0mGET /api/dashboard/metrics [32m200[0m 1757.985 ms - 1282[0m
[0mGET /api/dashboard/metrics [32m200[0m 1584.307 ms - 1283[0m
[0mGET /api/dashboard/metrics [32m200[0m 1581.491 ms - 1280[0m
[0mGET /api/system/services [32m200[0m 1.817 ms - 162[0m
[0mGET /api/dashboard/metrics [32m200[0m 1567.389 ms - 1282[0m
[0mGET /api/dashboard/metrics [32m200[0m 1735.299 ms - 1282[0m
[0mGET /api/dashboard/metrics [32m200[0m 1702.333 ms - 1281[0m
[0mGET /api/dashboard/metrics [32m200[0m 1737.982 ms - 1281[0m
[0mGET /api/system/services [32m200[0m 1.880 ms - 162[0m
[0mGET /api/dashboard/metrics [32m200[0m 1637.119 ms - 1283[0m
[0mGET / [32m200[0m 2.546 ms - 21770[0m
[0mGET /css/bootstrap.min.css [36m304[0m 0.901 ms - -[0m
[0mGET /css/bootstrap-icons.css [36m304[0m 1.109 ms - -[0m
[0mGET /css/app.css [36m304[0m 0.962 ms - -[0m
[0mGET /images/logo.png [36m304[0m 2.054 ms - -[0m
[0mGET /js/bootstrap.bundle.min.js [36m304[0m 2.385 ms - -[0m
[0mGET /js/app.js [36m304[0m 0.444 ms - -[0m
[0mGET /css/fonts.css [36m304[0m 0.456 ms - -[0m
[0mGET /js/bootstrap.bundle.min.js.map [33m404[0m 0.569 ms - 82[0m
[0mGET /images/bg.png [36m304[0m 0.468 ms - -[0m
[0mGET /fonts/inter-latin.woff2 [36m304[0m 0.346 ms - -[0m
[0mGET /css/bootstrap.min.css.map [33m404[0m 1.410 ms - 77[0m
[0mGET /api/auth/sso/config [32m200[0m 1.920 ms - 96[0m
[0mGET /api/auth/profile [32m200[0m 2.521 ms - 3779[0m
[0mGET /api/auth/ldap/config [32m200[0m 0.779 ms - 502[0m
[0mGET /api/dashboard/metrics [32m200[0m 1876.910 ms - 1281[0m
[0mGET / [32m200[0m 1.404 ms - 21770[0m
[0mGET /css/bootstrap.min.css [36m304[0m 0.757 ms - -[0m
[0mGET /css/bootstrap-icons.css [36m304[0m 0.661 ms - -[0m
[0mGET /images/logo.png [36m304[0m 0.877 ms - -[0m
[0mGET /css/app.css [36m304[0m 0.945 ms - -[0m
[0mGET /js/bootstrap.bundle.min.js [36m304[0m 0.840 ms - -[0m
[0mGET /js/app.js [36m304[0m 0.270 ms - -[0m
[0mGET /css/fonts.css [36m304[0m 0.334 ms - -[0m
[0mGET /js/bootstrap.bundle.min.js.map [33m404[0m 0.546 ms - 82[0m
[0mGET /images/bg.png [36m304[0m 0.375 ms - -[0m
[0mGET /fonts/inter-latin.woff2 [36m304[0m 0.267 ms - -[0m
[0mGET /api/auth/sso/config [32m200[0m 0.921 ms - 96[0m
[0mGET /css/bootstrap.min.css.map [33m404[0m 1.790 ms - 77[0m
[0mGET /api/auth/profile [32m200[0m 1.907 ms - 3779[0m
[0mGET /api/auth/ldap/config [32m200[0m 0.857 ms - 502[0m
09:52:31 [[33MWARN[39M]: AutoHeal: Nginx is inactive. Attempt #1 to restart...
09:52:31 [[33MWARN[39M]: AutoHeal: Apache is inactive. Attempt #1 to restart...
09:52:31 [[33MWARN[39M]: AutoHeal: MySQL is inactive. Attempt #1 to restart...
09:52:31 [[33MWARN[39M]: AutoHeal: PostgreSQL is inactive. Attempt #1 to restart...
09:52:31 [[33MWARN[39M]: AutoHeal: Redis is inactive. Attempt #1 to restart...
09:52:31 [[33MWARN[39M]: AutoHeal: Docker is inactive. Attempt #1 to restart...
09:52:31 [[33MWARN[39M]: AutoHeal: SSH is inactive. Attempt #1 to restart...
09:52:32 [[33MWARN[39M]: AutoHeal: UFW Firewall is inactive. Attempt #1 to restart...
09:52:32 [[33MWARN[39M]: AutoHeal: Docker daemon is down. Attempt #1 to restart...
[0mPOST /api/auth/login [32m200[0m 94.848 ms - 4069[0m
[0mGET /dashboard [32m200[0m 4.711 ms - 47860[0m
[0mGET /css/bootstrap.min.css [36m304[0m 0.601 ms - -[0m
[0mGET /css/bootstrap-icons.css [36m304[0m 0.723 ms - -[0m
[0mGET /css/app.css [36m304[0m 0.767 ms - -[0m
[0mGET /images/logo.png [36m304[0m 0.792 ms - -[0m
[0mGET /js/bootstrap.bundle.min.js [36m304[0m 0.809 ms - -[0m
[0mGET /js/app.js [36m304[0m 1.680 ms - -[0m
[0mGET /js/chart-4.4.1.min.js [36m304[0m 1.563 ms - -[0m
[0mGET /css/fonts.css [36m304[0m 0.376 ms - -[0m
[0mGET /js/bootstrap.bundle.min.js.map [33m404[0m 0.591 ms - 82[0m
[0mGET /images/bg.png [36m304[0m 0.277 ms - -[0m
[0mGET /fonts/inter-latin.woff2 [36m304[0m 0.757 ms - -[0m
[0mGET /fonts/jetbrains-mono-latin.woff2 [36m304[0m 0.738 ms - -[0m
[0mGET /css/bootstrap.min.css.map [33m404[0m 0.805 ms - 77[0m
[0mGET /js/chart.umd.js.map [33m404[0m 0.575 ms - 71[0m
[0mGET /api/auth/profile [32m200[0m 1.538 ms - 3779[0m
[0mGET /api/auth/profile [32m200[0m 2.716 ms - 3779[0m
[0mGET /api/system/services [32m200[0m 527.524 ms - 162[0m
09:53:02 [[33MWARN[39M]: Simulating Linux command on Windows: command -v mysql
09:53:02 [[33MWARN[39M]: Simulating Linux command on Windows: command -v psql
09:53:02 [[33MWARN[39M]: Simulating Linux command on Windows: command -v docker
09:53:02 [[33MWARN[39M]: Simulating Linux command on Windows: command -v nginx
09:53:02 [[33MWARN[39M]: Simulating Linux command on Windows: command -v syncthing
[0mGET /api/system/check-install [32m200[0m 529.408 ms - 157[0m
[0mGET /api/dashboard/metrics [32m200[0m 1648.218 ms - 1282[0m
[0mGET /api/dashboard/metrics [32m200[0m 1549.232 ms - 1282[0m
[0mGET /api/dashboard/metrics [32m200[0m 1616.455 ms - 1282[0m
[0mGET /api/system/services [32m200[0m 1.679 ms - 162[0m
[0mGET /api/dashboard/metrics [32m200[0m 1542.050 ms - 1282[0m
[0mGET /api/dashboard/metrics [32m200[0m 1588.036 ms - 1283[0m
[0mGET /api/dashboard/metrics [32m200[0m 1520.881 ms - 1282[0m
[0mGET /api/dashboard/metrics [32m200[0m 1726.624 ms - 1282[0m
[0mGET /api/system/services [32m200[0m 1.380 ms - 162[0m
[0mGET /api/dashboard/metrics [32m200[0m 1643.316 ms - 1282[0m
[0mGET /api/dashboard/metrics [32m200[0m 1663.242 ms - 1282[0m
[0mGET /api/dashboard/metrics [32m200[0m 1559.643 ms - 1281[0m
[0mGET /api/system/services [32m200[0m 2.100 ms - 162[0m
[0mGET /api/dashboard/metrics [32m200[0m 1632.321 ms - 1282[0m
[0mGET /api/dashboard/metrics [32m200[0m 1680.093 ms - 1282[0m
[0mGET /api/dashboard/metrics [32m200[0m 1656.168 ms - 1281[0m
[0mGET /api/system/services [32m200[0m 1.771 ms - 162[0m
[0mGET /api/dashboard/metrics [32m200[0m 1645.734 ms - 1281[0m
[0mGET /api/dashboard/metrics [32m200[0m 1671.461 ms - 1283[0m
[0mGET /api/dashboard/metrics [32m200[0m 1604.280 ms - 1283[0m
[0mGET /api/dashboard/metrics [32m200[0m 1747.056 ms - 1281[0m
[0mGET /api/system/services [32m200[0m 1.521 ms - 162[0m
[0mGET /api/dashboard/metrics [32m200[0m 1761.996 ms - 1282[0m
[0mGET /api/dashboard/metrics [32m200[0m 1643.915 ms - 1282[0m
[0mGET /api/dashboard/metrics [32m200[0m 1601.203 ms - 1279[0m
[0mGET /api/system/services [32m200[0m 572.402 ms - 162[0m
[0mGET /api/dashboard/metrics [32m200[0m 1728.538 ms - 1283[0m
[0mGET /api/dashboard/metrics [32m200[0m 1682.714 ms - 1281[0m
[0mGET /api/dashboard/metrics [32m200[0m 1845.177 ms - 1282[0m
[0mGET /api/system/services [32m200[0m 2.376 ms - 162[0m
[0mGET /api/dashboard/metrics [32m200[0m 1579.375 ms - 1283[0m
[0mGET /api/dashboard/metrics [32m200[0m 1754.818 ms - 1283[0m
[0mGET /api/dashboard/metrics [32m200[0m 1752.431 ms - 1282[0m
[0mGET /api/dashboard/metrics [32m200[0m 1696.580 ms - 1281[0m
[0mGET /api/system/services [32m200[0m 1.603 ms - 162[0m
[0mGET /api/dashboard/metrics [32m200[0m 1609.661 ms - 1280[0m
[0mPOST /api/auth/login [32m200[0m 108.794 ms - 4069[0m
[0mGET /api/dashboard/metrics [32m200[0m 2067.874 ms - 1282[0m
[0mGET /api/dashboard/metrics [32m200[0m 1617.260 ms - 1281[0m
[0mGET /api/system/services [32m200[0m 608.208 ms - 162[0m
[0mGET /api/dashboard/metrics [32m200[0m 1788.570 ms - 1282[0m
[0mGET /api/dashboard/metrics [32m200[0m 1943.046 ms - 1282[0m
[0mGET /api/dashboard/metrics [32m200[0m 1721.101 ms - 1282[0m
[0mPOST /api/auth/login [32m200[0m 110.808 ms - 4069[0m
[0mGET /api/system/services [32m200[0m 1.858 ms - 162[0m
[0mGET /api/dashboard/metrics [32m200[0m 1759.584 ms - 1282[0m
[0mGET /api/dashboard/metrics [32m200[0m 1691.615 ms - 1283[0m
[0mGET /api/dashboard/metrics [32m200[0m 1724.624 ms - 1280[0m
[0mGET /api/dashboard/metrics [32m200[0m 1690.715 ms - 1282[0m
[0mGET /api/system/services [32m200[0m 1.572 ms - 162[0m
[0mGET /api/dashboard/metrics [32m200[0m 1828.688 ms - 1282[0m
[0mGET /api/dashboard/metrics [32m200[0m 1893.328 ms - 1281[0m
[0mGET /api/dashboard/metrics [32m200[0m 1710.057 ms - 1283[0m
[0mGET /api/system/services [32m200[0m 551.351 ms - 162[0m
[0mGET /api/dashboard/metrics [32m200[0m 1725.764 ms - 1283[0m
[0mGET /api/dashboard/metrics [32m200[0m 1746.171 ms - 1273[0m
[0mGET /api/dashboard/metrics [32m200[0m 1763.236 ms - 1281[0m
[0mGET /api/system/services [32m200[0m 1.549 ms - 162[0m
[0mGET /api/dashboard/metrics [32m200[0m 1740.368 ms - 1280[0m
[0mGET /api/dashboard/metrics [32m200[0m 1675.294 ms - 1282[0m
[0mGET /api/dashboard/metrics [32m200[0m 1697.270 ms - 1280[0m
[0mGET /api/dashboard/metrics [32m200[0m 1698.887 ms - 1280[0m
[0mGET /api/system/services [32m200[0m 1.664 ms - 162[0m
[0mGET /api/dashboard/metrics [32m200[0m 1686.403 ms - 1281[0m
[0mGET /api/dashboard/metrics [32m200[0m 1704.807 ms - 1282[0m
[0mGET /api/dashboard/metrics [32m200[0m 1645.779 ms - 1279[0m
09:55:31 [[33MWARN[39M]: AutoHeal: Nginx is inactive. Attempt #2 to restart...
09:55:31 [[33MWARN[39M]: AutoHeal: Apache is inactive. Attempt #2 to restart...
09:55:31 [[33MWARN[39M]: AutoHeal: MySQL is inactive. Attempt #2 to restart...
09:55:31 [[33MWARN[39M]: AutoHeal: PostgreSQL is inactive. Attempt #2 to restart...
09:55:31 [[33MWARN[39M]: AutoHeal: Redis is inactive. Attempt #2 to restart...
09:55:31 [[33MWARN[39M]: AutoHeal: Docker is inactive. Attempt #2 to restart...
09:55:31 [[33MWARN[39M]: AutoHeal: SSH is inactive. Attempt #2 to restart...
09:55:31 [[33MWARN[39M]: AutoHeal: UFW Firewall is inactive. Attempt #2 to restart...
09:55:32 [[33MWARN[39M]: AutoHeal: Docker daemon is down. Attempt #2 to restart...
[0mGET /api/system/services [32m200[0m 667.711 ms - 162[0m
[0mGET /api/dashboard/metrics [32m200[0m 1999.231 ms - 1282[0m
[0mGET /api/dashboard/metrics [32m200[0m 1760.594 ms - 1282[0m
[0mGET /api/dashboard/metrics [32m200[0m 1624.191 ms - 1271[0m
[0mGET /api/system/services [32m200[0m 2.515 ms - 162[0m
[0mGET /api/dashboard/metrics [32m200[0m 1798.247 ms - 1282[0m
[0mGET /api/dashboard/metrics [32m200[0m 1665.962 ms - 1282[0m
[0mGET /api/dashboard/metrics [32m200[0m 1696.201 ms - 1283[0m
[0mGET /api/dashboard/metrics [32m200[0m 1690.561 ms - 1283[0m
[0mGET /api/system/services [32m200[0m 1.630 ms - 162[0m
[0mGET /api/dashboard/metrics [32m200[0m 1657.543 ms - 1283[0m
[0mGET /api/dashboard/metrics [32m200[0m 1655.998 ms - 1282[0m
[0mGET /api/dashboard/metrics [32m200[0m 1724.313 ms - 1283[0m
[0mGET /api/system/services [32m200[0m 546.701 ms - 162[0m
[0mGET /api/dashboard/metrics [32m200[0m 1652.416 ms - 1283[0m
[0mGET /api/dashboard/metrics [32m200[0m 1660.629 ms - 1282[0m
[0mGET /api/dashboard/metrics [32m200[0m 1645.856 ms - 1282[0m
[0mGET /api/system/services [32m200[0m 2.692 ms - 162[0m
[0mGET /api/dashboard/metrics [32m200[0m 1789.735 ms - 1282[0m
[0mGET /api/dashboard/metrics [32m200[0m 1678.492 ms - 1282[0m
[0mGET /api/dashboard/metrics [32m200[0m 1778.187 ms - 1282[0m
[0mGET /api/dashboard/metrics [32m200[0m 2010.282 ms - 1281[0m
[0mGET /api/system/services [32m200[0m 1.379 ms - 162[0m
[0mGET /api/dashboard/metrics [32m200[0m 1682.339 ms - 1282[0m
[0mGET /api/dashboard/metrics [32m200[0m 1668.380 ms - 1281[0m
[0mGET /api/dashboard/metrics [32m200[0m 1830.729 ms - 1281[0m
[0mGET /api/system/services [32m200[0m 612.316 ms - 162[0m
[0mGET /api/dashboard/metrics [32m200[0m 1839.507 ms - 1270[0m
[0mGET /api/dashboard/metrics [32m200[0m 1856.311 ms - 1282[0m
[0mGET /api/dashboard/metrics [32m200[0m 1743.372 ms - 1282[0m
[0mGET /api/system/services [32m200[0m 2.394 ms - 162[0m
[0mGET /api/dashboard/metrics [32m200[0m 1853.965 ms - 1281[0m
[0mGET /api/dashboard/metrics [32m200[0m 1828.390 ms - 1282[0m
[0mGET /api/dashboard/metrics [32m200[0m 1870.036 ms - 1282[0m
[0mGET /api/dashboard/metrics [32m200[0m 1781.997 ms - 1282[0m
[0mGET /api/system/services [32m200[0m 1.529 ms - 162[0m
[0mGET /api/dashboard/metrics [32m200[0m 1874.016 ms - 1282[0m
[0mGET /api/dashboard/metrics [32m200[0m 1902.403 ms - 1283[0m
[0mGET /api/dashboard/metrics [32m200[0m 1774.969 ms - 1282[0m
[0mGET /api/system/services [32m200[0m 580.573 ms - 162[0m
[0mGET / [32m200[0m 7.219 ms - 21770[0m
[0mGET /css/bootstrap.min.css [36m304[0m 0.945 ms - -[0m
[0mGET /css/bootstrap-icons.css [36m304[0m 1.175 ms - -[0m
[0mGET /css/app.css [36m304[0m 1.216 ms - -[0m
[0mGET /images/logo.png [36m304[0m 0.877 ms - -[0m
[0mGET /js/bootstrap.bundle.min.js [36m304[0m 0.856 ms - -[0m
[0mGET /css/fonts.css [36m304[0m 0.849 ms - -[0m
[0mGET /js/app.js [36m304[0m 0.826 ms - -[0m
[0mGET /js/bootstrap.bundle.min.js.map [33m404[0m 0.536 ms - 82[0m
[0mGET /images/bg.png [36m304[0m 0.335 ms - -[0m
[0mGET /fonts/inter-latin.woff2 [36m304[0m 0.282 ms - -[0m
[0mGET /css/bootstrap.min.css.map [33m404[0m 0.756 ms - 77[0m
[0mGET /api/auth/sso/config [32m200[0m 1.065 ms - 96[0m
[0mGET /api/auth/profile [32m200[0m 1.592 ms - 3779[0m
[0mGET /api/auth/ldap/config [32m200[0m 0.773 ms - 502[0m
[0mGET /api/dashboard/metrics [32m200[0m 1796.011 ms - 1281[0m
[0mGET /database [32m200[0m 4.113 ms - 47239[0m
[0mGET /css/bootstrap.min.css [36m304[0m 0.747 ms - -[0m
[0mGET /css/bootstrap-icons.css [36m304[0m 0.870 ms - -[0m
[0mGET /css/app.css [36m304[0m 0.360 ms - -[0m
[0mGET /images/logo.png [36m304[0m 0.258 ms - -[0m
[0mGET /js/bootstrap.bundle.min.js [36m304[0m 0.324 ms - -[0m
[0mGET /js/app.js [36m304[0m 0.569 ms - -[0m
[0mGET /js/database.js [32m200[0m 2.438 ms - 29436[0m
[0mGET /css/fonts.css [36m304[0m 0.431 ms - -[0m
[0mGET /js/bootstrap.bundle.min.js.map [33m404[0m 0.502 ms - 82[0m
[0mGET /images/bg.png [36m304[0m 0.313 ms - -[0m
[0mGET /fonts/inter-latin.woff2 [36m304[0m 0.557 ms - -[0m
[0mGET /fonts/jetbrains-mono-latin.woff2 [36m304[0m 0.650 ms - -[0m
[0mGET /css/bootstrap.min.css.map [33m404[0m 0.516 ms - 77[0m
[0mGET /api/auth/profile [32m200[0m 2.804 ms - 3779[0m
09:57:16 [[33MWARN[39M]: Simulating Linux command on Windows: command -v mysql
09:57:16 [[33MWARN[39M]: Simulating Linux command on Windows: command -v psql
09:57:16 [[33MWARN[39M]: Simulating Linux command on Windows: command -v docker
09:57:16 [[33MWARN[39M]: Simulating Linux command on Windows: command -v nginx
09:57:16 [[33MWARN[39M]: Simulating Linux command on Windows: command -v syncthing
[0mGET /api/system/check-install [32m200[0m 5.683 ms - 157[0m
[0mGET /api/database [32m200[0m 58.645 ms - 143[0m
[0mGET / [32m200[0m 1.692 ms - 21770[0m
[0mGET /css/bootstrap.min.css [36m304[0m 0.894 ms - -[0m
[0mGET /css/bootstrap-icons.css [36m304[0m 0.851 ms - -[0m
[0mGET /css/app.css [36m304[0m 0.513 ms - -[0m
[0mGET /images/logo.png [36m304[0m 0.757 ms - -[0m
[0mGET /js/bootstrap.bundle.min.js [36m304[0m 0.425 ms - -[0m
[0mGET /js/app.js [36m304[0m 0.328 ms - -[0m
[0mGET /css/fonts.css [36m304[0m 0.436 ms - -[0m
[0mGET /js/bootstrap.bundle.min.js.map [33m404[0m 0.407 ms - 82[0m
[0mGET /images/bg.png [36m304[0m 0.359 ms - -[0m
[0mGET /fonts/inter-latin.woff2 [36m304[0m 0.284 ms - -[0m
[0mGET /api/auth/sso/config [32m200[0m 0.893 ms - 96[0m
[0mGET /css/bootstrap.min.css.map [33m404[0m 1.074 ms - 77[0m
[0mGET /api/auth/profile [32m200[0m 1.551 ms - 3779[0m
[0mGET /api/auth/ldap/config [32m200[0m 0.758 ms - 502[0m
[0mGET /database [32m200[0m 4.237 ms - 47239[0m
[0mGET /css/bootstrap.min.css [36m304[0m 1.147 ms - -[0m
[0mGET /css/bootstrap-icons.css [36m304[0m 1.099 ms - -[0m
[0mGET /css/app.css [36m304[0m 1.004 ms - -[0m
[0mGET /images/logo.png [36m304[0m 1.322 ms - -[0m
[0mGET /js/bootstrap.bundle.min.js [36m304[0m 0.469 ms - -[0m
[0mGET /js/app.js [36m304[0m 0.640 ms - -[0m
[0mGET /js/database.js [36m304[0m 0.619 ms - -[0m
[0mGET /css/fonts.css [36m304[0m 0.503 ms - -[0m
[0mGET /js/bootstrap.bundle.min.js.map [33m404[0m 0.890 ms - 82[0m
[0mGET /images/bg.png [36m304[0m 0.295 ms - -[0m
[0mGET /fonts/inter-latin.woff2 [36m304[0m 0.494 ms - -[0m
[0mGET /fonts/jetbrains-mono-latin.woff2 [36m304[0m 0.464 ms - -[0m
[0mGET /css/bootstrap.min.css.map [33m404[0m 0.399 ms - 77[0m
[0mGET /api/auth/profile [32m200[0m 2.683 ms - 3779[0m
09:57:45 [[33MWARN[39M]: Simulating Linux command on Windows: command -v mysql
09:57:45 [[33MWARN[39M]: Simulating Linux command on Windows: command -v psql
09:57:45 [[33MWARN[39M]: Simulating Linux command on Windows: command -v docker
09:57:45 [[33MWARN[39M]: Simulating Linux command on Windows: command -v nginx
09:57:45 [[33MWARN[39M]: Simulating Linux command on Windows: command -v syncthing
[0mGET /api/system/check-install [32m200[0m 5.095 ms - 157[0m
[0mGET /api/database [32m200[0m 5.548 ms - 143[0m
[0mGET / [32m200[0m 1.566 ms - 21770[0m
[0mGET /css/bootstrap.min.css [36m304[0m 0.956 ms - -[0m
[0mGET /css/bootstrap-icons.css [36m304[0m 0.920 ms - -[0m
[0mGET /images/logo.png [36m304[0m 1.297 ms - -[0m
[0mGET /css/app.css [36m304[0m 1.124 ms - -[0m
[0mGET /js/bootstrap.bundle.min.js [36m304[0m 0.888 ms - -[0m
[0mGET /js/app.js [36m304[0m 0.269 ms - -[0m
[0mGET /css/fonts.css [36m304[0m 0.298 ms - -[0m
[0mGET /js/bootstrap.bundle.min.js.map [33m404[0m 0.638 ms - 82[0m
[0mGET /images/bg.png [36m304[0m 0.321 ms - -[0m
[0mGET /fonts/inter-latin.woff2 [36m304[0m 0.275 ms - -[0m
[0mGET /css/bootstrap.min.css.map [33m404[0m 1.111 ms - 77[0m
[0mGET /api/auth/sso/config [32m200[0m 1.633 ms - 96[0m
[0mGET /api/auth/profile [32m200[0m 1.851 ms - 3779[0m
[0mGET /api/auth/ldap/config [32m200[0m 0.742 ms - 502[0m
09:58:31 [[33MWARN[39M]: AutoHeal: Nginx is inactive. Attempt #3 to restart...
09:58:31 [[33MWARN[39M]: AutoHeal: Apache is inactive. Attempt #3 to restart...
09:58:31 [[33MWARN[39M]: AutoHeal: MySQL is inactive. Attempt #3 to restart...
09:58:31 [[33MWARN[39M]: AutoHeal: PostgreSQL is inactive. Attempt #3 to restart...
09:58:31 [[33MWARN[39M]: AutoHeal: Redis is inactive. Attempt #3 to restart...
09:58:31 [[33MWARN[39M]: AutoHeal: Docker is inactive. Attempt #3 to restart...
09:58:31 [[33MWARN[39M]: AutoHeal: SSH is inactive. Attempt #3 to restart...
09:58:31 [[33MWARN[39M]: AutoHeal: UFW Firewall is inactive. Attempt #3 to restart...
09:58:31 [[33MWARN[39M]: AutoHeal: Docker daemon is down. Attempt #3 to restart...
[0mGET / [32m200[0m 1.535 ms - 21770[0m
[0mGET /css/bootstrap.min.css [36m304[0m 0.852 ms - -[0m
[0mGET /css/bootstrap-icons.css [36m304[0m 0.740 ms - -[0m
[0mGET /css/app.css [36m304[0m 0.725 ms - -[0m
[0mGET /images/logo.png [36m304[0m 1.132 ms - -[0m
[0mGET /js/bootstrap.bundle.min.js [36m304[0m 0.690 ms - -[0m
[0mGET /js/app.js [36m304[0m 0.348 ms - -[0m
[0mGET /css/fonts.css [36m304[0m 0.305 ms - -[0m
[0mGET /js/bootstrap.bundle.min.js.map [33m404[0m 0.433 ms - 82[0m
[0mGET /images/bg.png [36m304[0m 0.283 ms - -[0m
[0mGET /fonts/inter-latin.woff2 [36m304[0m 0.621 ms - -[0m
[0mGET /api/auth/sso/config [32m200[0m 0.632 ms - 96[0m
[0mGET /css/bootstrap.min.css.map [33m404[0m 0.626 ms - 77[0m
[0mGET /api/auth/profile [32m200[0m 1.758 ms - 3779[0m
[0mGET /api/auth/ldap/config [32m200[0m 0.623 ms - 502[0m
[0mPOST /api/auth/login [32m200[0m 71.339 ms - 4069[0m
[0mGET /dashboard [32m200[0m 4.127 ms - 47860[0m
[0mGET /css/bootstrap.min.css [36m304[0m 1.564 ms - -[0m
[0mGET /css/bootstrap-icons.css [36m304[0m 1.545 ms - -[0m
[0mGET /css/app.css [36m304[0m 2.433 ms - -[0m
[0mGET /images/logo.png [36m304[0m 1.193 ms - -[0m
[0mGET /js/bootstrap.bundle.min.js [36m304[0m 1.103 ms - -[0m
[0mGET /js/app.js [36m304[0m 0.794 ms - -[0m
[0mGET /js/chart-4.4.1.min.js [36m304[0m 0.819 ms - -[0m
[0mGET /css/fonts.css [36m304[0m 0.413 ms - -[0m
[0mGET /images/bg.png [36m304[0m 0.516 ms - -[0m
[0mGET /js/bootstrap.bundle.min.js.map [33m404[0m 0.755 ms - 82[0m
[0mGET /fonts/inter-latin.woff2 [36m304[0m 1.042 ms - -[0m
[0mGET /fonts/jetbrains-mono-latin.woff2 [36m304[0m 1.037 ms - -[0m
[0mGET /css/bootstrap.min.css.map [33m404[0m 0.655 ms - 77[0m
[0mGET /js/chart.umd.js.map [33m404[0m 0.525 ms - 71[0m
[0mGET /api/auth/profile [32m200[0m 1.829 ms - 3779[0m
[0mGET /api/auth/profile [32m200[0m 2.776 ms - 3779[0m
[0mGET /api/system/services [32m200[0m 517.827 ms - 162[0m
09:59:04 [[33MWARN[39M]: Simulating Linux command on Windows: command -v mysql
09:59:04 [[33MWARN[39M]: Simulating Linux command on Windows: command -v psql
09:59:04 [[33MWARN[39M]: Simulating Linux command on Windows: command -v docker
09:59:04 [[33MWARN[39M]: Simulating Linux command on Windows: command -v nginx
09:59:04 [[33MWARN[39M]: Simulating Linux command on Windows: command -v syncthing
[0mGET /api/system/check-install [32m200[0m 520.007 ms - 157[0m
[0mGET /api/dashboard/metrics [32m200[0m 1618.739 ms - 1281[0m
[0mGET /api/dashboard/metrics [32m200[0m 1435.253 ms - 1281[0m
[0mGET /api/dashboard/metrics [32m200[0m 1496.691 ms - 1281[0m
[0mGET /api/system/services [32m200[0m 1.657 ms - 162[0m
[0mGET /api/dashboard/metrics [32m200[0m 1520.900 ms - 1283[0m
[0mGET /api/dashboard/metrics [32m200[0m 1397.282 ms - 1281[0m
[0mGET /api/dashboard/metrics [32m200[0m 1417.271 ms - 1280[0m
[0mGET /api/dashboard/metrics [32m200[0m 1526.202 ms - 1283[0m
[0mGET /api/system/services [32m200[0m 1.415 ms - 162[0m
[0mGET /api/dashboard/metrics [32m200[0m 1414.060 ms - 1283[0m
[0mGET /api/dashboard/metrics [32m200[0m 1575.575 ms - 1283[0m
[0mGET /api/dashboard/metrics [32m200[0m 1747.766 ms - 1282[0m
[0mGET /api/system/services [32m200[0m 473.778 ms - 162[0m
[0mGET /api/dashboard/metrics [32m200[0m 1612.510 ms - 1282[0m
[0mGET /api/dashboard/metrics [32m200[0m 1566.027 ms - 1283[0m
[0mGET /api/dashboard/metrics [32m200[0m 1477.822 ms - 1282[0m
[0mGET / [32m200[0m 1.573 ms - 21770[0m
[0mGET /css/bootstrap.min.css [36m304[0m 0.936 ms - -[0m
[0mGET /css/bootstrap-icons.css [36m304[0m 1.578 ms - -[0m
[0mGET /css/app.css [36m304[0m 1.438 ms - -[0m
[0mGET /images/logo.png [36m304[0m 1.443 ms - -[0m
[0mGET /js/bootstrap.bundle.min.js [36m304[0m 1.515 ms - -[0m
[0mGET /css/fonts.css [36m304[0m 0.520 ms - -[0m
[0mGET /js/app.js [36m304[0m 0.529 ms - -[0m
[0mGET /js/bootstrap.bundle.min.js.map [33m404[0m 0.464 ms - 82[0m
[0mGET /images/bg.png [36m304[0m 0.310 ms - -[0m
[0mGET /fonts/inter-latin.woff2 [36m304[0m 0.309 ms - -[0m
[0mGET /api/auth/sso/config [32m200[0m 1.050 ms - 96[0m
[0mGET /css/bootstrap.min.css.map [33m404[0m 0.579 ms - 77[0m
[0mGET /api/auth/profile [32m200[0m 2.910 ms - 3779[0m
[0mGET /api/auth/ldap/config [32m200[0m 1.066 ms - 502[0m
[0mGET / [32m200[0m 2.023 ms - 21770[0m
[0mGET /css/bootstrap.min.css [36m304[0m 0.614 ms - -[0m
[0mGET /css/bootstrap-icons.css [36m304[0m 1.135 ms - -[0m
[0mGET /css/app.css [36m304[0m 0.973 ms - -[0m
[0mGET /images/logo.png [36m304[0m 0.836 ms - -[0m
[0mGET /js/bootstrap.bundle.min.js [36m304[0m 0.514 ms - -[0m
[0mGET /js/app.js [36m304[0m 0.387 ms - -[0m
[0mGET /css/fonts.css [36m304[0m 0.355 ms - -[0m
[0mGET /images/bg.png [36m304[0m 0.369 ms - -[0m
[0mGET /js/bootstrap.bundle.min.js.map [33m404[0m 0.472 ms - 82[0m
[0mGET /fonts/inter-latin.woff2 [36m304[0m 0.487 ms - -[0m
[0mGET /css/bootstrap.min.css.map [33m404[0m 0.760 ms - 77[0m
[0mGET /api/auth/sso/config [32m200[0m 1.371 ms - 96[0m
[0mGET /api/auth/profile [32m200[0m 1.848 ms - 3779[0m
[0mGET /api/auth/ldap/config [32m200[0m 1.348 ms - 502[0m
[0mGET /database [32m200[0m 4.531 ms - 47239[0m
[0mGET /css/bootstrap.min.css [36m304[0m 0.655 ms - -[0m
[0mGET /css/bootstrap-icons.css [36m304[0m 1.627 ms - -[0m
[0mGET /css/app.css [36m304[0m 1.388 ms - -[0m
[0mGET /images/logo.png [36m304[0m 1.317 ms - -[0m
[0mGET /js/bootstrap.bundle.min.js [36m304[0m 0.788 ms - -[0m
[0mGET /css/fonts.css [36m304[0m 0.753 ms - -[0m
[0mGET /js/app.js [36m304[0m 0.685 ms - -[0m
[0mGET /js/database.js [36m304[0m 0.806 ms - -[0m
[0mGET /js/bootstrap.bundle.min.js.map [33m404[0m 1.759 ms - 82[0m
[0mGET /images/bg.png [36m304[0m 0.583 ms - -[0m
[0mGET /fonts/inter-latin.woff2 [36m304[0m 0.699 ms - -[0m
[0mGET /fonts/jetbrains-mono-latin.woff2 [36m304[0m 0.740 ms - -[0m
[0mGET /css/bootstrap.min.css.map [33m404[0m 0.527 ms - 77[0m
[0mGET /api/auth/profile [32m200[0m 2.757 ms - 3779[0m
10:00:42 [[33MWARN[39M]: Simulating Linux command on Windows: command -v mysql
10:00:42 [[33MWARN[39M]: Simulating Linux command on Windows: command -v psql
10:00:42 [[33MWARN[39M]: Simulating Linux command on Windows: command -v docker
10:00:42 [[33MWARN[39M]: Simulating Linux command on Windows: command -v nginx
10:00:42 [[33MWARN[39M]: Simulating Linux command on Windows: command -v syncthing
[0mGET /api/system/check-install [32m200[0m 5.273 ms - 157[0m
[0mGET /api/database [32m200[0m 56.661 ms - 143[0m
[0mGET /database [32m200[0m 3.624 ms - 47239[0m
[0mGET /css/bootstrap.min.css [36m304[0m 0.657 ms - -[0m
[0mGET /css/bootstrap-icons.css [36m304[0m 1.409 ms - -[0m
[0mGET /css/app.css [36m304[0m 1.264 ms - -[0m
[0mGET /images/logo.png [36m304[0m 0.888 ms - -[0m
[0mGET /js/bootstrap.bundle.min.js [36m304[0m 1.021 ms - -[0m
[0mGET /css/fonts.css [36m304[0m 1.417 ms - -[0m
[0mGET /js/app.js [36m304[0m 1.332 ms - -[0m
[0mGET /js/database.js [36m304[0m 1.390 ms - -[0m
[0mGET /js/bootstrap.bundle.min.js.map [33m404[0m 0.474 ms - 82[0m
[0mGET /images/bg.png [36m304[0m 0.439 ms - -[0m
[0mGET /fonts/inter-latin.woff2 [36m304[0m 0.525 ms - -[0m
[0mGET /fonts/jetbrains-mono-latin.woff2 [36m304[0m 0.500 ms - -[0m
[0mGET /css/bootstrap.min.css.map [33m404[0m 1.229 ms - 77[0m
[0mGET /api/auth/profile [32m200[0m 2.756 ms - 3779[0m
10:01:28 [[33MWARN[39M]: Simulating Linux command on Windows: command -v mysql
10:01:28 [[33MWARN[39M]: Simulating Linux command on Windows: command -v psql
10:01:28 [[33MWARN[39M]: Simulating Linux command on Windows: command -v docker
10:01:28 [[33MWARN[39M]: Simulating Linux command on Windows: command -v nginx
10:01:28 [[33MWARN[39M]: Simulating Linux command on Windows: command -v syncthing
[0mGET /api/system/check-install [32m200[0m 4.556 ms - 157[0m
[0mGET /api/database [32m200[0m 38.719 ms - 143[0m
[0mGET /database [32m200[0m 3.355 ms - 47239[0m
[0mGET /css/bootstrap.min.css [36m304[0m 0.878 ms - -[0m
[0mGET /css/bootstrap-icons.css [36m304[0m 1.582 ms - -[0m
[0mGET /css/app.css [36m304[0m 1.200 ms - -[0m
[0mGET /images/logo.png [36m304[0m 0.792 ms - -[0m
[0mGET /js/bootstrap.bundle.min.js [36m304[0m 0.809 ms - -[0m
[0mGET /css/fonts.css [36m304[0m 0.986 ms - -[0m
[0mGET /js/app.js [36m304[0m 0.838 ms - -[0m
[0mGET /js/database.js [36m304[0m 1.314 ms - -[0m
[0mGET /js/bootstrap.bundle.min.js.map [33m404[0m 0.529 ms - 82[0m
[0mGET /images/bg.png [36m304[0m 0.342 ms - -[0m
[0mGET /fonts/inter-latin.woff2 [36m304[0m 0.496 ms - -[0m
[0mGET /fonts/jetbrains-mono-latin.woff2 [36m304[0m 0.470 ms - -[0m
[0mGET /api/auth/profile [32m200[0m 2.518 ms - 3779[0m
10:02:12 [[33MWARN[39M]: Simulating Linux command on Windows: command -v mysql
10:02:12 [[33MWARN[39M]: Simulating Linux command on Windows: command -v psql
10:02:12 [[33MWARN[39M]: Simulating Linux command on Windows: command -v docker
10:02:12 [[33MWARN[39M]: Simulating Linux command on Windows: command -v nginx
10:02:12 [[33MWARN[39M]: Simulating Linux command on Windows: command -v syncthing
[0mGET /api/system/check-install [32m200[0m 5.221 ms - 157[0m
[0mGET /css/bootstrap.min.css.map [33m404[0m 6.705 ms - 77[0m
[0mGET /api/database [32m200[0m 39.925 ms - 143[0m
[0mGET /api/database/schemas?type=postgres&name=testdb [32m200[0m 47.673 ms - 117[0m
[0mGET /api/database/explore?type=postgres&name=testdb&schema=public [32m200[0m 49.602 ms - 103[0m
[0mGET /database [32m200[0m 2.756 ms - 47239[0m
[0mGET /css/bootstrap.min.css [36m304[0m 0.717 ms - -[0m
[0mGET /css/bootstrap-icons.css [36m304[0m 0.714 ms - -[0m
[0mGET /css/app.css [36m304[0m 0.332 ms - -[0m
[0mGET /images/logo.png [36m304[0m 0.514 ms - -[0m
[0mGET /js/bootstrap.bundle.min.js [36m304[0m 0.472 ms - -[0m
[0mGET /js/app.js [36m304[0m 0.588 ms - -[0m
[0mGET /js/database.js [36m304[0m 0.676 ms - -[0m
[0mGET /css/fonts.css [36m304[0m 0.312 ms - -[0m
[0mGET /js/bootstrap.bundle.min.js.map [33m404[0m 0.383 ms - 82[0m
[0mGET /api/auth/profile [32m200[0m 2.170 ms - 3779[0m
10:02:46 [[33MWARN[39M]: Simulating Linux command on Windows: command -v mysql
10:02:46 [[33MWARN[39M]: Simulating Linux command on Windows: command -v psql
10:02:46 [[33MWARN[39M]: Simulating Linux command on Windows: command -v docker
10:02:46 [[33MWARN[39M]: Simulating Linux command on Windows: command -v nginx
10:02:46 [[33MWARN[39M]: Simulating Linux command on Windows: command -v syncthing
[0mGET /api/system/check-install [32m200[0m 4.372 ms - 157[0m
[0mGET /images/bg.png [36m304[0m 0.720 ms - -[0m
[0mGET /fonts/inter-latin.woff2 [36m304[0m 0.473 ms - -[0m
[0mGET /fonts/jetbrains-mono-latin.woff2 [36m304[0m 0.449 ms - -[0m
[0mGET /css/bootstrap.min.css.map [33m404[0m 0.580 ms - 77[0m
[0mGET /api/database [32m200[0m 43.408 ms - 143[0m
[0mGET /api/database/schemas?type=postgres&name=testdb [32m200[0m 35.844 ms - 117[0m
[0mGET /api/database/explore?type=postgres&name=testdb&schema=public [32m200[0m 40.397 ms - 103[0m
[0mGET /database [32m200[0m 4.452 ms - 47239[0m
[0mGET /css/bootstrap.min.css [36m304[0m 0.643 ms - -[0m
[0mGET /css/bootstrap-icons.css [36m304[0m 0.706 ms - -[0m
[0mGET /css/app.css [36m304[0m 1.107 ms - -[0m
[0mGET /images/logo.png [36m304[0m 0.774 ms - -[0m
[0mGET /js/bootstrap.bundle.min.js [36m304[0m 0.762 ms - -[0m
[0mGET /js/app.js [36m304[0m 0.508 ms - -[0m
[0mGET /js/database.js [36m304[0m 0.533 ms - -[0m
[0mGET /css/fonts.css [36m304[0m 0.252 ms - -[0m
[0mGET /js/bootstrap.bundle.min.js.map [33m404[0m 0.450 ms - 82[0m
[0mGET /api/auth/profile [32m200[0m 1.762 ms - 3779[0m
10:03:29 [[33MWARN[39M]: Simulating Linux command on Windows: command -v mysql
10:03:29 [[33MWARN[39M]: Simulating Linux command on Windows: command -v psql
10:03:29 [[33MWARN[39M]: Simulating Linux command on Windows: command -v docker
10:03:29 [[33MWARN[39M]: Simulating Linux command on Windows: command -v nginx
10:03:29 [[33MWARN[39M]: Simulating Linux command on Windows: command -v syncthing
[0mGET /api/system/check-install [32m200[0m 3.529 ms - 157[0m
[0mGET /images/bg.png [36m304[0m 1.323 ms - -[0m
[0mGET /fonts/inter-latin.woff2 [36m304[0m 0.935 ms - -[0m
[0mGET /fonts/jetbrains-mono-latin.woff2 [36m304[0m 0.537 ms - -[0m
[0mGET /css/bootstrap.min.css.map [33m404[0m 0.584 ms - 77[0m
[0mGET /api/database [32m200[0m 44.302 ms - 143[0m
[0mGET /api/database/schemas?type=postgres&name=testdb [32m200[0m 36.961 ms - 117[0m
[0mGET /api/database/explore?type=postgres&name=testdb&schema=public [32m200[0m 39.750 ms - 103[0m
[0mGET /api/database/schemas?type=postgres&name=testdb [32m200[0m 37.203 ms - 117[0m
[0mGET /api/database/explore?type=postgres&name=testdb&schema=public [32m200[0m 41.911 ms - 103[0m
[0mGET /api/database/schemas?type=postgres&name=testdb [32m200[0m 45.665 ms - 117[0m
[0mGET /api/database/explore?type=postgres&name=testdb&schema=public [32m200[0m 41.590 ms - 103[0m
[0mGET /database [32m200[0m 3.023 ms - 47239[0m
[0mGET /css/bootstrap.min.css [36m304[0m 0.611 ms - -[0m
[0mGET /css/bootstrap-icons.css [36m304[0m 0.571 ms - -[0m
[0mGET /css/app.css [36m304[0m 0.388 ms - -[0m
[0mGET /images/logo.png [36m304[0m 0.433 ms - -[0m
[0mGET /js/bootstrap.bundle.min.js [36m304[0m 0.333 ms - -[0m
[0mGET /js/app.js [36m304[0m 0.446 ms - -[0m
[0mGET /js/database.js [36m304[0m 0.448 ms - -[0m
[0mGET /css/fonts.css [36m304[0m 0.469 ms - -[0m
[0mGET /js/bootstrap.bundle.min.js.map [33m404[0m 0.639 ms - 82[0m
[0mGET /images/bg.png [36m304[0m 0.346 ms - -[0m
[0mGET /fonts/inter-latin.woff2 [36m304[0m 0.511 ms - -[0m
[0mGET /fonts/jetbrains-mono-latin.woff2 [36m304[0m 0.464 ms - -[0m
[0mGET /css/bootstrap.min.css.map [33m404[0m 0.784 ms - 77[0m
[0mGET /api/auth/profile [32m200[0m 2.633 ms - 3779[0m
10:04:20 [[33MWARN[39M]: Simulating Linux command on Windows: command -v mysql
10:04:20 [[33MWARN[39M]: Simulating Linux command on Windows: command -v psql
10:04:20 [[33MWARN[39M]: Simulating Linux command on Windows: command -v docker
10:04:20 [[33MWARN[39M]: Simulating Linux command on Windows: command -v nginx
10:04:20 [[33MWARN[39M]: Simulating Linux command on Windows: command -v syncthing
[0mGET /api/system/check-install [32m200[0m 5.772 ms - 157[0m
[0mGET /api/database [32m200[0m 149.833 ms - 143[0m
[0mGET /database [32m200[0m 3.570 ms - 47239[0m
[0mGET /css/bootstrap.min.css [36m304[0m 0.759 ms - -[0m
[0mGET /css/bootstrap-icons.css [36m304[0m 1.243 ms - -[0m
[0mGET /css/app.css [36m304[0m 0.337 ms - -[0m
[0mGET /images/logo.png [36m304[0m 0.538 ms - -[0m
[0mGET /js/bootstrap.bundle.min.js [36m304[0m 0.507 ms - -[0m
[0mGET /js/app.js [36m304[0m 0.590 ms - -[0m
[0mGET /js/database.js [36m304[0m 0.669 ms - -[0m
[0mGET /css/fonts.css [36m304[0m 0.386 ms - -[0m
[0mGET /js/bootstrap.bundle.min.js.map [33m404[0m 0.566 ms - 82[0m
[0mGET /images/bg.png [36m304[0m 0.355 ms - -[0m
[0mGET /fonts/inter-latin.woff2 [36m304[0m 0.474 ms - -[0m
[0mGET /fonts/jetbrains-mono-latin.woff2 [36m304[0m 0.487 ms - -[0m
[0mGET /css/bootstrap.min.css.map [33m404[0m 1.047 ms - 77[0m
[0mGET /api/auth/profile [32m200[0m 2.068 ms - 3779[0m
10:04:52 [[33MWARN[39M]: Simulating Linux command on Windows: command -v mysql
10:04:52 [[33MWARN[39M]: Simulating Linux command on Windows: command -v psql
10:04:52 [[33MWARN[39M]: Simulating Linux command on Windows: command -v docker
10:04:52 [[33MWARN[39M]: Simulating Linux command on Windows: command -v nginx
10:04:52 [[33MWARN[39M]: Simulating Linux command on Windows: command -v syncthing
[0mGET /api/system/check-install [32m200[0m 4.411 ms - 157[0m
[0mGET /api/database [32m200[0m 50.392 ms - 143[0m
[0mGET /database [32m200[0m 2.953 ms - 47239[0m
[0mGET /css/bootstrap.min.css [36m304[0m 0.526 ms - -[0m
[0mGET /css/bootstrap-icons.css [36m304[0m 0.663 ms - -[0m
[0mGET /css/app.css [36m304[0m 0.454 ms - -[0m
[0mGET /images/logo.png [36m304[0m 0.882 ms - -[0m
[0mGET /js/bootstrap.bundle.min.js [36m304[0m 0.493 ms - -[0m
[0mGET /js/app.js [36m304[0m 0.459 ms - -[0m
[0mGET /js/database.js [36m304[0m 0.462 ms - -[0m
[0mGET /css/fonts.css [36m304[0m 0.324 ms - -[0m
[0mGET /js/bootstrap.bundle.min.js.map [33m404[0m 0.766 ms - 82[0m
[0mGET /images/bg.png [36m304[0m 0.275 ms - -[0m
[0mGET /fonts/inter-latin.woff2 [36m304[0m 0.438 ms - -[0m
[0mGET /fonts/jetbrains-mono-latin.woff2 [36m304[0m 0.468 ms - -[0m
[0mGET /css/bootstrap.min.css.map [33m404[0m 0.467 ms - 77[0m
[0mGET /api/auth/profile [32m200[0m 2.265 ms - 3779[0m
10:05:24 [[33MWARN[39M]: Simulating Linux command on Windows: command -v mysql
10:05:24 [[33MWARN[39M]: Simulating Linux command on Windows: command -v psql
10:05:24 [[33MWARN[39M]: Simulating Linux command on Windows: command -v docker
10:05:24 [[33MWARN[39M]: Simulating Linux command on Windows: command -v nginx
10:05:24 [[33MWARN[39M]: Simulating Linux command on Windows: command -v syncthing
[0mGET /api/system/check-install [32m200[0m 4.541 ms - 157[0m
[0mGET /api/database [32m200[0m 39.979 ms - 143[0m
[0mGET /database [32m200[0m 3.405 ms - 47239[0m
[0mGET /css/bootstrap.min.css [36m304[0m 0.599 ms - -[0m
[0mGET /css/bootstrap-icons.css [36m304[0m 0.943 ms - -[0m
[0mGET /css/app.css [36m304[0m 1.089 ms - -[0m
[0mGET /images/logo.png [36m304[0m 0.654 ms - -[0m
[0mGET /js/bootstrap.bundle.min.js [36m304[0m 0.680 ms - -[0m
[0mGET /js/app.js [36m304[0m 0.614 ms - -[0m
[0mGET /js/database.js [36m304[0m 1.253 ms - -[0m
[0mGET /css/fonts.css [36m304[0m 0.295 ms - -[0m
[0mGET /js/bootstrap.bundle.min.js.map [33m404[0m 0.466 ms - 82[0m
[0mGET /api/auth/profile [32m200[0m 1.827 ms - 3779[0m
10:05:48 [[33MWARN[39M]: Simulating Linux command on Windows: command -v mysql
10:05:48 [[33MWARN[39M]: Simulating Linux command on Windows: command -v psql
10:05:48 [[33MWARN[39M]: Simulating Linux command on Windows: command -v docker
10:05:48 [[33MWARN[39M]: Simulating Linux command on Windows: command -v nginx
10:05:48 [[33MWARN[39M]: Simulating Linux command on Windows: command -v syncthing
[0mGET /api/system/check-install [32m200[0m 3.585 ms - 157[0m
[0mGET /images/bg.png [36m304[0m 0.419 ms - -[0m
[0mGET /fonts/inter-latin.woff2 [36m304[0m 0.987 ms - -[0m
[0mGET /fonts/jetbrains-mono-latin.woff2 [36m304[0m 0.477 ms - -[0m
[0mGET /css/bootstrap.min.css.map [33m404[0m 0.592 ms - 77[0m
[0mGET /api/database [32m200[0m 4.668 ms - 143[0m
[0mGET /database [32m200[0m 3.350 ms - 47239[0m
[0mGET /css/bootstrap.min.css [36m304[0m 0.641 ms - -[0m
[0mGET /css/bootstrap-icons.css [36m304[0m 0.574 ms - -[0m
[0mGET /css/app.css [36m304[0m 0.622 ms - -[0m
[0mGET /images/logo.png [36m304[0m 0.511 ms - -[0m
[0mGET /js/bootstrap.bundle.min.js [36m304[0m 0.409 ms - -[0m
[0mGET /css/fonts.css [36m304[0m 0.591 ms - -[0m
[0mGET /js/app.js [36m304[0m 0.798 ms - -[0m
[0mGET /js/database.js [36m304[0m 0.472 ms - -[0m
[0mGET /js/bootstrap.bundle.min.js.map [33m404[0m 0.398 ms - 82[0m
[0mGET /images/bg.png [36m304[0m 0.283 ms - -[0m
[0mGET /fonts/inter-latin.woff2 [36m304[0m 0.517 ms - -[0m
[0mGET /fonts/jetbrains-mono-latin.woff2 [36m304[0m 0.475 ms - -[0m
[0mGET /css/bootstrap.min.css.map [33m404[0m 0.660 ms - 77[0m
[0mGET /api/auth/profile [32m200[0m 2.442 ms - 3779[0m
10:06:37 [[33MWARN[39M]: Simulating Linux command on Windows: command -v mysql
10:06:37 [[33MWARN[39M]: Simulating Linux command on Windows: command -v psql
10:06:37 [[33MWARN[39M]: Simulating Linux command on Windows: command -v docker
10:06:37 [[33MWARN[39M]: Simulating Linux command on Windows: command -v nginx
10:06:37 [[33MWARN[39M]: Simulating Linux command on Windows: command -v syncthing
[0mGET /api/system/check-install [32m200[0m 4.211 ms - 157[0m
[0mGET /api/database [32m200[0m 42.222 ms - 143[0m
[0mGET /api/database/schemas?type=postgres&name=testdb [32m200[0m 33.668 ms - 117[0m
[0mGET /database [32m200[0m 3.346 ms - 47239[0m
[0mGET /css/bootstrap.min.css [36m304[0m 0.560 ms - -[0m
[0mGET /css/bootstrap-icons.css [36m304[0m 0.681 ms - -[0m
[0mGET /css/app.css [36m304[0m 0.751 ms - -[0m
[0mGET /images/logo.png [36m304[0m 0.864 ms - -[0m
[0mGET /js/bootstrap.bundle.min.js [36m304[0m 0.900 ms - -[0m
[0mGET /js/app.js [36m304[0m 0.500 ms - -[0m
[0mGET /js/database.js [36m304[0m 0.480 ms - -[0m
[0mGET /css/fonts.css [36m304[0m 0.468 ms - -[0m
[0mGET /js/bootstrap.bundle.min.js.map [33m404[0m 0.448 ms - 82[0m
[0mGET /images/bg.png [36m304[0m 0.247 ms - -[0m
[0mGET /fonts/inter-latin.woff2 [36m304[0m 0.548 ms - -[0m
[0mGET /fonts/jetbrains-mono-latin.woff2 [36m304[0m 0.510 ms - -[0m
[0mGET /css/bootstrap.min.css.map [33m404[0m 0.675 ms - 77[0m
[0mGET /api/auth/profile [32m200[0m 2.220 ms - 3779[0m
10:07:07 [[33MWARN[39M]: Simulating Linux command on Windows: command -v mysql
10:07:07 [[33MWARN[39M]: Simulating Linux command on Windows: command -v psql
10:07:07 [[33MWARN[39M]: Simulating Linux command on Windows: command -v docker
10:07:07 [[33MWARN[39M]: Simulating Linux command on Windows: command -v nginx
10:07:07 [[33MWARN[39M]: Simulating Linux command on Windows: command -v syncthing
[0mGET /api/system/check-install [32m200[0m 4.653 ms - 157[0m
[0mGET /api/database [32m200[0m 5.142 ms - 143[0m
[0mGET /api/database/schemas?type=postgres&name=testdb [32m200[0m 35.623 ms - 117[0m
[0mGET /api/database/explore?type=postgres&name=testdb&schema=public [32m200[0m 42.176 ms - 103[0m
[0mGET /database [32m200[0m 3.889 ms - 47239[0m
[0mGET /css/bootstrap.min.css [36m304[0m 0.623 ms - -[0m
[0mGET /css/bootstrap-icons.css [36m304[0m 1.188 ms - -[0m
[0mGET /css/app.css [36m304[0m 0.794 ms - -[0m
[0mGET /images/logo.png [36m304[0m 0.666 ms - -[0m
[0mGET /js/bootstrap.bundle.min.js [36m304[0m 0.483 ms - -[0m
[0mGET /css/fonts.css [36m304[0m 0.318 ms - -[0m
[0mGET /js/app.js [36m304[0m 0.564 ms - -[0m
[0mGET /js/database.js [36m304[0m 0.607 ms - -[0m
[0mGET /js/bootstrap.bundle.min.js.map [33m404[0m 0.636 ms - 82[0m
[0mGET /images/bg.png [36m304[0m 0.273 ms - -[0m
[0mGET /fonts/inter-latin.woff2 [36m304[0m 0.491 ms - -[0m
[0mGET /fonts/jetbrains-mono-latin.woff2 [36m304[0m 0.483 ms - -[0m
[0mGET /css/bootstrap.min.css.map [33m404[0m 1.566 ms - 77[0m
[0mGET /api/auth/profile [32m200[0m 2.188 ms - 3779[0m
10:07:53 [[33MWARN[39M]: Simulating Linux command on Windows: command -v mysql
10:07:53 [[33MWARN[39M]: Simulating Linux command on Windows: command -v psql
10:07:53 [[33MWARN[39M]: Simulating Linux command on Windows: command -v docker
10:07:53 [[33MWARN[39M]: Simulating Linux command on Windows: command -v nginx
10:07:53 [[33MWARN[39M]: Simulating Linux command on Windows: command -v syncthing
[0mGET /api/system/check-install [32m200[0m 4.511 ms - 157[0m
[0mGET /api/database [32m200[0m 41.668 ms - 143[0m
[0mGET /api/database/schemas?type=postgres&name=testdb [32m200[0m 151.308 ms - 117[0m
[0mGET /api/database/explore?type=postgres&name=testdb&schema=public [32m200[0m 44.836 ms - 103[0m
[0mGET /database [32m200[0m 3.156 ms - 47239[0m
[0mGET /css/bootstrap.min.css [36m304[0m 0.779 ms - -[0m
[0mGET /css/bootstrap-icons.css [36m304[0m 1.276 ms - -[0m
[0mGET /css/app.css [36m304[0m 1.188 ms - -[0m
[0mGET /images/logo.png [36m304[0m 0.666 ms - -[0m
[0mGET /js/bootstrap.bundle.min.js [36m304[0m 0.665 ms - -[0m
[0mGET /css/fonts.css [36m304[0m 0.584 ms - -[0m
[0mGET /js/app.js [36m304[0m 0.775 ms - -[0m
[0mGET /js/database.js [36m304[0m 0.778 ms - -[0m
[0mGET /js/bootstrap.bundle.min.js.map [33m404[0m 0.551 ms - 82[0m
[0mGET /images/bg.png [36m304[0m 0.359 ms - -[0m
[0mGET /fonts/inter-latin.woff2 [36m304[0m 0.554 ms - -[0m
[0mGET /fonts/jetbrains-mono-latin.woff2 [36m304[0m 0.484 ms - -[0m
[0mGET /css/bootstrap.min.css.map [33m404[0m 0.485 ms - 77[0m
[0mGET /api/auth/profile [32m200[0m 3.328 ms - 3779[0m
10:08:42 [[33MWARN[39M]: Simulating Linux command on Windows: command -v mysql
10:08:42 [[33MWARN[39M]: Simulating Linux command on Windows: command -v psql
10:08:42 [[33MWARN[39M]: Simulating Linux command on Windows: command -v docker
10:08:42 [[33MWARN[39M]: Simulating Linux command on Windows: command -v nginx
10:08:42 [[33MWARN[39M]: Simulating Linux command on Windows: command -v syncthing
[0mGET /api/system/check-install [32m200[0m 5.954 ms - 157[0m
[0mGET /api/database [32m200[0m 37.708 ms - 143[0m
[0mGET /api/database/schemas?type=postgres&name=testdb [32m200[0m 43.031 ms - 117[0m
[0mGET /api/database/explore?type=postgres&name=testdb&schema=public [32m200[0m 45.087 ms - 103[0m
[0mGET /api/database/explore?type=postgres&name=testdb&schema=analytics [32m200[0m 151.128 ms - 104[0m
[0mGET /api/database/explore?type=postgres&name=testdb&schema=analytics [32m200[0m 152.231 ms - 104[0m
[0mGET /api/database/explore?type=postgres&name=testdb&schema=inventory [32m200[0m 44.408 ms - 106[0m
[0mGET /api/database/explore?type=postgres&name=testdb&schema=inventory [32m200[0m 41.183 ms - 106[0m
[0mGET /database [32m200[0m 2.752 ms - 47239[0m
[0mGET /css/bootstrap.min.css [36m304[0m 0.731 ms - -[0m
[0mGET /css/bootstrap-icons.css [36m304[0m 0.683 ms - -[0m
[0mGET /css/app.css [36m304[0m 0.261 ms - -[0m
[0mGET /images/logo.png [36m304[0m 0.612 ms - -[0m
[0mGET /js/bootstrap.bundle.min.js [36m304[0m 0.598 ms - -[0m
[0mGET /css/fonts.css [36m304[0m 0.295 ms - -[0m
[0mGET /js/app.js [36m304[0m 0.751 ms - -[0m
[0mGET /js/database.js [36m304[0m 0.782 ms - -[0m
[0mGET /js/bootstrap.bundle.min.js.map [33m404[0m 0.630 ms - 82[0m
[0mGET /images/bg.png [36m304[0m 0.294 ms - -[0m
[0mGET /fonts/inter-latin.woff2 [36m304[0m 0.499 ms - -[0m
[0mGET /fonts/jetbrains-mono-latin.woff2 [36m304[0m 0.528 ms - -[0m
[0mGET /css/bootstrap.min.css.map [33m404[0m 0.689 ms - 77[0m
[0mGET /api/auth/profile [32m200[0m 2.612 ms - 3779[0m
10:09:26 [[33MWARN[39M]: Simulating Linux command on Windows: command -v mysql
10:09:26 [[33MWARN[39M]: Simulating Linux command on Windows: command -v psql
10:09:26 [[33MWARN[39M]: Simulating Linux command on Windows: command -v docker
10:09:26 [[33MWARN[39M]: Simulating Linux command on Windows: command -v nginx
10:09:26 [[33MWARN[39M]: Simulating Linux command on Windows: command -v syncthing
[0mGET /api/system/check-install [32m200[0m 5.083 ms - 157[0m
[0mGET /api/database [32m200[0m 39.942 ms - 143[0m
[0mGET /api/database/schemas?type=postgres&name=testdb [32m200[0m 38.456 ms - 117[0m
[0mGET /api/database/explore?type=postgres&name=testdb&schema=public [32m200[0m 41.899 ms - 103[0m
[0mGET /api/database/explore?type=postgres&name=testdb&schema=analytics [32m200[0m 39.238 ms - 104[0m
[0mGET /api/database/explore?type=postgres&name=testdb&schema=analytics [32m200[0m 42.298 ms - 104[0m
[0mGET /api/database/table-info?type=postgres&database=testdb&table=events&schema=analytics [32m200[0m 210.921 ms - 471[0m
[0mGET /api/database/table-data?type=postgres&database=testdb&table=events&page=1&limit=50&schema=analytics [32m200[0m 30.869 ms - 128[0m
[0mGET /database [32m200[0m 4.369 ms - 47239[0m
[0mGET /css/bootstrap.min.css [36m304[0m 0.983 ms - -[0m
[0mGET /css/bootstrap-icons.css [36m304[0m 1.497 ms - -[0m
[0mGET /css/app.css [36m304[0m 1.857 ms - -[0m
[0mGET /images/logo.png [36m304[0m 1.081 ms - -[0m
[0mGET /js/bootstrap.bundle.min.js [36m304[0m 1.106 ms - -[0m
[0mGET /css/fonts.css [36m304[0m 0.419 ms - -[0m
[0mGET /js/app.js [36m304[0m 0.819 ms - -[0m
[0mGET /js/database.js [32m200[0m 1.597 ms - 29798[0m
[0mGET /js/bootstrap.bundle.min.js.map [33m404[0m 0.551 ms - 82[0m
[0mGET /images/bg.png [36m304[0m 0.595 ms - -[0m
[0mGET /fonts/inter-latin.woff2 [36m304[0m 0.482 ms - -[0m
[0mGET /fonts/jetbrains-mono-latin.woff2 [36m304[0m 0.425 ms - -[0m
[0mGET /css/bootstrap.min.css.map [33m404[0m 0.588 ms - 77[0m
[0mGET /api/auth/profile [32m200[0m 2.339 ms - 3779[0m
10:11:21 [[33MWARN[39M]: Simulating Linux command on Windows: command -v mysql
10:11:21 [[33MWARN[39M]: Simulating Linux command on Windows: command -v psql
10:11:21 [[33MWARN[39M]: Simulating Linux command on Windows: command -v docker
10:11:21 [[33MWARN[39M]: Simulating Linux command on Windows: command -v nginx
10:11:21 [[33MWARN[39M]: Simulating Linux command on Windows: command -v syncthing
[0mGET /api/system/check-install [32m200[0m 5.060 ms - 157[0m
[0mGET /api/database [32m200[0m 40.407 ms - 143[0m
[0mGET /api/database/schemas?type=postgres&name=testdb [32m200[0m 36.596 ms - 117[0m
[0mGET /api/database/explore?type=postgres&name=testdb&schema=public [32m200[0m 42.815 ms - 103[0m
[0mGET /api/database/explore?type=postgres&name=testdb&schema=analytics [32m200[0m 38.487 ms - 104[0m
[0mGET /api/database/explore?type=postgres&name=testdb&schema=analytics [32m200[0m 41.659 ms - 104[0m
[0mGET / [32m200[0m 1.181 ms - 21770[0m
[0mGET /database [32m200[0m 2.913 ms - 47239[0m
[0mGET /css/bootstrap.min.css [36m304[0m 0.549 ms - -[0m
[0mGET /css/bootstrap-icons.css [36m304[0m 0.761 ms - -[0m
[0mGET /css/app.css [36m304[0m 0.559 ms - -[0m
[0mGET /images/logo.png [36m304[0m 0.908 ms - -[0m
[0mGET /js/bootstrap.bundle.min.js [36m304[0m 0.660 ms - -[0m
[0mGET /js/app.js [36m304[0m 0.607 ms - -[0m
[0mGET /js/database.js [36m304[0m 0.640 ms - -[0m
[0mGET /css/fonts.css [36m304[0m 0.336 ms - -[0m
[0mGET /js/bootstrap.bundle.min.js.map [33m404[0m 0.493 ms - 82[0m
[0mGET /images/bg.png [36m304[0m 0.334 ms - -[0m
[0mGET /fonts/inter-latin.woff2 [36m304[0m 0.718 ms - -[0m
[0mGET /fonts/jetbrains-mono-latin.woff2 [36m304[0m 0.681 ms - -[0m
[0mGET /css/bootstrap.min.css.map [33m404[0m 0.758 ms - 77[0m
[0mGET /api/auth/profile [32m200[0m 3.014 ms - 3779[0m
10:12:43 [[33MWARN[39M]: Simulating Linux command on Windows: command -v mysql
10:12:43 [[33MWARN[39M]: Simulating Linux command on Windows: command -v psql
10:12:43 [[33MWARN[39M]: Simulating Linux command on Windows: command -v docker
10:12:43 [[33MWARN[39M]: Simulating Linux command on Windows: command -v nginx
10:12:43 [[33MWARN[39M]: Simulating Linux command on Windows: command -v syncthing
[0mGET /api/system/check-install [32m200[0m 6.906 ms - 157[0m
[0mGET /api/database [32m200[0m 41.260 ms - 143[0m
[0mGET /api/database/schemas?type=postgres&name=testdb [32m200[0m 35.643 ms - 117[0m
[0mGET /api/database/explore?type=postgres&name=testdb&schema=public [32m200[0m 49.926 ms - 103[0m
[0mGET /database [32m200[0m 2.992 ms - 47239[0m
[0mGET /css/bootstrap.min.css [36m304[0m 0.645 ms - -[0m
[0mGET /css/bootstrap-icons.css [36m304[0m 1.778 ms - -[0m
[0mGET /css/app.css [36m304[0m 1.413 ms - -[0m
[0mGET /images/logo.png [36m304[0m 0.840 ms - -[0m
[0mGET /js/bootstrap.bundle.min.js [36m304[0m 0.533 ms - -[0m
[0mGET /js/app.js [36m304[0m 0.312 ms - -[0m
[0mGET /js/database.js [36m304[0m 0.475 ms - -[0m
[0mGET /css/fonts.css [36m304[0m 0.466 ms - -[0m
[0mGET /js/bootstrap.bundle.min.js.map [33m404[0m 0.872 ms - 82[0m
[0mGET /images/bg.png [36m304[0m 0.360 ms - -[0m
[0mGET /fonts/inter-latin.woff2 [36m304[0m 0.467 ms - -[0m
[0mGET /fonts/jetbrains-mono-latin.woff2 [36m304[0m 0.457 ms - -[0m
[0mGET /css/bootstrap.min.css.map [33m404[0m 0.477 ms - 77[0m
[0mGET /api/auth/profile [32m200[0m 1.796 ms - 3779[0m
10:13:39 [[33MWARN[39M]: Simulating Linux command on Windows: command -v mysql
10:13:39 [[33MWARN[39M]: Simulating Linux command on Windows: command -v psql
10:13:39 [[33MWARN[39M]: Simulating Linux command on Windows: command -v docker
10:13:39 [[33MWARN[39M]: Simulating Linux command on Windows: command -v nginx
10:13:39 [[33MWARN[39M]: Simulating Linux command on Windows: command -v syncthing
[0mGET /api/system/check-install [32m200[0m 4.089 ms - 157[0m
[0mGET /api/database [32m200[0m 154.473 ms - 143[0m
[0mGET /api/database/schemas?type=postgres&name=testdb [32m200[0m 36.784 ms - 117[0m
[0mGET /api/database/explore?type=postgres&name=testdb&schema=public [32m200[0m 148.008 ms - 103[0m
[0mGET /api/database/explore?type=postgres&name=testdb&schema=analytics [32m200[0m 43.997 ms - 104[0m
[0mGET /api/database/explore?type=postgres&name=testdb&schema=analytics [32m200[0m 41.323 ms - 104[0m
[0mGET /api/database/explore?type=postgres&name=testdb&schema=inventory [32m200[0m 44.177 ms - 106[0m
[0mGET /api/database/explore?type=postgres&name=testdb&schema=inventory [32m200[0m 150.659 ms - 106[0m
[0mGET /api/database/explore?type=postgres&name=testdb&schema=analytics [32m200[0m 39.832 ms - 104[0m
[0mGET /api/database/explore?type=postgres&name=testdb&schema=analytics [32m200[0m 43.511 ms - 104[0m
[0mGET /api/database/table-info?type=postgres&database=testdb&table=events&schema=analytics [32m200[0m 67.905 ms - 471[0m
[0mGET /api/database/table-data?type=postgres&database=testdb&table=events&page=1&limit=50&schema=analytics [32m200[0m 34.449 ms - 128[0m
[0mGET /database [32m200[0m 3.078 ms - 47517[0m
[0mGET /css/bootstrap.min.css [36m304[0m 0.590 ms - -[0m
[0mGET /css/bootstrap-icons.css [36m304[0m 0.950 ms - -[0m
[0mGET /css/app.css [36m304[0m 1.130 ms - -[0m
[0mGET /images/logo.png [36m304[0m 0.700 ms - -[0m
[0mGET /js/bootstrap.bundle.min.js [36m304[0m 0.667 ms - -[0m
[0mGET /js/app.js [36m304[0m 0.445 ms - -[0m
[0mGET /js/database.js [32m200[0m 0.859 ms - 30225[0m
[0mGET /css/fonts.css [36m304[0m 0.350 ms - -[0m
[0mGET /js/bootstrap.bundle.min.js.map [33m404[0m 0.417 ms - 82[0m
[0mGET /images/bg.png [36m304[0m 0.233 ms - -[0m
[0mGET /fonts/inter-latin.woff2 [36m304[0m 0.537 ms - -[0m
[0mGET /fonts/jetbrains-mono-latin.woff2 [36m304[0m 0.470 ms - -[0m
[0mGET /css/bootstrap.min.css.map [33m404[0m 0.457 ms - 77[0m
[0mGET /api/auth/profile [32m200[0m 2.839 ms - 3779[0m
10:19:14 [[33MWARN[39M]: Simulating Linux command on Windows: command -v mysql
10:19:14 [[33MWARN[39M]: Simulating Linux command on Windows: command -v psql
10:19:14 [[33MWARN[39M]: Simulating Linux command on Windows: command -v docker
10:19:14 [[33MWARN[39M]: Simulating Linux command on Windows: command -v nginx
10:19:14 [[33MWARN[39M]: Simulating Linux command on Windows: command -v syncthing
[0mGET /api/system/check-install [32m200[0m 5.420 ms - 157[0m
[0mGET /api/database [32m200[0m 46.518 ms - 143[0m
[0mGET /api/database/schemas?type=postgres&name=testdb [32m200[0m 39.991 ms - 117[0m
[0mGET /api/database/explore?type=postgres&name=testdb&schema=public [32m200[0m 37.603 ms - 103[0m
[0mGET /api/database/explore?type=postgres&name=testdb&schema=analytics [32m200[0m 40.810 ms - 104[0m
[0mGET /api/database/explore?type=postgres&name=testdb&schema=analytics [32m200[0m 40.636 ms - 104[0m
[0mGET /api/database/table-info?type=postgres&database=testdb&table=events&schema=analytics [32m200[0m 70.082 ms - 471[0m
[0mGET /api/database/table-data?type=postgres&database=testdb&table=events&page=1&limit=50&schema=analytics [32m200[0m 30.816 ms - 128[0m
[0mPOST /api/auth/login [32m200[0m 79.308 ms - 4038[0m
[0mGET /database [32m200[0m 4.176 ms - 47517[0m
[0mGET /css/bootstrap.min.css [36m304[0m 1.658 ms - -[0m
[0mGET /css/bootstrap-icons.css [36m304[0m 1.530 ms - -[0m
[0mGET /css/app.css [36m304[0m 1.538 ms - -[0m
[0mGET /images/logo.png [36m304[0m 0.869 ms - -[0m
[0mGET /js/bootstrap.bundle.min.js [36m304[0m 0.399 ms - -[0m
[0mGET /js/app.js [36m304[0m 0.485 ms - -[0m
[0mGET /js/database.js [36m304[0m 0.488 ms - -[0m
[0mGET /css/fonts.css [36m304[0m 0.375 ms - -[0m
[0mGET /js/bootstrap.bundle.min.js.map [33m404[0m 0.537 ms - 82[0m
[0mGET /images/bg.png [36m304[0m 0.659 ms - -[0m
[0mGET /fonts/inter-latin.woff2 [36m304[0m 0.653 ms - -[0m
[0mGET /fonts/jetbrains-mono-latin.woff2 [36m304[0m 0.559 ms - -[0m
[0mGET /css/bootstrap.min.css.map [33m404[0m 0.479 ms - 77[0m
[0mGET /api/auth/profile [33m401[0m 1.990 ms - 95[0m
[0mGET /api/system/check-install [33m401[0m 3.327 ms - 95[0m
[0mPOST /api/auth/refresh [33m401[0m 1.015 ms - 101[0m
[0mPOST /api/auth/logout [33m401[0m 1.358 ms - 95[0m
[0mPOST /api/auth/logout [33m401[0m 0.362 ms - 101[0m
[0mPOST /api/auth/logout [33m401[0m 0.270 ms - 101[0m
[0mPOST /api/auth/refresh [33m401[0m 0.565 ms - 101[0m
[0mGET /api/database [33m401[0m 2.482 ms - 101[0m
[0mPOST /api/auth/logout [33m401[0m 0.440 ms - 101[0m
[0mPOST /api/auth/logout [33m401[0m 0.217 ms - 101[0m
[0mGET / [32m200[0m 6.348 ms - 21770[0m
[0mPOST /api/auth/logout [33m401[0m 0.391 ms - 101[0m
[0mPOST /api/auth/refresh [33m401[0m 0.591 ms - 101[0m
[0mPOST /api/auth/logout [33m401[0m 0.353 ms - 101[0m
[0mPOST /api/auth/logout [33m401[0m 0.234 ms - 101[0m
[0mPOST /api/auth/logout [33m401[0m 0.227 ms - 101[0m
[0mPOST /api/auth/logout [33m401[0m 0.211 ms - 101[0m
[0mGET / [32m200[0m 4.629 ms - 21770[0m
[0mPOST /api/auth/refresh [33m401[0m 0.508 ms - 101[0m
[0mGET / [32m200[0m 4.485 ms - 21770[0m
[0mGET / [32m200[0m 4.461 ms - 21770[0m
[0mPOST /api/auth/logout [33m401[0m 0.348 ms - 101[0m
[0mPOST /api/auth/logout [33m401[0m 0.333 ms - 101[0m
[0mPOST /api/auth/logout [33m401[0m 0.342 ms - 101[0m
[0mPOST /api/auth/logout [33m401[0m 0.242 ms - 101[0m
[0mPOST /api/auth/refresh [33m401[0m 0.319 ms - 101[0m
[0mGET / [0m-[0m - ms - -[0m
[0mGET / [0m-[0m - ms - -[0m
[0mGET / [0m-[0m - ms - -[0m
[0mPOST /api/auth/logout [33m401[0m 0.294 ms - 101[0m
[0mPOST /api/auth/logout [33m401[0m 0.227 ms - 101[0m
[0mPOST /api/auth/logout [33m401[0m 0.209 ms - 101[0m
[0mPOST /api/auth/logout [33m401[0m 0.260 ms - 101[0m
[0mGET / [0m-[0m - ms - -[0m
[0mPOST /api/auth/refresh [33m401[0m 0.395 ms - 101[0m
[0mGET / [0m-[0m - ms - -[0m
[0mGET / [0m-[0m - ms - -[0m
[0mPOST /api/auth/logout [33m401[0m 0.321 ms - 101[0m
[0mPOST /api/auth/logout [33m401[0m 0.180 ms - 101[0m
[0mPOST /api/auth/logout [33m401[0m 0.195 ms - 101[0m
[0mGET / [0m-[0m - ms - -[0m
[0mPOST /api/auth/logout [33m401[0m 0.188 ms - 101[0m
[0mPOST /api/auth/refresh [33m401[0m 0.278 ms - 101[0m
[0mGET / [0m-[0m - ms - -[0m
[0mGET / [0m-[0m - ms - -[0m
[0mGET / [0m-[0m - ms - -[0m
[0mGET / [0m-[0m - ms - -[0m
[0mPOST /api/auth/logout [33m401[0m 0.203 ms - 101[0m
[0mPOST /api/auth/logout [33m401[0m 0.216 ms - 101[0m
[0mPOST /api/auth/logout [33m401[0m 0.186 ms - 101[0m
[0mPOST /api/auth/logout [33m401[0m 0.172 ms - 101[0m
[0mPOST /api/auth/refresh [33m401[0m 0.336 ms - 101[0m
[0mGET / [0m-[0m - ms - -[0m
[0mGET / [0m-[0m - ms - -[0m
[0mGET / [32m200[0m 2.306 ms - 21770[0m
[0mPOST /api/auth/logout [33m401[0m 0.198 ms - 101[0m
[0mPOST /api/auth/logout [33m401[0m 0.207 ms - 101[0m
[0mPOST /api/auth/logout [33m401[0m 0.212 ms - 101[0m
[0mPOST /api/auth/logout [33m401[0m 0.192 ms - 101[0m
[0mGET / [0m-[0m - ms - -[0m
[0mPOST /api/auth/refresh [33m401[0m 0.434 ms - 101[0m
[0mGET / [0m-[0m - ms - -[0m
[0mPOST /api/auth/logout [33m401[0m 0.193 ms - 101[0m
[0mGET / [0m-[0m - ms - -[0m
[0mPOST /api/auth/logout [33m401[0m 0.176 ms - 101[0m
[0mPOST /api/auth/logout [33m401[0m 0.196 ms - 101[0m
[0mPOST /api/auth/logout [33m401[0m 0.163 ms - 101[0m
[0mPOST /api/auth/refresh [33m401[0m 0.291 ms - 101[0m
[0mGET / [0m-[0m - ms - -[0m
[0mGET / [0m-[0m - ms - -[0m
[0mPOST /api/auth/logout [33m401[0m 0.221 ms - 101[0m
[0mPOST /api/auth/logout [33m401[0m 0.290 ms - 101[0m
[0mGET / [0m-[0m - ms - -[0m
[0mPOST /api/auth/logout [33m401[0m 0.190 ms - 101[0m
[0mPOST /api/auth/logout [33m401[0m 0.205 ms - 101[0m
[0mGET / [0m-[0m - ms - -[0m
[0mPOST /api/auth/refresh [33m401[0m 0.327 ms - 101[0m
[0mGET / [0m-[0m - ms - -[0m
[0mPOST /api/auth/logout [33m401[0m 0.217 ms - 101[0m
[0mGET / [32m200[0m 3.892 ms - 21770[0m
[0mPOST /api/auth/logout [33m401[0m 0.212 ms - 101[0m
[0mPOST /api/auth/logout [33m401[0m 0.180 ms - 101[0m
[0mPOST /api/auth/logout [33m401[0m 0.245 ms - 101[0m
[0mPOST /api/auth/refresh [33m401[0m 0.607 ms - 101[0m
[0mGET / [0m-[0m - ms - -[0m
[0mGET / [32m200[0m 3.664 ms - 21770[0m
[0mGET / [0m-[0m - ms - -[0m
[0mPOST /api/auth/logout [33m401[0m 0.195 ms - 101[0m
[0mPOST /api/auth/logout [33m401[0m 0.226 ms - 101[0m
[0mPOST /api/auth/logout [33m401[0m 0.210 ms - 101[0m
[0mPOST /api/auth/logout [33m401[0m 0.190 ms - 101[0m
[0mGET / [0m-[0m - ms - -[0m
[0mPOST /api/auth/refresh [33m401[0m 0.316 ms - 101[0m
[0mGET / [32m200[0m 4.544 ms - 21770[0m
[0mGET / [0m-[0m - ms - -[0m
[0mPOST /api/auth/logout [33m401[0m 0.287 ms - 101[0m
[0mPOST /api/auth/logout [33m401[0m 0.263 ms - 101[0m
[0mGET / [32m200[0m 6.217 ms - 21770[0m
[0mPOST /api/auth/logout [33m401[0m 0.187 ms - 101[0m
[0mPOST /api/auth/refresh [33m401[0m 0.309 ms - 101[0m
[0mPOST /api/auth/logout [33m401[0m 0.175 ms - 101[0m
[0mGET / [0m-[0m - ms - -[0m
[0mGET / [0m-[0m - ms - -[0m
[0mPOST /api/auth/logout [33m401[0m 0.200 ms - 101[0m
[0mPOST /api/auth/logout [33m401[0m 0.182 ms - 101[0m
[0mGET / [0m-[0m - ms - -[0m
[0mGET / [32m200[0m 4.155 ms - 21770[0m
[0mPOST /api/auth/logout [33m401[0m 0.170 ms - 101[0m
[0mPOST /api/auth/refresh [33m401[0m 0.246 ms - 101[0m
[0mGET / [0m-[0m - ms - -[0m
[0mGET / [0m-[0m - ms - -[0m
[0mPOST /api/auth/logout [33m401[0m 0.188 ms - 101[0m
[0mPOST /api/auth/logout [33m401[0m 0.269 ms - 101[0m
[0mGET / [32m200[0m 4.393 ms - 21770[0m
[0mPOST /api/auth/logout [33m401[0m 0.187 ms - 101[0m
[0mPOST /api/auth/logout [33m401[0m 0.163 ms - 101[0m
[0mPOST /api/auth/refresh [33m401[0m 0.281 ms - 101[0m
[0mGET / [0m-[0m - ms - -[0m
[0mGET / [0m-[0m - ms - -[0m
[0mPOST /api/auth/logout [33m401[0m 0.204 ms - 101[0m
[0mPOST /api/auth/logout [33m401[0m 0.185 ms - 101[0m
[0mPOST /api/auth/logout [33m401[0m 0.211 ms - 101[0m
[0mPOST /api/auth/logout [33m401[0m 0.185 ms - 101[0m
[0mGET / [0m-[0m - ms - -[0m
[0mPOST /api/auth/refresh [33m401[0m 0.489 ms - 101[0m
[0mGET / [0m-[0m - ms - -[0m
[0mGET / [0m-[0m - ms - -[0m
[0mPOST /api/auth/logout [33m401[0m 0.186 ms - 101[0m
[0mPOST /api/auth/logout [33m401[0m 0.166 ms - 101[0m
[0mGET / [32m200[0m 5.450 ms - 21770[0m
[0mPOST /api/auth/logout [33m401[0m 0.182 ms - 101[0m
[0mPOST /api/auth/logout [33m401[0m 0.276 ms - 101[0m
[0mGET / [0m-[0m - ms - -[0m
[0mPOST /api/auth/refresh [33m401[0m 0.466 ms - 101[0m
[0mGET / [32m200[0m 6.070 ms - 21770[0m
[0mGET / [0m-[0m - ms - -[0m
[0mPOST /api/auth/logout [33m401[0m 0.166 ms - 101[0m
[0mPOST /api/auth/logout [33m401[0m 0.226 ms - 101[0m
[0mPOST /api/auth/logout [33m401[0m 0.193 ms - 101[0m
[0mPOST /api/auth/logout [33m401[0m 0.165 ms - 101[0m
[0mGET / [0m-[0m - ms - -[0m
[0mPOST /api/auth/refresh [33m401[0m 0.273 ms - 101[0m
[0mGET / [0m-[0m - ms - -[0m
[0mGET / [32m200[0m 2.270 ms - 21770[0m
[0mPOST /api/auth/logout [33m401[0m 0.240 ms - 101[0m
[0mPOST /api/auth/logout [33m401[0m 0.204 ms - 101[0m
[0mPOST /api/auth/logout [33m401[0m 0.231 ms - 101[0m
[0mPOST /api/auth/logout [33m401[0m 0.254 ms - 101[0m
[0mGET / [0m-[0m - ms - -[0m
[0mPOST /api/auth/refresh [33m401[0m 0.349 ms - 101[0m
[0mGET / [0m-[0m - ms - -[0m
[0mGET / [0m-[0m - ms - -[0m
[0mGET / [0m-[0m - ms - -[0m
[0mGET / [0m-[0m - ms - -[0m
[0mPOST /api/auth/logout [33m401[0m 0.322 ms - 101[0m
[0mPOST /api/auth/logout [33m401[0m 0.291 ms - 101[0m
[0mPOST /api/auth/logout [33m401[0m 0.278 ms - 101[0m
[0mPOST /api/auth/logout [33m401[0m 0.298 ms - 101[0m
[0mGET / [0m-[0m - ms - -[0m
[0mPOST /api/auth/refresh [33m401[0m 0.656 ms - 101[0m
[0mGET / [0m-[0m - ms - -[0m
[0mGET / [0m-[0m - ms - -[0m
[0mPOST /api/auth/logout [33m401[0m 0.198 ms - 101[0m
[0mGET / [32m200[0m 4.521 ms - 21770[0m
[0mGET / [32m200[0m 5.494 ms - 21770[0m
[0mPOST /api/auth/logout [33m401[0m 0.190 ms - 101[0m
[0mPOST /api/auth/logout [33m401[0m 0.216 ms - 101[0m
[0mPOST /api/auth/logout [33m401[0m 0.191 ms - 101[0m
[0mPOST /api/auth/refresh [33m401[0m 0.303 ms - 101[0m
[0mGET / [0m-[0m - ms - -[0m
[0mGET / [0m-[0m - ms - -[0m
[0mGET / [0m-[0m - ms - -[0m
[0mGET / [0m-[0m - ms - -[0m
[0mPOST /api/auth/logout [33m401[0m 0.289 ms - 101[0m
[0mPOST /api/auth/logout [33m401[0m 0.277 ms - 101[0m
[0mPOST /api/auth/logout [33m401[0m 0.397 ms - 101[0m
[0mPOST /api/auth/logout [33m401[0m 0.366 ms - 101[0m
[0mPOST /api/auth/refresh [33m401[0m 0.542 ms - 101[0m
[0mGET / [0m-[0m - ms - -[0m
[0mGET / [0m-[0m - ms - -[0m
[0mPOST /api/auth/logout [33m401[0m 0.176 ms - 101[0m
[0mGET / [0m-[0m - ms - -[0m
[0mPOST /api/auth/logout [33m401[0m 0.190 ms - 101[0m
[0mPOST /api/auth/logout [33m401[0m 0.418 ms - 101[0m
[0mPOST /api/auth/logout [33m401[0m 0.207 ms - 101[0m
[0mGET / [0m-[0m - ms - -[0m
[0mPOST /api/auth/refresh [33m401[0m 0.308 ms - 101[0m
[0mGET / [32m200[0m 2.309 ms - 21770[0m
[0mGET / [32m200[0m 4.383 ms - 21770[0m
[0mPOST /api/auth/logout [33m401[0m 0.333 ms - 101[0m
[0mPOST /api/auth/logout [33m401[0m 0.265 ms - 101[0m
[0mPOST /api/auth/logout [33m401[0m 0.236 ms - 101[0m
[0mPOST /api/auth/refresh [33m401[0m 0.354 ms - 101[0m
[0mPOST /api/auth/logout [33m401[0m 0.204 ms - 101[0m
[0mGET / [0m-[0m - ms - -[0m
[0mGET / [0m-[0m - ms - -[0m
[0mPOST /api/auth/logout [33m401[0m 0.217 ms - 101[0m
[0mGET / [32m200[0m 4.784 ms - 21770[0m
[0mPOST /api/auth/logout [33m401[0m 0.230 ms - 101[0m
[0mPOST /api/auth/logout [33m401[0m 0.219 ms - 101[0m
[0mPOST /api/auth/refresh [33m401[0m 0.317 ms - 101[0m
[0mGET / [32m200[0m 2.873 ms - 21770[0m
[0mPOST /api/auth/logout [33m401[0m 0.217 ms - 101[0m
[0mPOST /api/auth/logout [33m401[0m 0.252 ms - 101[0m
[0mPOST /api/auth/logout [33m401[0m 0.210 ms - 101[0m
[0mGET / [32m200[0m 3.654 ms - 21770[0m
[0mPOST /api/auth/logout [33m401[0m 0.209 ms - 101[0m
[0mPOST /api/auth/refresh [33m401[0m 0.344 ms - 101[0m
[0mPOST /api/auth/logout [33m401[0m 0.256 ms - 101[0m
[0mGET / [32m200[0m 2.444 ms - 21770[0m
[0mPOST /api/auth/logout [33m401[0m 0.289 ms - 101[0m
[0mPOST /api/auth/logout [33m401[0m 0.239 ms - 101[0m
[0mPOST /api/auth/logout [33m401[0m 0.240 ms - 101[0m
[0mGET / [0m-[0m - ms - -[0m
[0mPOST /api/auth/refresh [33m401[0m 0.360 ms - 101[0m
[0mGET / [32m200[0m 2.086 ms - 21770[0m
[0mPOST /api/auth/logout [33m401[0m 0.250 ms - 101[0m
[0mPOST /api/auth/logout [33m401[0m 0.201 ms - 101[0m
[0mPOST /api/auth/logout [33m401[0m 0.246 ms - 101[0m
[0mPOST /api/auth/logout [33m401[0m 0.327 ms - 101[0m
[0mPOST /api/auth/refresh [33m401[0m 0.388 ms - 101[0m
[0mPOST /api/auth/logout [33m401[0m 0.270 ms - 101[0m
[0mPOST /api/auth/logout [33m401[0m 0.215 ms - 101[0m
[0mPOST /api/auth/logout [33m401[0m 0.197 ms - 101[0m
[0mPOST /api/auth/logout [33m401[0m 0.212 ms - 101[0m
[0mPOST /api/auth/refresh [33m401[0m 0.393 ms - 101[0m
[0mPOST /api/auth/logout [33m401[0m 0.416 ms - 101[0m
[0mGET / [0m-[0m - ms - -[0m
[0mPOST /api/auth/logout [33m401[0m 0.474 ms - 101[0m
[0mGET / [0m-[0m - ms - -[0m
[0mPOST /api/auth/logout [33m401[0m 0.198 ms - 101[0m
[0mGET / [32m200[0m 2.101 ms - 21770[0m
[0mPOST /api/auth/logout [33m401[0m 0.233 ms - 101[0m
[0mPOST /api/auth/refresh [33m401[0m 0.285 ms - 101[0m
[0mGET / [32m200[0m 2.115 ms - 21770[0m
[0mPOST /api/auth/logout [33m401[0m 0.225 ms - 101[0m
[0mPOST /api/auth/logout [33m401[0m 0.282 ms - 101[0m
[0mPOST /api/auth/logout [33m401[0m 0.188 ms - 101[0m
[0mPOST /api/auth/logout [33m401[0m 0.262 ms - 101[0m
[0mPOST /api/auth/refresh [33m401[0m 0.478 ms - 101[0m
[0mGET / [0m-[0m - ms - -[0m
[0mGET / [0m-[0m - ms - -[0m
[0mPOST /api/auth/logout [33m401[0m 0.198 ms - 101[0m
[0mPOST /api/auth/refresh [33m401[0m 0.285 ms - 101[0m
[0mPOST /api/auth/logout [33m401[0m 0.181 ms - 101[0m
[0mPOST /api/auth/logout [33m401[0m 0.180 ms - 101[0m
[0mPOST /api/auth/logout [33m401[0m 0.167 ms - 101[0m
[0mGET / [0m-[0m - ms - -[0m
[0mGET / [0m-[0m - ms - -[0m
[0mGET / [0m-[0m - ms - -[0m
[0mGET / [0m-[0m - ms - -[0m
[0mGET / [0m-[0m - ms - -[0m
[0mGET / [0m-[0m - ms - -[0m
[0mGET / [0m-[0m - ms - -[0m
[0mGET / [0m-[0m - ms - -[0m
[0mGET / [0m-[0m - ms - -[0m
[0mGET / [0m-[0m - ms - -[0m
[0mGET / [0m-[0m - ms - -[0m
[0mGET / [0m-[0m - ms - -[0m
[0mGET / [0m-[0m - ms - -[0m
[0mGET / [0m-[0m - ms - -[0m
[0mGET / [0m-[0m - ms - -[0m
[0mGET / [0m-[0m - ms - -[0m
[0mGET / [0m-[0m - ms - -[0m
[0mGET / [0m-[0m - ms - -[0m
[0mGET / [0m-[0m - ms - -[0m
[0mGET / [0m-[0m - ms - -[0m
[0mGET / [0m-[0m - ms - -[0m
[0mGET / [0m-[0m - ms - -[0m
[0mGET / [0m-[0m - ms - -[0m
[0mGET / [0m-[0m - ms - -[0m
[0mGET / [0m-[0m - ms - -[0m
[0mGET / [0m-[0m - ms - -[0m
[0mGET / [0m-[0m - ms - -[0m
[0mGET / [0m-[0m - ms - -[0m
[0mGET / [0m-[0m - ms - -[0m
[0mPOST /api/auth/logout [33m401[0m 0.260 ms - 101[0m
[0mPOST /api/auth/refresh [33m401[0m 0.298 ms - 101[0m
[0mGET / [0m-[0m - ms - -[0m
[0mGET / [0m-[0m - ms - -[0m
[0mGET / [0m-[0m - ms - -[0m
[0mGET / [0m-[0m - ms - -[0m
[0mGET / [0m-[0m - ms - -[0m
[0mGET / [0m-[0m - ms - -[0m
[0mGET / [0m-[0m - ms - -[0m
[0mGET / [0m-[0m - ms - -[0m
[0mPOST /api/auth/logout [33m401[0m 0.244 ms - 101[0m
[0mPOST /api/auth/logout [33m401[0m 0.227 ms - 101[0m
[0mPOST /api/auth/logout [33m401[0m 0.279 ms - 101[0m
[0mPOST /api/auth/logout [33m401[0m 0.250 ms - 101[0m
[0mGET / [0m-[0m - ms - -[0m
[0mGET / [0m-[0m - ms - -[0m
[0mGET / [0m-[0m - ms - -[0m
[0mPOST /api/auth/refresh [33m401[0m 0.309 ms - 101[0m
[0mGET / [32m200[0m 5.731 ms - 21770[0m
[0mPOST /api/auth/logout [33m401[0m 0.200 ms - 101[0m
[0mPOST /api/auth/logout [33m401[0m 0.159 ms - 101[0m
[0mPOST /api/auth/logout [33m401[0m 0.247 ms - 101[0m
[0mPOST /api/auth/logout [33m401[0m 0.212 ms - 101[0m
[0mPOST /api/auth/refresh [33m401[0m 0.353 ms - 101[0m
[0mGET / [32m200[0m 1.711 ms - 21770[0m
[0mPOST /api/auth/logout [33m401[0m 0.241 ms - 101[0m
[0mPOST /api/auth/logout [33m401[0m 0.227 ms - 101[0m
[0mPOST /api/auth/logout [33m401[0m 0.281 ms - 101[0m
[0mPOST /api/auth/refresh [33m401[0m 0.373 ms - 101[0m
[0mPOST /api/auth/logout [33m401[0m 0.249 ms - 101[0m
[0mGET / [0m-[0m - ms - -[0m
[0mPOST /api/auth/logout [33m401[0m 0.337 ms - 101[0m
[0mGET / [32m200[0m 5.483 ms - 21770[0m
[0mGET / [32m200[0m 6.655 ms - 21770[0m
[0mPOST /api/auth/logout [33m401[0m 0.277 ms - 101[0m
[0mPOST /api/auth/logout [33m401[0m 0.242 ms - 101[0m
[0mPOST /api/auth/refresh [33m401[0m 0.344 ms - 101[0m
[0mGET / [0m-[0m - ms - -[0m
[0mGET / [0m-[0m - ms - -[0m
[0mGET / [0m-[0m - ms - -[0m
[0mGET / [32m200[0m 3.637 ms - 21770[0m
[0mPOST /api/auth/logout [33m401[0m 0.173 ms - 101[0m
[0mPOST /api/auth/logout [33m401[0m 0.205 ms - 101[0m
[0mPOST /api/auth/logout [33m401[0m 0.169 ms - 101[0m
[0mPOST /api/auth/logout [33m401[0m 0.160 ms - 101[0m
[0mPOST /api/auth/refresh [33m401[0m 0.283 ms - 101[0m
[0mGET / [0m-[0m - ms - -[0m
[0mGET / [0m-[0m - ms - -[0m
[0mPOST /api/auth/logout [33m401[0m 0.263 ms - 101[0m
[0mGET / [32m200[0m 4.942 ms - 21770[0m
[0mPOST /api/auth/logout [33m401[0m 0.233 ms - 101[0m
[0mPOST /api/auth/logout [33m401[0m 0.189 ms - 101[0m
[0mPOST /api/auth/logout [33m401[0m 0.166 ms - 101[0m
[0mGET / [0m-[0m - ms - -[0m
[0mPOST /api/auth/refresh [33m401[0m 0.289 ms - 101[0m
[0mGET / [0m-[0m - ms - -[0m
[0mPOST /api/auth/logout [33m401[0m 0.186 ms - 101[0m
[0mGET / [32m200[0m 3.040 ms - 21770[0m
[0mPOST /api/auth/logout [33m401[0m 0.253 ms - 101[0m
[0mPOST /api/auth/logout [33m401[0m 0.273 ms - 101[0m
[0mPOST /api/auth/logout [33m401[0m 0.273 ms - 101[0m
[0mPOST /api/auth/refresh [33m401[0m 0.468 ms - 101[0m
[0mGET / [0m-[0m - ms - -[0m
[0mGET / [0m-[0m - ms - -[0m
[0mPOST /api/auth/logout [33m401[0m 0.305 ms - 101[0m
[0mPOST /api/auth/logout [33m401[0m 0.270 ms - 101[0m
[0mGET / [0m-[0m - ms - -[0m
[0mPOST /api/auth/logout [33m401[0m 0.281 ms - 101[0m
[0mPOST /api/auth/logout [33m401[0m 0.316 ms - 101[0m
[0mPOST /api/auth/refresh [33m401[0m 0.376 ms - 101[0m
[0mGET / [0m-[0m - ms - -[0m
[0mGET / [0m-[0m - ms - -[0m
[0mPOST /api/auth/logout [33m401[0m 0.195 ms - 101[0m
[0mGET / [32m200[0m 3.466 ms - 21770[0m
[0mPOST /api/auth/logout [33m401[0m 0.204 ms - 101[0m
[0mPOST /api/auth/logout [33m401[0m 0.178 ms - 101[0m
[0mPOST /api/auth/logout [33m401[0m 0.168 ms - 101[0m
[0mPOST /api/auth/refresh [33m401[0m 0.290 ms - 101[0m
[0mGET / [0m-[0m - ms - -[0m
[0mGET / [0m-[0m - ms - -[0m
[0mPOST /api/auth/logout [33m401[0m 0.298 ms - 101[0m
[0mPOST /api/auth/logout [33m401[0m 0.270 ms - 101[0m
[0mGET / [32m200[0m 4.967 ms - 21770[0m
[0mPOST /api/auth/logout [33m401[0m 0.231 ms - 101[0m
[0mPOST /api/auth/refresh [33m401[0m 0.339 ms - 101[0m
[0mPOST /api/auth/logout [33m401[0m 0.225 ms - 101[0m
[0mGET / [0m-[0m - ms - -[0m
[0mGET / [0m-[0m - ms - -[0m
[0mPOST /api/auth/logout [33m401[0m 0.178 ms - 101[0m
[0mGET / [0m-[0m - ms - -[0m
[0mPOST /api/auth/logout [33m401[0m 0.230 ms - 101[0m
[0mPOST /api/auth/logout [33m401[0m 0.240 ms - 101[0m
[0mPOST /api/auth/refresh [33m401[0m 0.389 ms - 101[0m
[0mGET / [0m-[0m - ms - -[0m
[0mGET / [0m-[0m - ms - -[0m
[0mGET / [32m200[0m 6.454 ms - 21770[0m
[0mGET / [0m-[0m - ms - -[0m
[0mPOST /api/auth/logout [33m401[0m 0.209 ms - 101[0m
[0mPOST /api/auth/logout [33m401[0m 0.219 ms - 101[0m
[0mPOST /api/auth/logout [33m401[0m 0.260 ms - 101[0m
[0mPOST /api/auth/logout [33m401[0m 0.184 ms - 101[0m
[0mGET / [0m-[0m - ms - -[0m
[0mGET / [0m-[0m - ms - -[0m
[0mPOST /api/auth/refresh [33m401[0m 0.280 ms - 101[0m
[0mGET / [0m-[0m - ms - -[0m
[0mGET / [0m-[0m - ms - -[0m
[0mPOST /api/auth/logout [33m401[0m 0.178 ms - 101[0m
[0mPOST /api/auth/logout [33m401[0m 0.354 ms - 101[0m
[0mGET / [0m-[0m - ms - -[0m
[0mPOST /api/auth/logout [33m401[0m 0.195 ms - 101[0m
[0mPOST /api/auth/logout [33m401[0m 0.171 ms - 101[0m
[0mPOST /api/auth/refresh [33m401[0m 0.299 ms - 101[0m
[0mGET / [0m-[0m - ms - -[0m
[0mGET / [0m-[0m - ms - -[0m
[0mGET / [0m-[0m - ms - -[0m
[0mGET / [0m-[0m - ms - -[0m
[0mPOST /api/auth/logout [33m401[0m 0.190 ms - 101[0m
[0mPOST /api/auth/logout [33m401[0m 0.588 ms - 101[0m
[0mPOST /api/auth/logout [33m401[0m 0.307 ms - 101[0m
[0mGET / [0m-[0m - ms - -[0m
[0mPOST /api/auth/refresh [33m401[0m 0.537 ms - 101[0m
[0mPOST /api/auth/logout [33m401[0m 0.193 ms - 101[0m
[0mGET / [0m-[0m - ms - -[0m
[0mGET / [32m200[0m 4.030 ms - 21770[0m
[0mPOST /api/auth/logout [33m401[0m 0.210 ms - 101[0m
[0mPOST /api/auth/logout [33m401[0m 0.185 ms - 101[0m
[0mPOST /api/auth/logout [33m401[0m 0.185 ms - 101[0m
[0mPOST /api/auth/refresh [33m401[0m 0.328 ms - 101[0m
[0mGET / [0m-[0m - ms - -[0m
[0mGET / [0m-[0m - ms - -[0m
[0mGET / [0m-[0m - ms - -[0m
[0mPOST /api/auth/logout [33m401[0m 0.215 ms - 101[0m
[0mPOST /api/auth/logout [33m401[0m 0.188 ms - 101[0m
[0mPOST /api/auth/logout [33m401[0m 0.183 ms - 101[0m
[0mPOST /api/auth/logout [33m401[0m 0.173 ms - 101[0m
[0mGET / [0m-[0m - ms - -[0m
[0mPOST /api/auth/refresh [33m401[0m 0.297 ms - 101[0m
[0mGET / [0m-[0m - ms - -[0m
[0mPOST /api/auth/logout [33m401[0m 0.359 ms - 101[0m
[0mGET / [32m200[0m 5.768 ms - 21770[0m
[0mPOST /api/auth/logout [33m401[0m 0.298 ms - 101[0m
[0mPOST /api/auth/logout [33m401[0m 0.264 ms - 101[0m
[0mPOST /api/auth/logout [33m401[0m 0.289 ms - 101[0m
[0mPOST /api/auth/refresh [33m401[0m 0.441 ms - 101[0m
[0mGET / [0m-[0m - ms - -[0m
[0mGET / [32m200[0m 5.564 ms - 21770[0m
[0mGET / [0m-[0m - ms - -[0m
[0mPOST /api/auth/logout [33m401[0m 0.264 ms - 101[0m
[0mPOST /api/auth/logout [33m401[0m 0.246 ms - 101[0m
[0mPOST /api/auth/logout [33m401[0m 0.221 ms - 101[0m
[0mPOST /api/auth/logout [33m401[0m 0.164 ms - 101[0m
[0mGET / [0m-[0m - ms - -[0m
[0mPOST /api/auth/refresh [33m401[0m 0.299 ms - 101[0m
[0mGET / [0m-[0m - ms - -[0m
[0mPOST /api/auth/logout [33m401[0m 0.175 ms - 101[0m
[0mPOST /api/auth/logout [33m401[0m 0.152 ms - 101[0m
[0mGET / [32m200[0m 3.496 ms - 21770[0m
[0mPOST /api/auth/logout [33m401[0m 0.178 ms - 101[0m
[0mPOST /api/auth/logout [33m401[0m 0.181 ms - 101[0m
[0mPOST /api/auth/refresh [33m401[0m 0.329 ms - 101[0m
[0mGET / [32m200[0m 1.161 ms - 21770[0m
[0mPOST /api/auth/logout [33m401[0m 0.217 ms - 101[0m
[0mPOST /api/auth/logout [33m401[0m 0.191 ms - 101[0m
[0mPOST /api/auth/logout [33m401[0m 0.218 ms - 101[0m
[0mPOST /api/auth/logout [33m401[0m 0.285 ms - 101[0m
[0mGET / [0m-[0m - ms - -[0m
[0mGET / [32m200[0m 1.178 ms - 21770[0m
[0mPOST /api/auth/refresh [33m401[0m 0.360 ms - 101[0m
[0mGET / [32m200[0m 1.618 ms - 21770[0m
[0mPOST /api/auth/logout [33m401[0m 0.260 ms - 101[0m
[0mPOST /api/auth/logout [33m401[0m 0.255 ms - 101[0m
[0mPOST /api/auth/logout [33m401[0m 0.205 ms - 101[0m
[0mPOST /api/auth/logout [33m401[0m 0.219 ms - 101[0m
[0mGET / [0m-[0m - ms - -[0m
[0mPOST /api/auth/refresh [33m401[0m 0.451 ms - 101[0m
[0mGET / [0m-[0m - ms - -[0m
[0mGET / [32m200[0m 1.442 ms - 21770[0m
[0mPOST /api/auth/logout [33m401[0m 0.226 ms - 101[0m
[0mPOST /api/auth/logout [33m401[0m 0.194 ms - 101[0m
[0mPOST /api/auth/logout [33m401[0m 0.296 ms - 101[0m
[0mPOST /api/auth/logout [33m401[0m 0.279 ms - 101[0m
[0mPOST /api/auth/refresh [33m401[0m 0.290 ms - 101[0m
[0mGET / [0m-[0m - ms - -[0m
[0mGET / [0m-[0m - ms - -[0m
[0mPOST /api/auth/logout [33m401[0m 0.247 ms - 101[0m
[0mGET / [32m200[0m 3.014 ms - 21770[0m
[0mPOST /api/auth/logout [33m401[0m 0.176 ms - 101[0m
[0mPOST /api/auth/logout [33m401[0m 0.199 ms - 101[0m
[0mPOST /api/auth/logout [33m401[0m 0.186 ms - 101[0m
[0mPOST /api/auth/refresh [33m401[0m 0.317 ms - 101[0m
[0mGET / [0m-[0m - ms - -[0m
[0mGET / [0m-[0m - ms - -[0m
[0mGET / [0m-[0m - ms - -[0m
[0mPOST /api/auth/logout [33m401[0m 0.195 ms - 101[0m
[0mPOST /api/auth/logout [33m401[0m 0.164 ms - 101[0m
[0mPOST /api/auth/logout [33m401[0m 0.173 ms - 101[0m
[0mGET / [0m-[0m - ms - -[0m
[0mPOST /api/auth/refresh [33m401[0m 0.278 ms - 101[0m
[0mGET / [32m200[0m 3.034 ms - 21770[0m
[0mPOST /api/auth/logout [33m401[0m 0.191 ms - 101[0m
[0mPOST /api/auth/logout [33m401[0m 0.171 ms - 101[0m
[0mPOST /api/auth/logout [33m401[0m 0.181 ms - 101[0m
[0mPOST /api/auth/logout [33m401[0m 0.194 ms - 101[0m
[0mGET / [0m-[0m - ms - -[0m
[0mPOST /api/auth/refresh [33m401[0m 0.291 ms - 101[0m
[0mGET / [0m-[0m - ms - -[0m
[0mGET / [0m-[0m - ms - -[0m
[0mPOST /api/auth/logout [33m401[0m 0.298 ms - 101[0m
[0mGET / [32m200[0m 3.626 ms - 21770[0m
[0mPOST /api/auth/logout [33m401[0m 0.255 ms - 101[0m
[0mPOST /api/auth/logout [33m401[0m 0.231 ms - 101[0m
[0mPOST /api/auth/logout [33m401[0m 0.230 ms - 101[0m
[0mPOST /api/auth/refresh [33m401[0m 0.413 ms - 101[0m
[0mGET / [0m-[0m - ms - -[0m
[0mGET / [0m-[0m - ms - -[0m
[0mPOST /api/auth/logout [33m401[0m 0.315 ms - 101[0m
[0mGET / [32m200[0m 6.426 ms - 21770[0m
[0mPOST /api/auth/logout [33m401[0m 0.193 ms - 101[0m
[0mPOST /api/auth/logout [33m401[0m 0.173 ms - 101[0m
[0mPOST /api/auth/logout [33m401[0m 0.158 ms - 101[0m
[0mPOST /api/auth/refresh [33m401[0m 0.251 ms - 101[0m
[0mGET / [32m200[0m 1.967 ms - 21770[0m
[0mPOST /api/auth/logout [33m401[0m 0.173 ms - 101[0m
[0mPOST /api/auth/logout [33m401[0m 0.163 ms - 101[0m
[0mGET / [32m200[0m 2.924 ms - 21770[0m
[0mPOST /api/auth/logout [33m401[0m 0.196 ms - 101[0m
[0mPOST /api/auth/logout [33m401[0m 0.162 ms - 101[0m
[0mPOST /api/auth/refresh [33m401[0m 0.521 ms - 101[0m
[0mGET / [0m-[0m - ms - -[0m
[0mGET / [0m-[0m - ms - -[0m
[0mPOST /api/auth/logout [33m401[0m 0.214 ms - 101[0m
[0mGET / [32m200[0m 2.371 ms - 21770[0m
[0mPOST /api/auth/logout [33m401[0m 0.179 ms - 101[0m
[0mPOST /api/auth/logout [33m401[0m 0.160 ms - 101[0m
[0mPOST /api/auth/logout [33m401[0m 0.148 ms - 101[0m
[0mPOST /api/auth/refresh [33m401[0m 0.267 ms - 101[0m
[0mGET / [0m-[0m - ms - -[0m
[0mGET / [0m-[0m - ms - -[0m
[0mGET / [0m-[0m - ms - -[0m
[0mPOST /api/auth/logout [33m401[0m 0.220 ms - 101[0m
[0mPOST /api/auth/logout [33m401[0m 0.253 ms - 101[0m
[0mPOST /api/auth/logout [33m401[0m 0.307 ms - 101[0m
[0mPOST /api/auth/logout [33m401[0m 0.185 ms - 101[0m
[0mGET / [0m-[0m - ms - -[0m
[0mPOST /api/auth/refresh [33m401[0m 0.286 ms - 101[0m
[0mGET / [0m-[0m - ms - -[0m
[0mGET / [0m-[0m - ms - -[0m
[0mGET / [0m-[0m - ms - -[0m
[0mPOST /api/auth/logout [33m401[0m 0.205 ms - 101[0m
[0mGET / [32m200[0m 3.368 ms - 21770[0m
[0mPOST /api/auth/logout [33m401[0m 0.189 ms - 101[0m
[0mPOST /api/auth/logout [33m401[0m 0.197 ms - 101[0m
[0mPOST /api/auth/logout [33m401[0m 0.219 ms - 101[0m
[0mPOST /api/auth/refresh [33m401[0m 0.328 ms - 101[0m
[0mGET / [0m-[0m - ms - -[0m
[0mGET / [0m-[0m - ms - -[0m
[0mPOST /api/auth/logout [33m401[0m 0.180 ms - 101[0m
[0mPOST /api/auth/logout [33m401[0m 0.167 ms - 101[0m
[0mGET / [32m200[0m 3.210 ms - 21770[0m
[0mPOST /api/auth/logout [33m401[0m 0.174 ms - 101[0m
[0mPOST /api/auth/logout [33m401[0m 0.173 ms - 101[0m
[0mPOST /api/auth/refresh [33m401[0m 0.267 ms - 101[0m
[0mGET / [0m-[0m - ms - -[0m
[0mGET / [0m-[0m - ms - -[0m
[0mPOST /api/auth/logout [33m401[0m 0.177 ms - 101[0m
[0mPOST /api/auth/logout [33m401[0m 0.173 ms - 101[0m
[0mGET / [0m-[0m - ms - -[0m
[0mPOST /api/auth/logout [33m401[0m 0.166 ms - 101[0m
[0mPOST /api/auth/logout [33m401[0m 0.178 ms - 101[0m
[0mGET / [0m-[0m - ms - -[0m
[0mPOST /api/auth/refresh [33m401[0m 0.264 ms - 101[0m
[0mGET / [0m-[0m - ms - -[0m
[0mPOST /api/auth/logout [33m401[0m 0.211 ms - 101[0m
[0mGET / [32m200[0m 3.408 ms - 21770[0m
[0mPOST /api/auth/logout [33m401[0m 0.349 ms - 101[0m
[0mPOST /api/auth/logout [33m401[0m 0.201 ms - 101[0m
[0mPOST /api/auth/logout [33m401[0m 0.205 ms - 101[0m
[0mGET / [0m-[0m - ms - -[0m
[0mGET / [0m-[0m - ms - -[0m
[0mGET / [32m200[0m 4.428 ms - 21770[0m
[0mPOST /api/auth/refresh [33m401[0m 0.357 ms - 101[0m
[0mGET / [0m-[0m - ms - -[0m
[0mGET / [0m-[0m - ms - -[0m
[0mGET / [0m-[0m - ms - -[0m
[0mGET / [0m-[0m - ms - -[0m
[0mGET / [0m-[0m - ms - -[0m
[0mGET / [0m-[0m - ms - -[0m
[0mGET / [0m-[0m - ms - -[0m
[0mGET / [0m-[0m - ms - -[0m
[0mGET / [0m-[0m - ms - -[0m
[0mGET / [0m-[0m - ms - -[0m
[0mGET / [0m-[0m - ms - -[0m
[0mGET / [0m-[0m - ms - -[0m
[0mGET / [0m-[0m - ms - -[0m
[0mGET / [0m-[0m - ms - -[0m
[0mGET / [0m-[0m - ms - -[0m
[0mGET / [0m-[0m - ms - -[0m
[0mGET / [0m-[0m - ms - -[0m
[0mGET / [0m-[0m - ms - -[0m
[0mGET / [0m-[0m - ms - -[0m
[0mGET / [0m-[0m - ms - -[0m
[0mGET / [0m-[0m - ms - -[0m
[0mGET / [0m-[0m - ms - -[0m
[0mGET / [0m-[0m - ms - -[0m
[0mGET / [0m-[0m - ms - -[0m
[0mGET / [0m-[0m - ms - -[0m
[0mGET / [0m-[0m - ms - -[0m
[0mGET / [0m-[0m - ms - -[0m
[0mPOST /api/auth/logout [33m401[0m 0.369 ms - 101[0m
[0mPOST /api/auth/logout [33m401[0m 0.276 ms - 101[0m
[0mPOST /api/auth/logout [33m401[0m 0.256 ms - 101[0m
[0mPOST /api/auth/logout [33m401[0m 0.219 ms - 101[0m
[0mPOST /api/auth/refresh [33m401[0m 0.330 ms - 101[0m
[0mGET / [0m-[0m - ms - -[0m
[0mGET / [0m-[0m - ms - -[0m
[0mGET / [0m-[0m - ms - -[0m
[0mGET / [32m200[0m 6.241 ms - 21770[0m
[0mPOST /api/auth/logout [33m401[0m 0.205 ms - 101[0m
[0mPOST /api/auth/logout [33m401[0m 0.240 ms - 101[0m
[0mPOST /api/auth/logout [33m401[0m 0.251 ms - 101[0m
[0mPOST /api/auth/logout [33m401[0m 0.284 ms - 101[0m
[0mPOST /api/auth/refresh [33m401[0m 0.290 ms - 101[0m
[0mGET / [0m-[0m - ms - -[0m
[0mGET / [0m-[0m - ms - -[0m
[0mGET / [0m-[0m - ms - -[0m
[0mPOST /api/auth/logout [33m401[0m 0.222 ms - 101[0m
[0mPOST /api/auth/logout [33m401[0m 0.187 ms - 101[0m
[0mPOST /api/auth/logout [33m401[0m 0.197 ms - 101[0m
[0mGET / [0m-[0m - ms - -[0m
[0mPOST /api/auth/refresh [33m401[0m 0.282 ms - 101[0m
[0mPOST /api/auth/logout [33m401[0m 0.175 ms - 101[0m
[0mPOST /api/auth/logout [33m401[0m 0.203 ms - 101[0m
[0mPOST /api/auth/logout [33m401[0m 0.193 ms - 101[0m
[0mPOST /api/auth/logout [33m401[0m 0.167 ms - 101[0m
[0mGET / [32m200[0m 2.975 ms - 21770[0m
[0mPOST /api/auth/refresh [33m401[0m 0.350 ms - 101[0m
[0mGET / [32m200[0m 2.573 ms - 21770[0m
[0mPOST /api/auth/logout [33m401[0m 0.430 ms - 101[0m
[0mPOST /api/auth/logout [33m401[0m 0.366 ms - 101[0m
[0mPOST /api/auth/refresh [33m401[0m 0.564 ms - 101[0m
[0mGET / [0m-[0m - ms - -[0m
[0mGET / [32m200[0m 3.140 ms - 21770[0m
[0mGET / [32m200[0m 4.376 ms - 21770[0m
[0mPOST /api/auth/logout [33m401[0m 0.253 ms - 101[0m
[0mPOST /api/auth/logout [33m401[0m 0.211 ms - 101[0m
[0mPOST /api/auth/logout [33m401[0m 0.232 ms - 101[0m
[0mPOST /api/auth/logout [33m401[0m 0.331 ms - 101[0m
[0mGET / [0m-[0m - ms - -[0m
[0mGET / [0m-[0m - ms - -[0m
[0mPOST /api/auth/refresh [33m401[0m 0.364 ms - 101[0m
[0mGET / [0m-[0m - ms - -[0m
[0mGET / [32m200[0m 2.488 ms - 21770[0m
[0mPOST /api/auth/logout [33m401[0m 0.206 ms - 101[0m
[0mPOST /api/auth/logout [33m401[0m 0.201 ms - 101[0m
[0mGET / [0m-[0m - ms - -[0m
[0mPOST /api/auth/refresh [33m401[0m 0.315 ms - 101[0m
[0mPOST /api/auth/logout [33m401[0m 0.270 ms - 101[0m
[0mPOST /api/auth/logout [33m401[0m 0.246 ms - 101[0m
[0mGET / [0m-[0m - ms - -[0m
[0mPOST /api/auth/logout [33m401[0m 0.251 ms - 101[0m
[0mGET / [32m200[0m 3.660 ms - 21770[0m
[0mPOST /api/auth/logout [33m401[0m 0.195 ms - 101[0m
[0mGET / [0m-[0m - ms - -[0m
[0mPOST /api/auth/refresh [33m401[0m 0.315 ms - 101[0m
[0mGET / [0m-[0m - ms - -[0m
[0mGET / [0m-[0m - ms - -[0m
[0mPOST /api/auth/logout [33m401[0m 0.191 ms - 101[0m
[0mPOST /api/auth/logout [33m401[0m 0.185 ms - 101[0m
[0mGET / [0m-[0m - ms - -[0m
[0mPOST /api/auth/logout [33m401[0m 0.171 ms - 101[0m
[0mPOST /api/auth/logout [33m401[0m 0.186 ms - 101[0m
[0mGET / [0m-[0m - ms - -[0m
[0mPOST /api/auth/refresh [33m401[0m 0.275 ms - 101[0m
[0mGET / [0m-[0m - ms - -[0m
[0mGET / [32m200[0m 4.555 ms - 21770[0m
[0mPOST /api/auth/logout [33m401[0m 0.182 ms - 101[0m
[0mPOST /api/auth/logout [33m401[0m 0.153 ms - 101[0m
[0mPOST /api/auth/logout [33m401[0m 0.164 ms - 101[0m
[0mPOST /api/auth/logout [33m401[0m 0.171 ms - 101[0m
[0mPOST /api/auth/refresh [33m401[0m 0.263 ms - 101[0m
[0mPOST /api/auth/logout [33m401[0m 0.243 ms - 101[0m
[0mPOST /api/auth/logout [33m401[0m 0.165 ms - 101[0m
[0mPOST /api/auth/logout [33m401[0m 0.230 ms - 101[0m
[0mGET / [32m200[0m 3.353 ms - 21770[0m
[0mPOST /api/auth/logout [33m401[0m 0.213 ms - 101[0m
[0mPOST /api/auth/refresh [33m401[0m 0.307 ms - 101[0m
[0mGET / [32m200[0m 1.315 ms - 21770[0m
[0mGET / [32m200[0m 1.184 ms - 21770[0m
[0mPOST /api/auth/logout [33m401[0m 0.212 ms - 101[0m
[0mGET / [32m200[0m 1.283 ms - 21770[0m
[0mPOST /api/auth/logout [33m401[0m 0.284 ms - 101[0m
[0mPOST /api/auth/logout [33m401[0m 0.324 ms - 101[0m
[0mPOST /api/auth/logout [33m401[0m 0.223 ms - 101[0m
[0mPOST /api/auth/refresh [33m401[0m 0.291 ms - 101[0m
[0mGET / [32m200[0m 1.316 ms - 21770[0m
[0mPOST /api/auth/logout [33m401[0m 0.227 ms - 101[0m
[0mPOST /api/auth/logout [33m401[0m 0.201 ms - 101[0m
[0mPOST /api/auth/logout [33m401[0m 0.167 ms - 101[0m
[0mPOST /api/auth/logout [33m401[0m 0.166 ms - 101[0m
[0mGET / [32m200[0m 3.073 ms - 21770[0m
[0mPOST /api/auth/refresh [33m401[0m 0.299 ms - 101[0m
[0mGET / [0m-[0m - ms - -[0m
[0mGET / [0m-[0m - ms - -[0m
[0mPOST /api/auth/logout [33m401[0m 0.225 ms - 101[0m
[0mPOST /api/auth/logout [33m401[0m 0.207 ms - 101[0m
[0mPOST /api/auth/logout [33m401[0m 0.235 ms - 101[0m
[0mPOST /api/auth/logout [33m401[0m 0.197 ms - 101[0m
[0mPOST /api/auth/refresh [33m401[0m 0.298 ms - 101[0m
[0mGET / [0m-[0m - ms - -[0m
[0mGET / [0m-[0m - ms - -[0m
[0mGET / [0m-[0m - ms - -[0m
[0mPOST /api/auth/logout [33m401[0m 0.194 ms - 101[0m
[0mPOST /api/auth/logout [33m401[0m 0.184 ms - 101[0m
[0mPOST /api/auth/logout [33m401[0m 0.204 ms - 101[0m
[0mGET / [0m-[0m - ms - -[0m
[0mGET / [32m200[0m 2.595 ms - 21770[0m
[0mPOST /api/auth/logout [33m401[0m 0.212 ms - 101[0m
[0mPOST /api/auth/refresh [33m401[0m 0.291 ms - 101[0m
[0mGET / [0m-[0m - ms - -[0m
[0mGET / [32m200[0m 2.621 ms - 21770[0m
[0mPOST /api/auth/logout [33m401[0m 0.265 ms - 101[0m
[0mPOST /api/auth/logout [33m401[0m 0.255 ms - 101[0m
[0mPOST /api/auth/logout [33m401[0m 0.261 ms - 101[0m
[0mPOST /api/auth/refresh [33m401[0m 0.409 ms - 101[0m
[0mPOST /api/auth/logout [33m401[0m 0.269 ms - 101[0m
[0mGET / [0m-[0m - ms - -[0m
[0mGET / [0m-[0m - ms - -[0m
[0mPOST /api/auth/logout [33m401[0m 0.308 ms - 101[0m
[0mGET / [32m200[0m 5.318 ms - 21770[0m
[0mPOST /api/auth/logout [33m401[0m 0.201 ms - 101[0m
[0mPOST /api/auth/logout [33m401[0m 0.240 ms - 101[0m
[0mGET / [0m-[0m - ms - -[0m
[0mGET / [32m200[0m 2.992 ms - 21770[0m
[0mGET / [32m200[0m 3.685 ms - 21770[0m
[0mPOST /api/auth/refresh [33m401[0m 0.334 ms - 101[0m
[0mGET / [0m-[0m - ms - -[0m
[0mGET / [32m200[0m 2.497 ms - 21770[0m
[0mGET / [0m-[0m - ms - -[0m
[0mPOST /api/auth/logout [33m401[0m 0.275 ms - 101[0m
[0mPOST /api/auth/logout [33m401[0m 0.384 ms - 101[0m
[0mGET / [0m-[0m - ms - -[0m
[0mPOST /api/auth/refresh [33m401[0m 0.478 ms - 101[0m
[0mPOST /api/auth/logout [33m401[0m 0.181 ms - 101[0m
[0mPOST /api/auth/logout [33m401[0m 0.175 ms - 101[0m
[0mGET / [0m-[0m - ms - -[0m
[0mPOST /api/auth/logout [33m401[0m 0.170 ms - 101[0m
[0mGET / [0m-[0m - ms - -[0m
[0mPOST /api/auth/logout [33m401[0m 0.162 ms - 101[0m
[0mGET / [32m200[0m 4.140 ms - 21770[0m
[0mPOST /api/auth/refresh [33m401[0m 0.285 ms - 101[0m
[0mGET / [0m-[0m - ms - -[0m
[0mPOST /api/auth/logout [33m401[0m 0.257 ms - 101[0m
[0mGET / [32m200[0m 2.894 ms - 21770[0m
[0mPOST /api/auth/logout [33m401[0m 0.295 ms - 101[0m
[0mPOST /api/auth/logout [33m401[0m 0.237 ms - 101[0m
[0mPOST /api/auth/logout [33m401[0m 0.174 ms - 101[0m
[0mPOST /api/auth/refresh [33m401[0m 0.268 ms - 101[0m
[0mGET / [0m-[0m - ms - -[0m
[0mGET / [0m-[0m - ms - -[0m
[0mGET / [0m-[0m - ms - -[0m
[0mPOST /api/auth/logout [33m401[0m 0.187 ms - 101[0m
[0mPOST /api/auth/logout [33m401[0m 0.158 ms - 101[0m
[0mGET / [0m-[0m - ms - -[0m
[0mPOST /api/auth/refresh [33m401[0m 0.414 ms - 101[0m
[0mGET / [32m200[0m 3.603 ms - 21770[0m
[0mPOST /api/auth/logout [33m401[0m 0.266 ms - 101[0m
[0mPOST /api/auth/logout [33m401[0m 0.173 ms - 101[0m
[0mPOST /api/auth/logout [33m401[0m 0.192 ms - 101[0m
[0mPOST /api/auth/logout [33m401[0m 0.192 ms - 101[0m
[0mGET / [0m-[0m - ms - -[0m
[0mGET / [0m-[0m - ms - -[0m
[0mPOST /api/auth/refresh [33m401[0m 0.309 ms - 101[0m
[0mGET / [0m-[0m - ms - -[0m
[0mPOST /api/auth/logout [33m401[0m 0.255 ms - 101[0m
[0mGET / [32m200[0m 4.429 ms - 21770[0m
[0mPOST /api/auth/logout [33m401[0m 0.220 ms - 101[0m
[0mPOST /api/auth/refresh [33m401[0m 0.380 ms - 101[0m
[0mPOST /api/auth/logout [33m401[0m 0.227 ms - 101[0m
[0mPOST /api/auth/logout [33m401[0m 0.212 ms - 101[0m
[0mGET / [0m-[0m - ms - -[0m
[0mPOST /api/auth/logout [33m401[0m 0.227 ms - 101[0m
[0mPOST /api/auth/logout [33m401[0m 0.261 ms - 101[0m
[0mGET / [32m200[0m 4.888 ms - 21770[0m
[0mPOST /api/auth/refresh [33m401[0m 0.326 ms - 101[0m
[0mGET / [0m-[0m - ms - -[0m
[0mPOST /api/auth/logout [33m401[0m 0.182 ms - 101[0m
[0mGET / [32m200[0m 2.241 ms - 21770[0m
[0mPOST /api/auth/logout [33m401[0m 0.237 ms - 101[0m
[0mPOST /api/auth/logout [33m401[0m 0.231 ms - 101[0m
[0mPOST /api/auth/logout [33m401[0m 0.266 ms - 101[0m
[0mGET / [0m-[0m - ms - -[0m
[0mPOST /api/auth/refresh [33m401[0m 0.444 ms - 101[0m
[0mGET / [0m-[0m - ms - -[0m
[0mGET / [0m-[0m - ms - -[0m
[0mPOST /api/auth/logout [33m401[0m 0.447 ms - 101[0m
[0mPOST /api/auth/logout [33m401[0m 0.321 ms - 101[0m
[0mPOST /api/auth/logout [33m401[0m 0.244 ms - 101[0m
[0mPOST /api/auth/logout [33m401[0m 0.323 ms - 101[0m
[0mGET / [0m-[0m - ms - -[0m
[0mGET / [32m200[0m 3.615 ms - 21770[0m
[0mGET / [32m200[0m 4.520 ms - 21770[0m
[0mPOST /api/auth/refresh [33m401[0m 0.331 ms - 101[0m
[0mGET / [0m-[0m - ms - -[0m
[0mGET / [32m200[0m 2.661 ms - 21770[0m
[0mPOST /api/auth/logout [33m401[0m 0.183 ms - 101[0m
[0mPOST /api/auth/logout [33m401[0m 0.209 ms - 101[0m
[0mPOST /api/auth/logout [33m401[0m 0.200 ms - 101[0m
[0mPOST /api/auth/logout [33m401[0m 0.203 ms - 101[0m
[0mGET / [0m-[0m - ms - -[0m
[0mGET / [32m200[0m 3.223 ms - 21770[0m
[0mPOST /api/auth/refresh [33m401[0m 0.280 ms - 101[0m
[0mGET / [32m200[0m 1.170 ms - 21770[0m
[0mPOST /api/auth/logout [33m401[0m 0.208 ms - 101[0m
[0mPOST /api/auth/logout [33m401[0m 0.194 ms - 101[0m
[0mPOST /api/auth/logout [33m401[0m 0.162 ms - 101[0m
[0mPOST /api/auth/refresh [33m401[0m 0.276 ms - 101[0m
[0mPOST /api/auth/logout [33m401[0m 0.158 ms - 101[0m
[0mGET / [32m200[0m 3.262 ms - 21770[0m
[0mPOST /api/auth/logout [33m401[0m 0.196 ms - 101[0m
[0mPOST /api/auth/logout [33m401[0m 0.168 ms - 101[0m
[0mGET / [0m-[0m - ms - -[0m
[0mPOST /api/auth/logout [33m401[0m 0.175 ms - 101[0m
[0mPOST /api/auth/refresh [33m401[0m 0.264 ms - 101[0m
[0mGET / [0m-[0m - ms - -[0m
[0mPOST /api/auth/logout [33m401[0m 0.171 ms - 101[0m
[0mGET / [32m200[0m 2.129 ms - 21770[0m
[0mPOST /api/auth/logout [33m401[0m 0.198 ms - 101[0m
[0mPOST /api/auth/logout [33m401[0m 0.178 ms - 101[0m
[0mPOST /api/auth/logout [33m401[0m 0.171 ms - 101[0m
[0mGET / [0m-[0m - ms - -[0m
[0mPOST /api/auth/refresh [33m401[0m 0.278 ms - 101[0m
[0mGET / [0m-[0m - ms - -[0m
[0mPOST /api/auth/logout [33m401[0m 0.193 ms - 101[0m
[0mGET / [32m200[0m 2.373 ms - 21770[0m
[0mPOST /api/auth/logout [33m401[0m 0.188 ms - 101[0m
[0mPOST /api/auth/logout [33m401[0m 0.174 ms - 101[0m
[0mPOST /api/auth/logout [33m401[0m 0.150 ms - 101[0m
[0mPOST /api/auth/refresh [33m401[0m 0.288 ms - 101[0m
[0mGET / [0m-[0m - ms - -[0m
[0mGET / [32m200[0m 3.274 ms - 21770[0m
[0mPOST /api/auth/logout [33m401[0m 0.191 ms - 101[0m
[0mPOST /api/auth/logout [33m401[0m 0.187 ms - 101[0m
[0mGET / [0m-[0m - ms - -[0m
[0mPOST /api/auth/logout [33m401[0m 0.194 ms - 101[0m
[0mPOST /api/auth/logout [33m401[0m 0.198 ms - 101[0m
[0mPOST /api/auth/refresh [33m401[0m 0.292 ms - 101[0m
[0mGET / [0m-[0m - ms - -[0m
[0mGET / [0m-[0m - ms - -[0m
[0mPOST /api/auth/logout [33m401[0m 0.215 ms - 101[0m
[0mGET / [32m200[0m 2.593 ms - 21770[0m
[0mPOST /api/auth/logout [33m401[0m 0.196 ms - 101[0m
[0mPOST /api/auth/logout [33m401[0m 0.183 ms - 101[0m
[0mPOST /api/auth/logout [33m401[0m 0.174 ms - 101[0m
[0mPOST /api/auth/refresh [33m401[0m 0.304 ms - 101[0m
[0mGET / [0m-[0m - ms - -[0m
[0mGET / [32m200[0m 2.779 ms - 21770[0m
[0mPOST /api/auth/logout [33m401[0m 0.215 ms - 101[0m
[0mPOST /api/auth/logout [33m401[0m 0.193 ms - 101[0m
[0mPOST /api/auth/logout [33m401[0m 0.184 ms - 101[0m
[0mPOST /api/auth/logout [33m401[0m 0.170 ms - 101[0m
[0mGET / [32m200[0m 3.073 ms - 21770[0m
[0mPOST /api/auth/refresh [33m401[0m 0.343 ms - 101[0m
[0mGET / [0m-[0m - ms - -[0m
[0mGET / [0m-[0m - ms - -[0m
[0mPOST /api/auth/logout [33m401[0m 0.235 ms - 101[0m
[0mGET / [32m200[0m 5.794 ms - 21770[0m
[0mPOST /api/auth/logout [33m401[0m 0.254 ms - 101[0m
[0mPOST /api/auth/logout [33m401[0m 0.207 ms - 101[0m
[0mPOST /api/auth/logout [33m401[0m 0.179 ms - 101[0m
[0mPOST /api/auth/refresh [33m401[0m 0.255 ms - 101[0m
[0mGET / [0m-[0m - ms - -[0m
[0mGET / [0m-[0m - ms - -[0m
[0mPOST /api/auth/logout [33m401[0m 0.193 ms - 101[0m
[0mPOST /api/auth/logout [33m401[0m 0.197 ms - 101[0m
[0mPOST /api/auth/refresh [33m401[0m 0.303 ms - 101[0m
[0mPOST /api/auth/logout [33m401[0m 0.232 ms - 101[0m
[0mGET / [0m-[0m - ms - -[0m
[0mPOST /api/auth/logout [33m401[0m 0.252 ms - 101[0m
[0mGET / [0m-[0m - ms - -[0m
[0mGET / [0m-[0m - ms - -[0m
[0mGET / [0m-[0m - ms - -[0m
[0mGET / [0m-[0m - ms - -[0m
[0mGET / [0m-[0m - ms - -[0m
[0mGET / [0m-[0m - ms - -[0m
[0mGET / [0m-[0m - ms - -[0m
[0mGET / [0m-[0m - ms - -[0m
[0mGET / [0m-[0m - ms - -[0m
[0mGET / [0m-[0m - ms - -[0m
[0mGET / [0m-[0m - ms - -[0m
[0mGET / [0m-[0m - ms - -[0m
[0mGET / [0m-[0m - ms - -[0m
[0mGET / [0m-[0m - ms - -[0m
[0mGET / [0m-[0m - ms - -[0m
[0mGET / [0m-[0m - ms - -[0m
[0mGET / [0m-[0m - ms - -[0m
[0mGET / [0m-[0m - ms - -[0m
[0mGET / [0m-[0m - ms - -[0m
[0mGET / [0m-[0m - ms - -[0m
[0mGET / [0m-[0m - ms - -[0m
[0mGET / [0m-[0m - ms - -[0m
[0mGET / [0m-[0m - ms - -[0m
[0mGET / [0m-[0m - ms - -[0m
[0mGET / [0m-[0m - ms - -[0m
[0mGET / [0m-[0m - ms - -[0m
[0mGET / [0m-[0m - ms - -[0m
[0mGET / [0m-[0m - ms - -[0m
[0mPOST /api/auth/logout [33m401[0m 0.229 ms - 101[0m
[0mPOST /api/auth/logout [33m401[0m 0.193 ms - 101[0m
[0mPOST /api/auth/refresh [33m401[0m 0.315 ms - 101[0m
[0mGET / [0m-[0m - ms - -[0m
[0mGET / [0m-[0m - ms - -[0m
[0mPOST /api/auth/logout [33m401[0m 0.172 ms - 101[0m
[0mPOST /api/auth/logout [33m401[0m 0.146 ms - 101[0m
[0mPOST /api/auth/logout [33m401[0m 0.151 ms - 101[0m
[0mPOST /api/auth/logout [33m401[0m 0.177 ms - 101[0m
[0mGET / [0m-[0m - ms - -[0m
[0mGET / [0m-[0m - ms - -[0m
[0mGET / [0m-[0m - ms - -[0m
[0mPOST /api/auth/refresh [33m401[0m 0.272 ms - 101[0m
[0mGET / [32m200[0m 7.100 ms - 21770[0m
[0mPOST /api/auth/logout [33m401[0m 0.209 ms - 101[0m
[0mPOST /api/auth/logout [33m401[0m 0.158 ms - 101[0m
[0mPOST /api/auth/logout [33m401[0m 0.165 ms - 101[0m
[0mPOST /api/auth/logout [33m401[0m 0.164 ms - 101[0m
[0mPOST /api/auth/refresh [33m401[0m 0.260 ms - 101[0m
[0mPOST /api/auth/logout [33m401[0m 0.304 ms - 101[0m
[0mPOST /api/auth/logout [33m401[0m 0.207 ms - 101[0m
[0mPOST /api/auth/logout [33m401[0m 0.171 ms - 101[0m
[0mGET / [32m200[0m 3.340 ms - 21770[0m
[0mPOST /api/auth/logout [33m401[0m 0.181 ms - 101[0m
[0mPOST /api/auth/refresh [33m401[0m 0.263 ms - 101[0m
[0mGET / [0m-[0m - ms - -[0m
[0mGET / [32m200[0m 2.010 ms - 21770[0m
[0mPOST /api/auth/logout [33m401[0m 0.179 ms - 101[0m
[0mPOST /api/auth/logout [33m401[0m 0.147 ms - 101[0m
[0mPOST /api/auth/logout [33m401[0m 0.171 ms - 101[0m
[0mPOST /api/auth/logout [33m401[0m 0.176 ms - 101[0m
[0mPOST /api/auth/refresh [33m401[0m 0.257 ms - 101[0m
[0mPOST /api/auth/logout [33m401[0m 0.243 ms - 101[0m
[0mPOST /api/auth/logout [33m401[0m 0.219 ms - 101[0m
[0mPOST /api/auth/logout [33m401[0m 0.229 ms - 101[0m
[0mPOST /api/auth/logout [33m401[0m 0.205 ms - 101[0m
[0mGET / [32m200[0m 3.785 ms - 21770[0m
[0mPOST /api/auth/refresh [33m401[0m 0.529 ms - 101[0m
[0mGET / [32m200[0m 1.205 ms - 21770[0m
[0mGET / [32m200[0m 1.273 ms - 21770[0m
[0mPOST /api/auth/logout [33m401[0m 0.243 ms - 101[0m
[0mGET / [0m-[0m - ms - -[0m
[0mPOST /api/auth/logout [33m401[0m 0.227 ms - 101[0m
[0mPOST /api/auth/logout [33m401[0m 0.216 ms - 101[0m
[0mPOST /api/auth/refresh [33m401[0m 0.286 ms - 101[0m
[0mPOST /api/auth/logout [33m401[0m 0.170 ms - 101[0m
[0mGET / [0m-[0m - ms - -[0m
[0mPOST /api/auth/logout [33m401[0m 0.244 ms - 101[0m
[0mGET / [0m-[0m - ms - -[0m
[0mPOST /api/auth/refresh [33m401[0m 0.293 ms - 101[0m
[0mPOST /api/auth/logout [33m401[0m 0.160 ms - 101[0m
[0mPOST /api/auth/logout [33m401[0m 0.156 ms - 101[0m
[0mGET / [0m-[0m - ms - -[0m
[0mPOST /api/auth/logout [33m401[0m 0.274 ms - 101[0m
[0mGET / [0m-[0m - ms - -[0m
[0mPOST /api/auth/logout [33m401[0m 0.255 ms - 101[0m
[0mGET / [32m200[0m 2.225 ms - 21770[0m
[0mPOST /api/auth/refresh [33m401[0m 0.322 ms - 101[0m
[0mGET / [0m-[0m - ms - -[0m
[0mGET / [32m200[0m 2.337 ms - 21770[0m
[0mPOST /api/auth/logout [33m401[0m 0.290 ms - 101[0m
[0mPOST /api/auth/logout [33m401[0m 0.259 ms - 101[0m
[0mPOST /api/auth/logout [33m401[0m 0.326 ms - 101[0m
[0mPOST /api/auth/logout [33m401[0m 0.293 ms - 101[0m
[0mGET / [0m-[0m - ms - -[0m
[0mPOST /api/auth/refresh [33m401[0m 0.474 ms - 101[0m
[0mGET / [32m200[0m 4.484 ms - 21770[0m
[0mPOST /api/auth/logout [33m401[0m 0.281 ms - 101[0m
[0mPOST /api/auth/logout [33m401[0m 0.175 ms - 101[0m
[0mPOST /api/auth/logout [33m401[0m 0.173 ms - 101[0m
[0mPOST /api/auth/logout [33m401[0m 0.158 ms - 101[0m
[0mGET / [0m-[0m - ms - -[0m
[0mPOST /api/auth/refresh [33m401[0m 0.292 ms - 101[0m
[0mGET / [32m200[0m 3.188 ms - 21770[0m
[0mPOST /api/auth/logout [33m401[0m 0.251 ms - 101[0m
[0mGET / [0m-[0m - ms - -[0m
[0mPOST /api/auth/logout [33m401[0m 0.196 ms - 101[0m
[0mPOST /api/auth/logout [33m401[0m 0.177 ms - 101[0m
[0mPOST /api/auth/logout [33m401[0m 0.178 ms - 101[0m
[0mPOST /api/auth/refresh [33m401[0m 0.298 ms - 101[0m
[0mGET / [0m-[0m - ms - -[0m
[0mGET / [0m-[0m - ms - -[0m
[0mPOST /api/auth/logout [33m401[0m 0.180 ms - 101[0m
[0mGET / [32m200[0m 2.226 ms - 21770[0m
[0mPOST /api/auth/logout [33m401[0m 0.178 ms - 101[0m
[0mPOST /api/auth/logout [33m401[0m 0.149 ms - 101[0m
[0mPOST /api/auth/logout [33m401[0m 0.202 ms - 101[0m
[0mPOST /api/auth/refresh [33m401[0m 0.309 ms - 101[0m
[0mGET / [0m-[0m - ms - -[0m
[0mGET / [0m-[0m - ms - -[0m
[0mGET / [32m200[0m 3.429 ms - 21770[0m
[0mPOST /api/auth/logout [33m401[0m 0.189 ms - 101[0m
[0mPOST /api/auth/logout [33m401[0m 0.170 ms - 101[0m
[0mPOST /api/auth/logout [33m401[0m 0.216 ms - 101[0m
[0mPOST /api/auth/logout [33m401[0m 0.184 ms - 101[0m
[0mGET / [0m-[0m - ms - -[0m
[0mPOST /api/auth/refresh [33m401[0m 0.307 ms - 101[0m
[0mGET / [32m200[0m 3.844 ms - 21770[0m
[0mGET / [0m-[0m - ms - -[0m
[0mPOST /api/auth/logout [33m401[0m 0.175 ms - 101[0m
[0mPOST /api/auth/logout [33m401[0m 0.184 ms - 101[0m
[0mGET / [32m200[0m 3.463 ms - 21770[0m
[0mPOST /api/auth/logout [33m401[0m 0.197 ms - 101[0m
[0mPOST /api/auth/logout [33m401[0m 0.176 ms - 101[0m
[0mPOST /api/auth/refresh [33m401[0m 0.289 ms - 101[0m
[0mGET / [0m-[0m - ms - -[0m
[0mGET / [0m-[0m - ms - -[0m
[0mPOST /api/auth/logout [33m401[0m 0.276 ms - 101[0m
[0mGET / [32m200[0m 3.461 ms - 21770[0m
[0mPOST /api/auth/logout [33m401[0m 0.284 ms - 101[0m
[0mPOST /api/auth/logout [33m401[0m 0.228 ms - 101[0m
[0mPOST /api/auth/logout [33m401[0m 0.239 ms - 101[0m
[0mPOST /api/auth/refresh [33m401[0m 0.375 ms - 101[0m
[0mGET / [0m-[0m - ms - -[0m
[0mGET / [32m200[0m 3.510 ms - 21770[0m
[0mPOST /api/auth/logout [33m401[0m 0.264 ms - 101[0m
[0mPOST /api/auth/logout [33m401[0m 0.174 ms - 101[0m
[0mGET / [0m-[0m - ms - -[0m
[0mPOST /api/auth/logout [33m401[0m 0.218 ms - 101[0m
[0mPOST /api/auth/logout [33m401[0m 0.190 ms - 101[0m
[0mGET / [0m-[0m - ms - -[0m
[0mPOST /api/auth/refresh [33m401[0m 0.280 ms - 101[0m
[0mGET / [0m-[0m - ms - -[0m
[0mPOST /api/auth/logout [33m401[0m 0.172 ms - 101[0m
[0mGET / [32m200[0m 3.026 ms - 21770[0m
[0mPOST /api/auth/logout [33m401[0m 0.188 ms - 101[0m
[0mPOST /api/auth/logout [33m401[0m 0.171 ms - 101[0m
[0mPOST /api/auth/logout [33m401[0m 0.154 ms - 101[0m
[0mGET / [0m-[0m - ms - -[0m
[0mPOST /api/auth/refresh [33m401[0m 0.486 ms - 101[0m
[0mGET / [0m-[0m - ms - -[0m
[0mGET / [32m200[0m 2.493 ms - 21770[0m
[0mPOST /api/auth/logout [33m401[0m 0.295 ms - 101[0m
[0mPOST /api/auth/logout [33m401[0m 0.266 ms - 101[0m
[0mPOST /api/auth/refresh [33m401[0m 0.419 ms - 101[0m
[0mPOST /api/auth/logout [33m401[0m 0.341 ms - 101[0m
[0mPOST /api/auth/logout [33m401[0m 0.310 ms - 101[0m
[0mGET / [0m-[0m - ms - -[0m
[0mPOST /api/auth/logout [33m401[0m 0.268 ms - 101[0m
[0mPOST /api/auth/logout [33m401[0m 0.276 ms - 101[0m
[0mPOST /api/auth/refresh [33m401[0m 0.384 ms - 101[0m
[0mGET / [32m200[0m 7.284 ms - 21770[0m
[0mGET / [0m-[0m - ms - -[0m
[0mPOST /api/auth/logout [33m401[0m 0.184 ms - 101[0m
[0mPOST /api/auth/logout [33m401[0m 0.196 ms - 101[0m
[0mGET / [32m200[0m 6.198 ms - 21770[0m
[0mPOST /api/auth/logout [33m401[0m 0.176 ms - 101[0m
[0mPOST /api/auth/logout [33m401[0m 0.157 ms - 101[0m
[0mPOST /api/auth/refresh [33m401[0m 0.248 ms - 101[0m
[0mGET / [0m-[0m - ms - -[0m
[0mGET / [0m-[0m - ms - -[0m
[0mPOST /api/auth/logout [33m401[0m 0.179 ms - 101[0m
[0mGET / [32m200[0m 4.268 ms - 21770[0m
[0mPOST /api/auth/logout [33m401[0m 0.174 ms - 101[0m
[0mPOST /api/auth/logout [33m401[0m 0.176 ms - 101[0m
[0mPOST /api/auth/refresh [33m401[0m 0.294 ms - 101[0m
[0mPOST /api/auth/logout [33m401[0m 0.275 ms - 101[0m
[0mGET / [0m-[0m - ms - -[0m
[0mGET / [0m-[0m - ms - -[0m
[0mPOST /api/auth/logout [33m401[0m 0.185 ms - 101[0m
[0mPOST /api/auth/logout [33m401[0m 0.157 ms - 101[0m
[0mGET / [0m-[0m - ms - -[0m
[0mPOST /api/auth/logout [33m401[0m 0.150 ms - 101[0m
[0mPOST /api/auth/refresh [33m401[0m 0.270 ms - 101[0m
[0mGET / [0m-[0m - ms - -[0m
[0mGET / [0m-[0m - ms - -[0m
[0mGET / [0m-[0m - ms - -[0m
[0mPOST /api/auth/logout [33m401[0m 0.179 ms - 101[0m
[0mPOST /api/auth/logout [33m401[0m 0.210 ms - 101[0m
[0mPOST /api/auth/logout [33m401[0m 0.183 ms - 101[0m
[0mPOST /api/auth/logout [33m401[0m 0.180 ms - 101[0m
[0mGET / [0m-[0m - ms - -[0m
[0mPOST /api/auth/refresh [33m401[0m 0.303 ms - 101[0m
[0mGET / [0m-[0m - ms - -[0m
[0mGET / [0m-[0m - ms - -[0m
[0mPOST /api/auth/logout [33m401[0m 0.212 ms - 101[0m
[0mGET / [32m200[0m 2.475 ms - 21770[0m
[0mPOST /api/auth/logout [33m401[0m 0.182 ms - 101[0m
[0mPOST /api/auth/logout [33m401[0m 0.152 ms - 101[0m
[0mPOST /api/auth/logout [33m401[0m 0.148 ms - 101[0m
[0mPOST /api/auth/refresh [33m401[0m 0.327 ms - 101[0m
[0mGET / [0m-[0m - ms - -[0m
[0mGET / [0m-[0m - ms - -[0m
[0mPOST /api/auth/logout [33m401[0m 0.214 ms - 101[0m
[0mPOST /api/auth/logout [33m401[0m 0.167 ms - 101[0m
[0mPOST /api/auth/logout [33m401[0m 0.159 ms - 101[0m
[0mGET / [32m200[0m 3.874 ms - 21770[0m
[0mPOST /api/auth/logout [33m401[0m 0.159 ms - 101[0m
[0mGET / [0m-[0m - ms - -[0m
[0mPOST /api/auth/refresh [33m401[0m 0.250 ms - 101[0m
[0mGET / [0m-[0m - ms - -[0m
[0mGET / [0m-[0m - ms - -[0m
[0mPOST /api/auth/logout [33m401[0m 0.209 ms - 101[0m
[0mPOST /api/auth/logout [33m401[0m 0.193 ms - 101[0m
[0mPOST /api/auth/logout [33m401[0m 0.178 ms - 101[0m
[0mPOST /api/auth/logout [33m401[0m 0.159 ms - 101[0m
[0mGET / [0m-[0m - ms - -[0m
[0mPOST /api/auth/refresh [33m401[0m 0.264 ms - 101[0m
[0mGET / [0m-[0m - ms - -[0m
[0mPOST /api/auth/logout [33m401[0m 0.223 ms - 101[0m
[0mGET / [32m200[0m 3.365 ms - 21770[0m
[0mPOST /api/auth/logout [33m401[0m 0.162 ms - 101[0m
[0mPOST /api/auth/logout [33m401[0m 0.161 ms - 101[0m
[0mPOST /api/auth/logout [33m401[0m 0.204 ms - 101[0m
[0mPOST /api/auth/refresh [33m401[0m 0.308 ms - 101[0m
[0mGET / [32m200[0m 1.360 ms - 21770[0m
[0mPOST /api/auth/logout [33m401[0m 0.202 ms - 101[0m
[0mPOST /api/auth/logout [33m401[0m 0.246 ms - 101[0m
[0mPOST /api/auth/logout [33m401[0m 0.219 ms - 101[0m
[0mPOST /api/auth/logout [33m401[0m 0.170 ms - 101[0m
[0mGET / [32m200[0m 4.216 ms - 21770[0m
[0mPOST /api/auth/refresh [33m401[0m 0.385 ms - 101[0m
[0mGET / [0m-[0m - ms - -[0m
[0mGET / [32m200[0m 2.222 ms - 21770[0m
[0mPOST /api/auth/logout [33m401[0m 0.350 ms - 101[0m
[0mPOST /api/auth/logout [33m401[0m 0.350 ms - 101[0m
[0mPOST /api/auth/logout [33m401[0m 0.343 ms - 101[0m
[0mPOST /api/auth/logout [33m401[0m 0.272 ms - 101[0m
[0mPOST /api/auth/refresh [33m401[0m 0.465 ms - 101[0m
[0mGET / [0m-[0m - ms - -[0m
[0mGET / [0m-[0m - ms - -[0m
[0mPOST /api/auth/logout [33m401[0m 0.248 ms - 101[0m
[0mPOST /api/auth/logout [33m401[0m 0.239 ms - 101[0m
[0mPOST /api/auth/logout [33m401[0m 0.207 ms - 101[0m
[0mGET / [0m-[0m - ms - -[0m
[0mPOST /api/auth/refresh [33m401[0m 0.272 ms - 101[0m
[0mPOST /api/auth/logout [33m401[0m 0.212 ms - 101[0m
[0mGET / [0m-[0m - ms - -[0m
[0mPOST /api/auth/logout [33m401[0m 0.176 ms - 101[0m
[0mGET / [0m-[0m - ms - -[0m
[0mPOST /api/auth/logout [33m401[0m 0.171 ms - 101[0m
[0mPOST /api/auth/logout [33m401[0m 0.167 ms - 101[0m
[0mPOST /api/auth/refresh [33m401[0m 0.257 ms - 101[0m
[0mGET / [0m-[0m - ms - -[0m
[0mGET / [32m200[0m 2.333 ms - 21770[0m
[0mPOST /api/auth/logout [33m401[0m 0.284 ms - 101[0m
[0mPOST /api/auth/logout [33m401[0m 0.185 ms - 101[0m
[0mPOST /api/auth/logout [33m401[0m 0.179 ms - 101[0m
[0mPOST /api/auth/logout [33m401[0m 0.198 ms - 101[0m
[0mGET / [0m-[0m - ms - -[0m
[0mPOST /api/auth/refresh [33m401[0m 0.284 ms - 101[0m
[0mGET / [32m200[0m 3.177 ms - 21770[0m
[0mGET / [0m-[0m - ms - -[0m
[0mPOST /api/auth/logout [33m401[0m 0.217 ms - 101[0m
[0mPOST /api/auth/logout [33m401[0m 0.203 ms - 101[0m
[0mGET / [0m-[0m - ms - -[0m
[0mPOST /api/auth/logout [33m401[0m 0.175 ms - 101[0m
[0mPOST /api/auth/logout [33m401[0m 0.167 ms - 101[0m
[0mPOST /api/auth/refresh [33m401[0m 0.245 ms - 101[0m
[0mGET / [0m-[0m - ms - -[0m
[0mGET / [0m-[0m - ms - -[0m
[0mPOST /api/auth/logout [33m401[0m 0.170 ms - 101[0m
[0mGET / [32m200[0m 2.224 ms - 21770[0m
[0mPOST /api/auth/logout [33m401[0m 0.162 ms - 101[0m
[0mPOST /api/auth/logout [33m401[0m 0.153 ms - 101[0m
[0mPOST /api/auth/logout [33m401[0m 0.215 ms - 101[0m
[0mGET / [0m-[0m - ms - -[0m
[0mGET / [0m-[0m - ms - -[0m
[0mGET / [32m200[0m 7.216 ms - 21770[0m
[0mGET / [32m200[0m 8.435 ms - 21770[0m
[0mPOST /api/auth/refresh [33m401[0m 0.318 ms - 101[0m
[0mGET / [0m-[0m - ms - -[0m
[0mGET / [0m-[0m - ms - -[0m
[0mGET / [0m-[0m - ms - -[0m
[0mGET / [0m-[0m - ms - -[0m
[0mGET / [0m-[0m - ms - -[0m
[0mGET / [0m-[0m - ms - -[0m
[0mGET / [0m-[0m - ms - -[0m
[0mGET / [0m-[0m - ms - -[0m
[0mGET / [0m-[0m - ms - -[0m
[0mGET / [0m-[0m - ms - -[0m
[0mGET / [0m-[0m - ms - -[0m
[0mGET / [0m-[0m - ms - -[0m
[0mGET / [0m-[0m - ms - -[0m
[0mGET / [0m-[0m - ms - -[0m
[0mGET / [0m-[0m - ms - -[0m
[0mGET / [0m-[0m - ms - -[0m
[0mGET / [0m-[0m - ms - -[0m
[0mGET / [0m-[0m - ms - -[0m
[0mGET / [0m-[0m - ms - -[0m
[0mGET / [0m-[0m - ms - -[0m
[0mGET / [0m-[0m - ms - -[0m
[0mGET / [0m-[0m - ms - -[0m
[0mGET / [0m-[0m - ms - -[0m
[0mGET / [0m-[0m - ms - -[0m
[0mGET / [0m-[0m - ms - -[0m
[0mGET / [0m-[0m - ms - -[0m
[0mGET / [0m-[0m - ms - -[0m
[0mGET / [0m-[0m - ms - -[0m
[0mGET / [0m-[0m - ms - -[0m
[0mGET / [0m-[0m - ms - -[0m
[0mGET / [0m-[0m - ms - -[0m
[0mPOST /api/auth/logout [33m401[0m 0.186 ms - 101[0m
[0mPOST /api/auth/logout [33m401[0m 0.192 ms - 101[0m
[0mPOST /api/auth/logout [33m401[0m 0.181 ms - 101[0m
[0mPOST /api/auth/logout [33m401[0m 0.186 ms - 101[0m
[0mGET / [0m-[0m - ms - -[0m
[0mGET / [0m-[0m - ms - -[0m
[0mGET / [0m-[0m - ms - -[0m
[0mGET / [0m-[0m - ms - -[0m
[0mGET / [0m-[0m - ms - -[0m
[0mPOST /api/auth/refresh [33m401[0m 0.349 ms - 101[0m
[0mGET / [0m-[0m - ms - -[0m
[0mGET / [0m-[0m - ms - -[0m
[0mGET / [0m-[0m - ms - -[0m
[0mGET / [32m200[0m 7.575 ms - 21770[0m
[0mPOST /api/auth/logout [33m401[0m 0.250 ms - 101[0m
[0mPOST /api/auth/logout [33m401[0m 0.275 ms - 101[0m
[0mPOST /api/auth/logout [33m401[0m 0.252 ms - 101[0m
[0mPOST /api/auth/logout [33m401[0m 0.182 ms - 101[0m
[0mGET / [0m-[0m - ms - -[0m
[0mPOST /api/auth/refresh [33m401[0m 0.434 ms - 101[0m
[0mGET / [0m-[0m - ms - -[0m
[0mPOST /api/auth/logout [33m401[0m 0.202 ms - 101[0m
[0mGET / [32m200[0m 2.706 ms - 21770[0m
[0mPOST /api/auth/logout [33m401[0m 0.196 ms - 101[0m
[0mPOST /api/auth/logout [33m401[0m 0.168 ms - 101[0m
[0mPOST /api/auth/logout [33m401[0m 0.175 ms - 101[0m
[0mPOST /api/auth/refresh [33m401[0m 0.249 ms - 101[0m
[0mGET / [0m-[0m - ms - -[0m
[0mPOST /api/auth/logout [33m401[0m 0.207 ms - 101[0m
[0mPOST /api/auth/logout [33m401[0m 0.184 ms - 101[0m
[0mPOST /api/auth/logout [33m401[0m 0.188 ms - 101[0m
[0mPOST /api/auth/logout [33m401[0m 0.201 ms - 101[0m
[0mPOST /api/auth/refresh [33m401[0m 0.303 ms - 101[0m
[0mGET / [32m200[0m 1.790 ms - 21770[0m
[0mPOST /api/auth/logout [33m401[0m 0.213 ms - 101[0m
[0mPOST /api/auth/logout [33m401[0m 0.185 ms - 101[0m
[0mPOST /api/auth/logout [33m401[0m 0.177 ms - 101[0m
[0mGET / [32m200[0m 3.180 ms - 21770[0m
[0mPOST /api/auth/logout [33m401[0m 0.177 ms - 101[0m
[0mPOST /api/auth/refresh [33m401[0m 0.281 ms - 101[0m
[0mGET / [0m-[0m - ms - -[0m
[0mGET / [32m200[0m 3.306 ms - 21770[0m
[0mPOST /api/auth/logout [33m401[0m 0.256 ms - 101[0m
[0mPOST /api/auth/logout [33m401[0m 0.245 ms - 101[0m
[0mPOST /api/auth/logout [33m401[0m 0.314 ms - 101[0m
[0mPOST /api/auth/logout [33m401[0m 0.528 ms - 101[0m
[0mPOST /api/auth/refresh [33m401[0m 0.365 ms - 101[0m
[0mGET / [0m-[0m - ms - -[0m
[0mGET / [32m200[0m 2.898 ms - 21770[0m
[0mPOST /api/auth/logout [33m401[0m 0.229 ms - 101[0m
[0mPOST /api/auth/logout [33m401[0m 0.205 ms - 101[0m
[0mGET / [32m200[0m 3.091 ms - 21770[0m
[0mPOST /api/auth/logout [33m401[0m 0.264 ms - 101[0m
[0mPOST /api/auth/logout [33m401[0m 0.248 ms - 101[0m
[0mPOST /api/auth/refresh [33m401[0m 0.432 ms - 101[0m
[0mGET / [0m-[0m - ms - -[0m
[0mGET / [0m-[0m - ms - -[0m
[0mGET / [0m-[0m - ms - -[0m
[0mPOST /api/auth/logout [33m401[0m 0.190 ms - 101[0m
[0mPOST /api/auth/logout [33m401[0m 0.209 ms - 101[0m
[0mGET / [32m200[0m 3.610 ms - 21770[0m
[0mPOST /api/auth/logout [33m401[0m 0.176 ms - 101[0m
[0mPOST /api/auth/logout [33m401[0m 0.192 ms - 101[0m
[0mPOST /api/auth/refresh [33m401[0m 0.312 ms - 101[0m
[0mGET / [32m200[0m 2.205 ms - 21770[0m
[0mPOST /api/auth/logout [33m401[0m 0.189 ms - 101[0m
[0mGET / [32m200[0m 2.399 ms - 21770[0m
[0mPOST /api/auth/logout [33m401[0m 0.173 ms - 101[0m
[0mPOST /api/auth/logout [33m401[0m 0.159 ms - 101[0m
[0mPOST /api/auth/logout [33m401[0m 0.163 ms - 101[0m
[0mGET / [0m-[0m - ms - -[0m
[0mPOST /api/auth/refresh [33m401[0m 0.246 ms - 101[0m
[0mGET / [0m-[0m - ms - -[0m
[0mPOST /api/auth/logout [33m401[0m 0.229 ms - 101[0m
[0mPOST /api/auth/logout [33m401[0m 0.181 ms - 101[0m
[0mGET / [32m200[0m 3.550 ms - 21770[0m
[0mPOST /api/auth/logout [33m401[0m 0.209 ms - 101[0m
[0mPOST /api/auth/logout [33m401[0m 0.245 ms - 101[0m
[0mGET / [0m-[0m - ms - -[0m
[0mGET / [32m200[0m 2.309 ms - 21770[0m
[0mPOST /api/auth/refresh [33m401[0m 0.361 ms - 101[0m
[0mGET / [0m-[0m - ms - -[0m
[0mGET / [0m-[0m - ms - -[0m
[0mPOST /api/auth/logout [33m401[0m 0.407 ms - 101[0m
[0mGET / [0m-[0m - ms - -[0m
[0mPOST /api/auth/logout [33m401[0m 0.225 ms - 101[0m
[0mPOST /api/auth/logout [33m401[0m 0.180 ms - 101[0m
[0mPOST /api/auth/logout [33m401[0m 0.310 ms - 101[0m
[0mPOST /api/auth/refresh [33m401[0m 0.495 ms - 101[0m
[0mGET / [0m-[0m - ms - -[0m
[0mGET / [0m-[0m - ms - -[0m
[0mGET / [32m200[0m 5.648 ms - 21770[0m
[0mPOST /api/auth/logout [33m401[0m 0.514 ms - 101[0m
[0mPOST /api/auth/logout [33m401[0m 0.304 ms - 101[0m
[0mPOST /api/auth/logout [33m401[0m 0.302 ms - 101[0m
[0mPOST /api/auth/refresh [33m401[0m 0.473 ms - 101[0m
[0mPOST /api/auth/logout [33m401[0m 0.293 ms - 101[0m
[0mGET / [0m-[0m - ms - -[0m
[0mGET / [0m-[0m - ms - -[0m
[0mPOST /api/auth/logout [33m401[0m 0.199 ms - 101[0m
[0mPOST /api/auth/logout [33m401[0m 0.189 ms - 101[0m
[0mGET / [0m-[0m - ms - -[0m
[0mPOST /api/auth/logout [33m401[0m 0.196 ms - 101[0m
[0mPOST /api/auth/refresh [33m401[0m 0.336 ms - 101[0m
[0mGET / [0m-[0m - ms - -[0m
[0mGET / [0m-[0m - ms - -[0m
[0mGET / [32m200[0m 2.454 ms - 21770[0m
[0mPOST /api/auth/logout [33m401[0m 0.184 ms - 101[0m
[0mPOST /api/auth/logout [33m401[0m 0.384 ms - 101[0m
[0mPOST /api/auth/logout [33m401[0m 0.186 ms - 101[0m
[0mPOST /api/auth/logout [33m401[0m 0.160 ms - 101[0m
[0mGET / [0m-[0m - ms - -[0m
[0mPOST /api/auth/refresh [33m401[0m 0.285 ms - 101[0m
[0mGET / [32m200[0m 4.585 ms - 21770[0m
[0mPOST /api/auth/logout [33m401[0m 0.186 ms - 101[0m
[0mPOST /api/auth/logout [33m401[0m 0.211 ms - 101[0m
[0mGET / [0m-[0m - ms - -[0m
[0mPOST /api/auth/logout [33m401[0m 0.219 ms - 101[0m
[0mGET / [0m-[0m - ms - -[0m
[0mPOST /api/auth/logout [33m401[0m 0.170 ms - 101[0m
[0mPOST /api/auth/refresh [33m401[0m 0.527 ms - 101[0m
[0mGET / [0m-[0m - ms - -[0m
[0mGET / [32m200[0m 4.562 ms - 21770[0m
[0mPOST /api/auth/logout [33m401[0m 0.247 ms - 101[0m
[0mPOST /api/auth/logout [33m401[0m 0.393 ms - 101[0m
[0mPOST /api/auth/logout [33m401[0m 0.298 ms - 101[0m
[0mPOST /api/auth/refresh [33m401[0m 0.320 ms - 101[0m
[0mPOST /api/auth/logout [33m401[0m 0.175 ms - 101[0m
[0mGET / [0m-[0m - ms - -[0m
[0mGET / [0m-[0m - ms - -[0m
[0mPOST /api/auth/logout [33m401[0m 0.253 ms - 101[0m
[0mPOST /api/auth/logout [33m401[0m 0.207 ms - 101[0m
[0mGET / [0m-[0m - ms - -[0m
[0mPOST /api/auth/refresh [33m401[0m 0.315 ms - 101[0m
[0mPOST /api/auth/logout [33m401[0m 0.185 ms - 101[0m
[0mPOST /api/auth/logout [33m401[0m 0.171 ms - 101[0m
[0mPOST /api/auth/logout [33m401[0m 0.198 ms - 101[0m
[0mGET / [32m200[0m 3.091 ms - 21770[0m
[0mPOST /api/auth/logout [33m401[0m 0.197 ms - 101[0m
[0mGET / [0m-[0m - ms - -[0m
[0mGET / [0m-[0m - ms - -[0m
[0mPOST /api/auth/refresh [33m401[0m 0.312 ms - 101[0m
[0mGET / [0m-[0m - ms - -[0m
[0mGET / [32m200[0m 1.548 ms - 21770[0m
[0mPOST /api/auth/logout [33m401[0m 0.214 ms - 101[0m
[0mPOST /api/auth/logout [33m401[0m 0.185 ms - 101[0m
[0mPOST /api/auth/logout [33m401[0m 0.176 ms - 101[0m
[0mPOST /api/auth/logout [33m401[0m 0.239 ms - 101[0m
[0mGET / [0m-[0m - ms - -[0m
[0mPOST /api/auth/refresh [33m401[0m 0.289 ms - 101[0m
[0mGET / [0m-[0m - ms - -[0m
[0mGET / [32m200[0m 2.780 ms - 21770[0m
[0mPOST /api/auth/logout [33m401[0m 0.214 ms - 101[0m
[0mPOST /api/auth/logout [33m401[0m 0.181 ms - 101[0m
[0mPOST /api/auth/logout [33m401[0m 0.195 ms - 101[0m
[0mGET / [0m-[0m - ms - -[0m
[0mPOST /api/auth/refresh [33m401[0m 0.346 ms - 101[0m
[0mPOST /api/auth/logout [33m401[0m 0.287 ms - 101[0m
[0mGET / [0m-[0m - ms - -[0m
[0mGET / [0m-[0m - ms - -[0m
[0mPOST /api/auth/logout [33m401[0m 0.384 ms - 101[0m
[0mGET / [32m200[0m 5.242 ms - 21770[0m
[0mPOST /api/auth/logout [33m401[0m 0.290 ms - 101[0m
[0mPOST /api/auth/refresh [33m401[0m 0.512 ms - 101[0m
[0mPOST /api/auth/logout [33m401[0m 0.284 ms - 101[0m
[0mPOST /api/auth/logout [33m401[0m 0.278 ms - 101[0m
[0mPOST /api/auth/logout [33m401[0m 0.250 ms - 101[0m
[0mPOST /api/auth/logout [33m401[0m 0.278 ms - 101[0m
[0mGET / [0m-[0m - ms - -[0m
[0mPOST /api/auth/refresh [33m401[0m 0.498 ms - 101[0m
[0mGET / [0m-[0m - ms - -[0m
[0mPOST /api/auth/logout [33m401[0m 0.300 ms - 101[0m
[0mGET / [0m-[0m - ms - -[0m
[0mPOST /api/auth/logout [33m401[0m 0.205 ms - 101[0m
[0mPOST /api/auth/logout [33m401[0m 0.246 ms - 101[0m
[0mPOST /api/auth/logout [33m401[0m 0.189 ms - 101[0m
[0mPOST /api/auth/refresh [33m401[0m 0.516 ms - 101[0m
[0mGET / [0m-[0m - ms - -[0m
[0mGET / [0m-[0m - ms - -[0m
[0mPOST /api/auth/logout [33m401[0m 0.187 ms - 101[0m
[0mGET / [0m-[0m - ms - -[0m
[0mPOST /api/auth/logout [33m401[0m 0.192 ms - 101[0m
[0mPOST /api/auth/logout [33m401[0m 0.238 ms - 101[0m
[0mPOST /api/auth/logout [33m401[0m 0.232 ms - 101[0m
[0mGET / [0m-[0m - ms - -[0m
[0mPOST /api/auth/refresh [33m401[0m 0.457 ms - 101[0m
[0mGET / [0m-[0m - ms - -[0m
[0mGET / [0m-[0m - ms - -[0m
[0mPOST /api/auth/logout [33m401[0m 0.306 ms - 101[0m
[0mPOST /api/auth/logout [33m401[0m 0.343 ms - 101[0m
[0mGET / [0m-[0m - ms - -[0m
[0mPOST /api/auth/logout [33m401[0m 0.222 ms - 101[0m
[0mPOST /api/auth/logout [33m401[0m 0.323 ms - 101[0m
[0mPOST /api/auth/refresh [33m401[0m 0.493 ms - 101[0m
[0mGET / [0m-[0m - ms - -[0m
[0mGET / [0m-[0m - ms - -[0m
[0mGET / [0m-[0m - ms - -[0m
[0mPOST /api/auth/logout [33m401[0m 0.343 ms - 101[0m
[0mPOST /api/auth/logout [33m401[0m 0.353 ms - 101[0m
[0mGET / [0m-[0m - ms - -[0m
[0mPOST /api/auth/refresh [33m401[0m 0.549 ms - 101[0m
[0mPOST /api/auth/logout [33m401[0m 0.321 ms - 101[0m
[0mPOST /api/auth/logout [33m401[0m 0.387 ms - 101[0m
[0mGET / [0m-[0m - ms - -[0m
[0mPOST /api/auth/logout [33m401[0m 0.328 ms - 101[0m
[0mGET / [32m200[0m 5.226 ms - 21770[0m
[0mGET / [32m200[0m 6.839 ms - 21770[0m
[0mPOST /api/auth/logout [33m401[0m 0.254 ms - 101[0m
[0mPOST /api/auth/refresh [33m401[0m 0.546 ms - 101[0m
[0mGET / [0m-[0m - ms - -[0m
[0mGET / [0m-[0m - ms - -[0m
[0mGET / [32m200[0m 4.565 ms - 21770[0m
[0mPOST /api/auth/logout [33m401[0m 0.334 ms - 101[0m
[0mPOST /api/auth/logout [33m401[0m 0.333 ms - 101[0m
[0mPOST /api/auth/logout [33m401[0m 0.375 ms - 101[0m
[0mPOST /api/auth/refresh [33m401[0m 0.660 ms - 101[0m
[0mPOST /api/auth/logout [33m401[0m 0.343 ms - 101[0m
[0mGET / [0m-[0m - ms - -[0m
[0mPOST /api/auth/logout [33m401[0m 0.376 ms - 101[0m
[0mGET / [32m200[0m 4.764 ms - 21770[0m
[0mPOST /api/auth/logout [33m401[0m 0.345 ms - 101[0m
[0mPOST /api/auth/logout [33m401[0m 0.264 ms - 101[0m
[0mPOST /api/auth/refresh [33m401[0m 0.395 ms - 101[0m
[0mGET / [0m-[0m - ms - -[0m
[0mGET / [0m-[0m - ms - -[0m
[0mPOST /api/auth/logout [33m401[0m 0.494 ms - 101[0m
[0mPOST /api/auth/logout [33m401[0m 0.268 ms - 101[0m
[0mGET / [32m200[0m 7.878 ms - 21770[0m
[0mPOST /api/auth/logout [33m401[0m 0.368 ms - 101[0m
[0mPOST /api/auth/refresh [33m401[0m 0.477 ms - 101[0m
[0mPOST /api/auth/logout [33m401[0m 0.318 ms - 101[0m
[0mGET / [0m-[0m - ms - -[0m
[0mGET / [0m-[0m - ms - -[0m
[0mGET / [0m-[0m - ms - -[0m
[0mPOST /api/auth/logout [33m401[0m 0.202 ms - 101[0m
[0mPOST /api/auth/logout [33m401[0m 0.170 ms - 101[0m
[0mGET / [0m-[0m - ms - -[0m
[0mPOST /api/auth/logout [33m401[0m 0.159 ms - 101[0m
[0mPOST /api/auth/refresh [33m401[0m 0.288 ms - 101[0m
[0mGET / [0m-[0m - ms - -[0m
[0mGET / [0m-[0m - ms - -[0m
[0mGET / [0m-[0m - ms - -[0m
[0mPOST /api/auth/logout [33m401[0m 0.172 ms - 101[0m
[0mPOST /api/auth/logout [33m401[0m 0.172 ms - 101[0m
[0mPOST /api/auth/logout [33m401[0m 0.202 ms - 101[0m
[0mGET / [0m-[0m - ms - -[0m
[0mPOST /api/auth/refresh [33m401[0m 0.303 ms - 101[0m
[0mPOST /api/auth/logout [33m401[0m 0.213 ms - 101[0m
[0mGET / [0m-[0m - ms - -[0m
[0mPOST /api/auth/logout [33m401[0m 0.233 ms - 101[0m
[0mGET / [32m200[0m 3.964 ms - 21770[0m
[0mGET / [32m200[0m 5.005 ms - 21770[0m
[0mPOST /api/auth/logout [33m401[0m 0.181 ms - 101[0m
[0mPOST /api/auth/refresh [33m401[0m 0.282 ms - 101[0m
[0mPOST /api/auth/logout [33m401[0m 0.174 ms - 101[0m
[0mGET / [0m-[0m - ms - -[0m
[0mGET / [0m-[0m - ms - -[0m
[0mPOST /api/auth/logout [33m401[0m 0.184 ms - 101[0m
[0mGET / [32m200[0m 3.696 ms - 21770[0m
[0mPOST /api/auth/logout [33m401[0m 0.247 ms - 101[0m
[0mPOST /api/auth/logout [33m401[0m 0.274 ms - 101[0m
[0mPOST /api/auth/refresh [33m401[0m 0.382 ms - 101[0m
[0mGET / [0m-[0m - ms - -[0m
[0mGET / [0m-[0m - ms - -[0m
[0mPOST /api/auth/logout [33m401[0m 0.189 ms - 101[0m
[0mPOST /api/auth/logout [33m401[0m 0.156 ms - 101[0m
[0mGET / [32m200[0m 5.738 ms - 21770[0m
[0mPOST /api/auth/logout [33m401[0m 0.213 ms - 101[0m
[0mPOST /api/auth/logout [33m401[0m 0.215 ms - 101[0m
[0mGET / [0m-[0m - ms - -[0m
[0mPOST /api/auth/refresh [33m401[0m 0.313 ms - 101[0m
[0mGET / [32m200[0m 3.932 ms - 21770[0m
[0mGET / [32m200[0m 5.054 ms - 21770[0m
[0mPOST /api/auth/logout [33m401[0m 0.157 ms - 101[0m
[0mGET / [0m-[0m - ms - -[0m
[0mGET / [0m-[0m - ms - -[0m
[0mGET / [0m-[0m - ms - -[0m
[0mGET / [0m-[0m - ms - -[0m
[0mGET / [0m-[0m - ms - -[0m
[0mGET / [0m-[0m - ms - -[0m
[0mGET / [0m-[0m - ms - -[0m
[0mGET / [0m-[0m - ms - -[0m
[0mGET / [0m-[0m - ms - -[0m
[0mGET / [0m-[0m - ms - -[0m
[0mGET / [0m-[0m - ms - -[0m
[0mGET / [0m-[0m - ms - -[0m
[0mGET / [0m-[0m - ms - -[0m
[0mGET / [0m-[0m - ms - -[0m
[0mGET / [0m-[0m - ms - -[0m
[0mGET / [0m-[0m - ms - -[0m
[0mGET / [0m-[0m - ms - -[0m
[0mGET / [0m-[0m - ms - -[0m
[0mGET / [0m-[0m - ms - -[0m
[0mGET / [0m-[0m - ms - -[0m
[0mGET / [0m-[0m - ms - -[0m
[0mGET / [0m-[0m - ms - -[0m
[0mGET / [0m-[0m - ms - -[0m
[0mGET / [0m-[0m - ms - -[0m
[0mGET / [0m-[0m - ms - -[0m
[0mPOST /api/auth/refresh [33m401[0m 0.339 ms - 101[0m
[0mPOST /api/auth/logout [33m401[0m 0.151 ms - 101[0m
[0mPOST /api/auth/logout [33m401[0m 0.148 ms - 101[0m
[0mPOST /api/auth/logout [33m401[0m 0.162 ms - 101[0m
[0mGET / [0m-[0m - ms - -[0m
[0mGET / [0m-[0m - ms - -[0m
[0mGET / [0m-[0m - ms - -[0m
[0mGET / [0m-[0m - ms - -[0m
[0mPOST /api/auth/logout [33m401[0m 0.169 ms - 101[0m
[0mPOST /api/auth/refresh [33m401[0m 0.259 ms - 101[0m
[0mPOST /api/auth/logout [33m401[0m 0.203 ms - 101[0m
[0mPOST /api/auth/logout [33m401[0m 0.164 ms - 101[0m
[0mPOST /api/auth/logout [33m401[0m 0.180 ms - 101[0m
[0mPOST /api/auth/logout [33m401[0m 0.147 ms - 101[0m
[0mPOST /api/auth/refresh [33m401[0m 0.281 ms - 101[0m
[0mGET / [0m-[0m - ms - -[0m
[0mPOST /api/auth/logout [33m401[0m 0.164 ms - 101[0m
[0mPOST /api/auth/logout [33m401[0m 0.166 ms - 101[0m
[0mPOST /api/auth/logout [33m401[0m 0.161 ms - 101[0m
[0mPOST /api/auth/logout [33m401[0m 0.174 ms - 101[0m
[0mGET / [32m200[0m 1.130 ms - 21770[0m
[0mPOST /api/auth/refresh [33m401[0m 0.284 ms - 101[0m
[0mGET / [32m200[0m 1.544 ms - 21770[0m
[0mPOST /api/auth/logout [33m401[0m 0.225 ms - 101[0m
[0mPOST /api/auth/logout [33m401[0m 0.342 ms - 101[0m
[0mPOST /api/auth/logout [33m401[0m 0.248 ms - 101[0m
[0mPOST /api/auth/logout [33m401[0m 0.240 ms - 101[0m
[0mGET / [32m200[0m 2.288 ms - 21770[0m
[0mPOST /api/auth/refresh [33m401[0m 0.325 ms - 101[0m
[0mGET / [32m200[0m 1.174 ms - 21770[0m
[0mPOST /api/auth/logout [33m401[0m 0.210 ms - 101[0m
[0mPOST /api/auth/logout [33m401[0m 0.195 ms - 101[0m
[0mGET / [32m200[0m 2.240 ms - 21770[0m
[0mPOST /api/auth/logout [33m401[0m 0.350 ms - 101[0m
[0mPOST /api/auth/logout [33m401[0m 0.200 ms - 101[0m
[0mPOST /api/auth/refresh [33m401[0m 0.269 ms - 101[0m
[0mGET / [0m-[0m - ms - -[0m
[0mGET / [0m-[0m - ms - -[0m
[0mPOST /api/auth/logout [33m401[0m 0.211 ms - 101[0m
[0mGET / [32m200[0m 3.426 ms - 21770[0m
[0mPOST /api/auth/logout [33m401[0m 0.176 ms - 101[0m
[0mPOST /api/auth/logout [33m401[0m 0.153 ms - 101[0m
[0mPOST /api/auth/logout [33m401[0m 0.171 ms - 101[0m
[0mGET / [0m-[0m - ms - -[0m
[0mGET / [32m200[0m 2.177 ms - 21770[0m
[0mPOST /api/auth/refresh [33m401[0m 0.582 ms - 101[0m
[0mGET / [0m-[0m - ms - -[0m
[0mGET / [32m200[0m 3.357 ms - 21770[0m
[0mPOST /api/auth/logout [33m401[0m 0.195 ms - 101[0m
[0mPOST /api/auth/logout [33m401[0m 0.235 ms - 101[0m
[0mPOST /api/auth/logout [33m401[0m 0.299 ms - 101[0m
[0mPOST /api/auth/refresh [33m401[0m 0.294 ms - 101[0m
[0mPOST /api/auth/logout [33m401[0m 0.182 ms - 101[0m
[0mGET / [32m200[0m 2.814 ms - 21770[0m
[0mPOST /api/auth/logout [33m401[0m 0.229 ms - 101[0m
[0mPOST /api/auth/logout [33m401[0m 0.182 ms - 101[0m
[0mPOST /api/auth/logout [33m401[0m 0.178 ms - 101[0m
[0mPOST /api/auth/refresh [33m401[0m 0.359 ms - 101[0m
[0mGET / [32m200[0m 4.481 ms - 21770[0m
[0mGET / [0m-[0m - ms - -[0m
[0mGET / [32m200[0m 2.573 ms - 21770[0m
[0mPOST /api/auth/logout [33m401[0m 0.182 ms - 101[0m
[0mPOST /api/auth/logout [33m401[0m 0.161 ms - 101[0m
[0mPOST /api/auth/logout [33m401[0m 0.160 ms - 101[0m
[0mPOST /api/auth/logout [33m401[0m 0.166 ms - 101[0m
[0mGET / [0m-[0m - ms - -[0m
[0mPOST /api/auth/refresh [33m401[0m 0.481 ms - 101[0m
[0mGET / [0m-[0m - ms - -[0m
[0mGET / [0m-[0m - ms - -[0m
[0mGET / [32m200[0m 2.358 ms - 21770[0m
[0mPOST /api/auth/logout [33m401[0m 0.230 ms - 101[0m
[0mPOST /api/auth/logout [33m401[0m 0.192 ms - 101[0m
[0mPOST /api/auth/logout [33m401[0m 0.200 ms - 101[0m
[0mPOST /api/auth/refresh [33m401[0m 0.271 ms - 101[0m
[0mPOST /api/auth/logout [33m401[0m 0.154 ms - 101[0m
[0mGET / [0m-[0m - ms - -[0m
[0mPOST /api/auth/logout [33m401[0m 0.183 ms - 101[0m
[0mPOST /api/auth/logout [33m401[0m 0.192 ms - 101[0m
[0mPOST /api/auth/logout [33m401[0m 0.192 ms - 101[0m
[0mGET / [32m200[0m 4.267 ms - 21770[0m
[0mPOST /api/auth/refresh [33m401[0m 0.368 ms - 101[0m
[0mGET / [0m-[0m - ms - -[0m
[0mGET / [32m200[0m 1.458 ms - 21770[0m
[0mPOST /api/auth/logout [33m401[0m 0.199 ms - 101[0m
[0mPOST /api/auth/logout [33m401[0m 0.178 ms - 101[0m
[0mPOST /api/auth/logout [33m401[0m 0.264 ms - 101[0m
[0mPOST /api/auth/logout [33m401[0m 0.170 ms - 101[0m
[0mGET / [0m-[0m - ms - -[0m
[0mGET / [32m200[0m 3.339 ms - 21770[0m
[0mPOST /api/auth/refresh [33m401[0m 0.291 ms - 101[0m
[0mGET / [0m-[0m - ms - -[0m
[0mPOST /api/auth/logout [33m401[0m 0.227 ms - 101[0m
[0mPOST /api/auth/logout [33m401[0m 0.222 ms - 101[0m
[0mGET / [0m-[0m - ms - -[0m
[0mPOST /api/auth/logout [33m401[0m 0.222 ms - 101[0m
[0mPOST /api/auth/logout [33m401[0m 0.296 ms - 101[0m
[0mGET / [0m-[0m - ms - -[0m
[0mPOST /api/auth/refresh [33m401[0m 0.286 ms - 101[0m
[0mGET / [0m-[0m - ms - -[0m
[0mGET / [32m200[0m 3.249 ms - 21770[0m
[0mPOST /api/auth/logout [33m401[0m 0.165 ms - 101[0m
[0mPOST /api/auth/logout [33m401[0m 0.153 ms - 101[0m
[0mPOST /api/auth/logout [33m401[0m 0.183 ms - 101[0m
[0mPOST /api/auth/logout [33m401[0m 0.157 ms - 101[0m
[0mGET / [0m-[0m - ms - -[0m
[0mPOST /api/auth/refresh [33m401[0m 0.250 ms - 101[0m
[0mGET / [32m200[0m 2.966 ms - 21770[0m
[0mPOST /api/auth/logout [33m401[0m 0.177 ms - 101[0m
[0mPOST /api/auth/logout [33m401[0m 0.157 ms - 101[0m
[0mGET / [0m-[0m - ms - -[0m
[0mPOST /api/auth/logout [33m401[0m 0.167 ms - 101[0m
[0mPOST /api/auth/logout [33m401[0m 0.142 ms - 101[0m
[0mGET / [0m-[0m - ms - -[0m
[0mPOST /api/auth/refresh [33m401[0m 0.260 ms - 101[0m
[0mGET / [0m-[0m - ms - -[0m
[0mPOST /api/auth/logout [33m401[0m 0.194 ms - 101[0m
[0mGET / [0m-[0m - ms - -[0m
[0mPOST /api/auth/logout [33m401[0m 0.158 ms - 101[0m
[0mPOST /api/auth/logout [33m401[0m 0.275 ms - 101[0m
[0mPOST /api/auth/logout [33m401[0m 0.247 ms - 101[0m
[0mGET / [0m-[0m - ms - -[0m
[0mPOST /api/auth/refresh [33m401[0m 0.398 ms - 101[0m
[0mGET / [0m-[0m - ms - -[0m
[0mPOST /api/auth/logout [33m401[0m 0.249 ms - 101[0m
[0mPOST /api/auth/logout [33m401[0m 0.263 ms - 101[0m
[0mGET / [0m-[0m - ms - -[0m
[0mPOST /api/auth/refresh [33m401[0m 0.283 ms - 101[0m
[0mPOST /api/auth/logout [33m401[0m 0.175 ms - 101[0m
[0mPOST /api/auth/logout [33m401[0m 0.210 ms - 101[0m
[0mGET / [0m-[0m - ms - -[0m
[0mPOST /api/auth/logout [33m401[0m 0.202 ms - 101[0m
[0mGET / [32m200[0m 3.060 ms - 21770[0m
[0mPOST /api/auth/logout [33m401[0m 0.144 ms - 101[0m
[0mPOST /api/auth/refresh [33m401[0m 0.237 ms - 101[0m
[0mGET / [0m-[0m - ms - -[0m
[0mGET / [0m-[0m - ms - -[0m
[0mPOST /api/auth/logout [33m401[0m 0.183 ms - 101[0m
[0mPOST /api/auth/logout [33m401[0m 0.169 ms - 101[0m
[0mPOST /api/auth/logout [33m401[0m 0.208 ms - 101[0m
[0mGET / [32m200[0m 5.243 ms - 21770[0m
[0mPOST /api/auth/logout [33m401[0m 0.263 ms - 101[0m
[0mPOST /api/auth/refresh [33m401[0m 0.428 ms - 101[0m
[0mGET / [32m200[0m 4.348 ms - 21770[0m
[0mPOST /api/auth/logout [33m401[0m 0.268 ms - 101[0m
[0mPOST /api/auth/logout [33m401[0m 0.273 ms - 101[0m
[0mGET / [32m200[0m 4.477 ms - 21770[0m
[0mPOST /api/auth/logout [33m401[0m 0.257 ms - 101[0m
[0mPOST /api/auth/logout [33m401[0m 0.271 ms - 101[0m
[0mGET / [0m-[0m - ms - -[0m
[0mPOST /api/auth/refresh [33m401[0m 0.292 ms - 101[0m
[0mGET / [0m-[0m - ms - -[0m
[0mPOST /api/auth/logout [33m401[0m 0.193 ms - 101[0m
[0mGET / [32m200[0m 3.324 ms - 21770[0m
[0mPOST /api/auth/logout [33m401[0m 0.220 ms - 101[0m
[0mPOST /api/auth/logout [33m401[0m 0.210 ms - 101[0m
[0mPOST /api/auth/logout [33m401[0m 0.202 ms - 101[0m
[0mPOST /api/auth/refresh [33m401[0m 0.329 ms - 101[0m
[0mGET / [0m-[0m - ms - -[0m
[0mGET / [0m-[0m - ms - -[0m
[0mGET / [0m-[0m - ms - -[0m
[0mPOST /api/auth/logout [33m401[0m 0.195 ms - 101[0m
[0mPOST /api/auth/logout [33m401[0m 0.205 ms - 101[0m
[0mPOST /api/auth/logout [33m401[0m 0.191 ms - 101[0m
[0mPOST /api/auth/logout [33m401[0m 0.181 ms - 101[0m
[0mPOST /api/auth/refresh [33m401[0m 0.288 ms - 101[0m
[0mGET / [0m-[0m - ms - -[0m
[0mGET / [0m-[0m - ms - -[0m
[0mPOST /api/auth/logout [33m401[0m 0.188 ms - 101[0m
[0mPOST /api/auth/logout [33m401[0m 0.164 ms - 101[0m
[0mGET / [32m200[0m 4.323 ms - 21770[0m
[0mPOST /api/auth/logout [33m401[0m 0.184 ms - 101[0m
[0mPOST /api/auth/logout [33m401[0m 0.157 ms - 101[0m
[0mPOST /api/auth/refresh [33m401[0m 0.260 ms - 101[0m
[0mGET / [0m-[0m - ms - -[0m
[0mGET / [0m-[0m - ms - -[0m
[0mPOST /api/auth/logout [33m401[0m 0.196 ms - 101[0m
[0mPOST /api/auth/logout [33m401[0m 0.170 ms - 101[0m
[0mGET / [0m-[0m - ms - -[0m
[0mPOST /api/auth/logout [33m401[0m 0.171 ms - 101[0m
[0mPOST /api/auth/logout [33m401[0m 0.157 ms - 101[0m
[0mGET / [0m-[0m - ms - -[0m
[0mPOST /api/auth/refresh [33m401[0m 0.322 ms - 101[0m
[0mGET / [0m-[0m - ms - -[0m
[0mPOST /api/auth/logout [33m401[0m 0.186 ms - 101[0m
[0mGET / [32m200[0m 3.328 ms - 21770[0m
[0mPOST /api/auth/logout [33m401[0m 0.176 ms - 101[0m
[0mPOST /api/auth/logout [33m401[0m 0.190 ms - 101[0m
[0mPOST /api/auth/logout [33m401[0m 0.152 ms - 101[0m
[0mPOST /api/auth/refresh [33m401[0m 0.246 ms - 101[0m
[0mPOST /api/auth/logout [33m401[0m 0.202 ms - 101[0m
[0mPOST /api/auth/logout [33m401[0m 0.182 ms - 101[0m
[0mPOST /api/auth/logout [33m401[0m 0.317 ms - 101[0m
[0mPOST /api/auth/logout [33m401[0m 0.215 ms - 101[0m
[0mGET / [0m-[0m - ms - -[0m
[0mGET / [0m-[0m - ms - -[0m
[0mPOST /api/auth/refresh [33m401[0m 0.349 ms - 101[0m
[0mGET / [32m200[0m 2.490 ms - 21770[0m
[0mGET / [32m200[0m 1.249 ms - 21770[0m
[0mPOST /api/auth/logout [33m401[0m 0.215 ms - 101[0m
[0mPOST /api/auth/logout [33m401[0m 0.190 ms - 101[0m
[0mPOST /api/auth/logout [33m401[0m 0.224 ms - 101[0m
[0mGET / [0m-[0m - ms - -[0m
[0mPOST /api/auth/logout [33m401[0m 0.170 ms - 101[0m
[0mPOST /api/auth/refresh [33m401[0m 0.251 ms - 101[0m
[0mGET / [32m200[0m 1.537 ms - 21770[0m
[0mPOST /api/auth/logout [33m401[0m 0.237 ms - 101[0m
[0mPOST /api/auth/logout [33m401[0m 0.248 ms - 101[0m
[0mPOST /api/auth/logout [33m401[0m 0.245 ms - 101[0m
[0mPOST /api/auth/logout [33m401[0m 0.219 ms - 101[0m
[0mPOST /api/auth/refresh [33m401[0m 0.434 ms - 101[0m
[0mGET / [0m-[0m - ms - -[0m
[0mPOST /api/auth/logout [33m401[0m 0.412 ms - 101[0m
[0mPOST /api/auth/logout [33m401[0m 0.222 ms - 101[0m
[0mPOST /api/auth/logout [33m401[0m 0.203 ms - 101[0m
[0mGET / [0m-[0m - ms - -[0m
[0mPOST /api/auth/refresh [33m401[0m 0.311 ms - 101[0m
[0mPOST /api/auth/logout [33m401[0m 0.147 ms - 101[0m
[0mGET / [0m-[0m - ms - -[0m
[0mGET / [32m200[0m 1.971 ms - 21770[0m
[0mPOST /api/auth/logout [33m401[0m 0.164 ms - 101[0m
[0mPOST /api/auth/logout [33m401[0m 0.148 ms - 101[0m
[0mPOST /api/auth/refresh [33m401[0m 0.391 ms - 101[0m
[0mPOST /api/auth/logout [33m401[0m 0.151 ms - 101[0m
[0mGET / [0m-[0m - ms - -[0m
[0mPOST /api/auth/logout [33m401[0m 0.209 ms - 101[0m
[0mGET / [32m200[0m 3.276 ms - 21770[0m
[0mPOST /api/auth/logout [33m401[0m 0.282 ms - 101[0m
[0mPOST /api/auth/refresh [33m401[0m 0.276 ms - 101[0m
[0mPOST /api/auth/logout [33m401[0m 0.149 ms - 101[0m
[0mGET / [0m-[0m - ms - -[0m
[0mGET / [0m-[0m - ms - -[0m
[0mPOST /api/auth/logout [33m401[0m 0.190 ms - 101[0m
[0mPOST /api/auth/logout [33m401[0m 0.140 ms - 101[0m
[0mGET / [32m200[0m 2.682 ms - 21770[0m
[0mPOST /api/auth/logout [33m401[0m 0.277 ms - 101[0m
[0mPOST /api/auth/refresh [33m401[0m 0.316 ms - 101[0m
[0mGET / [0m-[0m - ms - -[0m
[0mGET / [32m200[0m 3.466 ms - 21770[0m
[0mPOST /api/auth/logout [33m401[0m 0.173 ms - 101[0m
[0mGET / [32m200[0m 1.955 ms - 21770[0m
[0mPOST /api/auth/logout [33m401[0m 0.170 ms - 101[0m
[0mPOST /api/auth/logout [33m401[0m 0.132 ms - 101[0m
[0mPOST /api/auth/logout [33m401[0m 0.154 ms - 101[0m
[0mPOST /api/auth/refresh [33m401[0m 0.396 ms - 101[0m
[0mGET / [32m200[0m 2.673 ms - 21770[0m
[0mPOST /api/auth/logout [33m401[0m 0.177 ms - 101[0m
[0mPOST /api/auth/logout [33m401[0m 0.207 ms - 101[0m
[0mGET / [32m200[0m 3.334 ms - 21770[0m
[0mPOST /api/auth/logout [33m401[0m 0.208 ms - 101[0m
[0mPOST /api/auth/logout [33m401[0m 0.215 ms - 101[0m
[0mPOST /api/auth/refresh [33m401[0m 0.317 ms - 101[0m
[0mGET / [0m-[0m - ms - -[0m
[0mGET / [0m-[0m - ms - -[0m
[0mPOST /api/auth/logout [33m401[0m 0.207 ms - 101[0m
[0mGET / [0m-[0m - ms - -[0m
[0mPOST /api/auth/logout [33m401[0m 0.200 ms - 101[0m
[0mPOST /api/auth/logout [33m401[0m 0.220 ms - 101[0m
[0mPOST /api/auth/logout [33m401[0m 0.193 ms - 101[0m
[0mGET / [0m-[0m - ms - -[0m
[0mGET / [0m-[0m - ms - -[0m
[0mGET / [0m-[0m - ms - -[0m
[0mPOST /api/auth/refresh [33m401[0m 0.400 ms - 101[0m
[0mGET / [0m-[0m - ms - -[0m
[0mGET / [0m-[0m - ms - -[0m
[0mGET / [0m-[0m - ms - -[0m
[0mGET / [0m-[0m - ms - -[0m
[0mGET / [0m-[0m - ms - -[0m
[0mGET / [0m-[0m - ms - -[0m
[0mGET / [0m-[0m - ms - -[0m
[0mGET / [0m-[0m - ms - -[0m
[0mGET / [0m-[0m - ms - -[0m
[0mGET / [0m-[0m - ms - -[0m
[0mGET / [0m-[0m - ms - -[0m
[0mGET / [0m-[0m - ms - -[0m
[0mGET / [0m-[0m - ms - -[0m
[0mGET / [0m-[0m - ms - -[0m
[0mGET / [0m-[0m - ms - -[0m
[0mGET / [0m-[0m - ms - -[0m
[0mGET / [0m-[0m - ms - -[0m
[0mGET / [0m-[0m - ms - -[0m
[0mGET / [0m-[0m - ms - -[0m
[0mGET / [0m-[0m - ms - -[0m
[0mGET / [0m-[0m - ms - -[0m
[0mGET / [0m-[0m - ms - -[0m
[0mGET / [0m-[0m - ms - -[0m
[0mGET / [0m-[0m - ms - -[0m
[0mGET / [0m-[0m - ms - -[0m
[0mGET / [0m-[0m - ms - -[0m
[0mGET / [0m-[0m - ms - -[0m
[0mGET / [0m-[0m - ms - -[0m
[0mGET / [0m-[0m - ms - -[0m
[0mGET / [0m-[0m - ms - -[0m
[0mGET / [0m-[0m - ms - -[0m
[0mPOST /api/auth/logout [33m401[0m 0.158 ms - 101[0m
[0mPOST /api/auth/logout [33m401[0m 0.146 ms - 101[0m
[0mPOST /api/auth/logout [33m401[0m 0.307 ms - 101[0m
[0mPOST /api/auth/logout [33m401[0m 0.232 ms - 101[0m
[0mGET / [0m-[0m - ms - -[0m
[0mGET / [0m-[0m - ms - -[0m
[0mGET / [0m-[0m - ms - -[0m
[0mGET / [0m-[0m - ms - -[0m
[0mGET / [0m-[0m - ms - -[0m
[0mGET / [0m-[0m - ms - -[0m
[0mGET / [0m-[0m - ms - -[0m
[0mGET / [0m-[0m - ms - -[0m
[0mGET / [0m-[0m - ms - -[0m
[0mGET / [0m-[0m - ms - -[0m
[0mPOST /api/auth/refresh [33m401[0m 0.349 ms - 101[0m
[0mGET / [0m-[0m - ms - -[0m
[0mGET / [0m-[0m - ms - -[0m
[0mGET / [0m-[0m - ms - -[0m
[0mGET / [32m200[0m 4.805 ms - 21770[0m
[0mPOST /api/auth/logout [33m401[0m 0.160 ms - 101[0m
[0mPOST /api/auth/logout [33m401[0m 0.143 ms - 101[0m
[0mPOST /api/auth/logout [33m401[0m 0.161 ms - 101[0m
[0mPOST /api/auth/logout [33m401[0m 0.199 ms - 101[0m
[0mPOST /api/auth/refresh [33m401[0m 0.408 ms - 101[0m
[0mGET / [0m-[0m - ms - -[0m
[0mPOST /api/auth/logout [33m401[0m 0.249 ms - 101[0m
[0mGET / [32m200[0m 2.817 ms - 21770[0m
[0mPOST /api/auth/logout [33m401[0m 0.202 ms - 101[0m
[0mPOST /api/auth/logout [33m401[0m 0.159 ms - 101[0m
[0mPOST /api/auth/logout [33m401[0m 0.169 ms - 101[0m
[0mGET / [0m-[0m - ms - -[0m
[0mPOST /api/auth/refresh [33m401[0m 0.286 ms - 101[0m
[0mGET / [32m200[0m 1.992 ms - 21770[0m
[0mPOST /api/auth/logout [33m401[0m 0.205 ms - 101[0m
[0mPOST /api/auth/logout [33m401[0m 0.153 ms - 101[0m
[0mPOST /api/auth/logout [33m401[0m 0.186 ms - 101[0m
[0mPOST /api/auth/logout [33m401[0m 0.174 ms - 101[0m
[0mGET / [0m-[0m - ms - -[0m
[0mGET / [0m-[0m - ms - -[0m
[0mPOST /api/auth/refresh [33m401[0m 0.442 ms - 101[0m
[0mPOST /api/auth/logout [33m401[0m 0.225 ms - 101[0m
[0mGET / [0m-[0m - ms - -[0m
[0mPOST /api/auth/logout [33m401[0m 0.195 ms - 101[0m
[0mPOST /api/auth/logout [33m401[0m 0.154 ms - 101[0m
[0mPOST /api/auth/logout [33m401[0m 0.160 ms - 101[0m
[0mPOST /api/auth/refresh [33m401[0m 0.362 ms - 101[0m
[0mGET / [0m-[0m - ms - -[0m
[0mGET / [0m-[0m - ms - -[0m
[0mPOST /api/auth/logout [33m401[0m 0.188 ms - 101[0m
[0mPOST /api/auth/logout [33m401[0m 0.189 ms - 101[0m
[0mPOST /api/auth/logout [33m401[0m 0.301 ms - 101[0m
[0mGET / [0m-[0m - ms - -[0m
[0mPOST /api/auth/logout [33m401[0m 0.243 ms - 101[0m
[0mPOST /api/auth/refresh [33m401[0m 0.353 ms - 101[0m
[0mGET / [0m-[0m - ms - -[0m
[0mPOST /api/auth/logout [33m401[0m 0.184 ms - 101[0m
[0mPOST /api/auth/logout [33m401[0m 0.314 ms - 101[0m
[0mGET / [32m200[0m 5.689 ms - 21770[0m
[0mPOST /api/auth/logout [33m401[0m 0.167 ms - 101[0m
[0mPOST /api/auth/logout [33m401[0m 0.149 ms - 101[0m
[0mGET / [0m-[0m - ms - -[0m
[0mGET / [0m-[0m - ms - -[0m
[0mPOST /api/auth/refresh [33m401[0m 0.306 ms - 101[0m
[0mGET / [0m-[0m - ms - -[0m
[0mPOST /api/auth/logout [33m401[0m 0.172 ms - 101[0m
[0mGET / [32m200[0m 3.041 ms - 21770[0m
[0mPOST /api/auth/logout [33m401[0m 0.173 ms - 101[0m
[0mPOST /api/auth/logout [33m401[0m 0.190 ms - 101[0m
[0mPOST /api/auth/logout [33m401[0m 0.152 ms - 101[0m
[0mPOST /api/auth/refresh [33m401[0m 0.260 ms - 101[0m
[0mGET / [0m-[0m - ms - -[0m
[0mPOST /api/auth/logout [33m401[0m 0.172 ms - 101[0m
[0mGET / [32m200[0m 2.104 ms - 21770[0m
[0mPOST /api/auth/logout [33m401[0m 0.206 ms - 101[0m
[0mPOST /api/auth/logout [33m401[0m 0.182 ms - 101[0m
[0mPOST /api/auth/logout [33m401[0m 0.197 ms - 101[0m
[0mGET / [0m-[0m - ms - -[0m
[0mPOST /api/auth/refresh [33m401[0m 0.271 ms - 101[0m
[0mGET / [32m200[0m 2.078 ms - 21770[0m
[0mPOST /api/auth/logout [33m401[0m 0.273 ms - 101[0m
[0mPOST /api/auth/logout [33m401[0m 0.211 ms - 101[0m
[0mPOST /api/auth/logout [33m401[0m 0.218 ms - 101[0m
[0mPOST /api/auth/refresh [33m401[0m 0.338 ms - 101[0m
[0mPOST /api/auth/logout [33m401[0m 0.158 ms - 101[0m
[0mGET / [0m-[0m - ms - -[0m
[0mGET / [0m-[0m - ms - -[0m
[0mPOST /api/auth/logout [33m401[0m 0.165 ms - 101[0m
[0mGET / [0m-[0m - ms - -[0m
[0mPOST /api/auth/logout [33m401[0m 0.149 ms - 101[0m
[0mPOST /api/auth/logout [33m401[0m 0.157 ms - 101[0m
[0mPOST /api/auth/refresh [33m401[0m 0.264 ms - 101[0m
[0mGET / [0m-[0m - ms - -[0m
[0mGET / [0m-[0m - ms - -[0m
[0mPOST /api/auth/logout [33m401[0m 0.179 ms - 101[0m
[0mPOST /api/auth/logout [33m401[0m 0.175 ms - 101[0m
[0mPOST /api/auth/logout [33m401[0m 0.176 ms - 101[0m
[0mPOST /api/auth/logout [33m401[0m 0.186 ms - 101[0m
[0mGET / [0m-[0m - ms - -[0m
[0mPOST /api/auth/refresh [33m401[0m 0.288 ms - 101[0m
[0mGET / [0m-[0m - ms - -[0m
[0mGET / [32m200[0m 2.026 ms - 21770[0m
[0mPOST /api/auth/logout [33m401[0m 0.174 ms - 101[0m
[0mPOST /api/auth/logout [33m401[0m 0.216 ms - 101[0m
[0mPOST /api/auth/logout [33m401[0m 0.207 ms - 101[0m
[0mGET / [0m-[0m - ms - -[0m
[0mPOST /api/auth/logout [33m401[0m 0.165 ms - 101[0m
[0mPOST /api/auth/refresh [33m401[0m 0.260 ms - 101[0m
[0mGET / [0m-[0m - ms - -[0m
[0mGET / [0m-[0m - ms - -[0m
[0mPOST /api/auth/logout [33m401[0m 0.163 ms - 101[0m
[0mPOST /api/auth/logout [33m401[0m 0.201 ms - 101[0m
[0mPOST /api/auth/logout [33m401[0m 0.176 ms - 101[0m
[0mPOST /api/auth/logout [33m401[0m 0.156 ms - 101[0m
[0mGET / [0m-[0m - ms - -[0m
[0mPOST /api/auth/refresh [33m401[0m 0.286 ms - 101[0m
[0mGET / [0m-[0m - ms - -[0m
[0mPOST /api/auth/logout [33m401[0m 0.305 ms - 101[0m
[0mGET / [32m200[0m 4.616 ms - 21770[0m
[0mPOST /api/auth/logout [33m401[0m 0.260 ms - 101[0m
[0mPOST /api/auth/logout [33m401[0m 0.176 ms - 101[0m
[0mPOST /api/auth/logout [33m401[0m 0.257 ms - 101[0m
[0mGET / [0m-[0m - ms - -[0m
[0mPOST /api/auth/refresh [33m401[0m 0.313 ms - 101[0m
[0mGET / [32m200[0m 3.660 ms - 21770[0m
[0mGET / [0m-[0m - ms - -[0m
[0mPOST /api/auth/logout [33m401[0m 0.204 ms - 101[0m
[0mPOST /api/auth/logout [33m401[0m 0.182 ms - 101[0m
[0mPOST /api/auth/logout [33m401[0m 0.215 ms - 101[0m
[0mGET / [0m-[0m - ms - -[0m
[0mGET / [32m200[0m 4.603 ms - 21770[0m
[0mPOST /api/auth/logout [33m401[0m 0.173 ms - 101[0m
[0mPOST /api/auth/refresh [33m401[0m 0.261 ms - 101[0m
[0mGET / [0m-[0m - ms - -[0m
[0mPOST /api/auth/logout [33m401[0m 0.328 ms - 101[0m
[0mGET / [32m200[0m 3.517 ms - 21770[0m
[0mPOST /api/auth/logout [33m401[0m 0.285 ms - 101[0m
[0mPOST /api/auth/logout [33m401[0m 0.251 ms - 101[0m
[0mPOST /api/auth/logout [33m401[0m 0.229 ms - 101[0m
[0mPOST /api/auth/refresh [33m401[0m 0.376 ms - 101[0m
[0mGET / [0m-[0m - ms - -[0m
[0mGET / [0m-[0m - ms - -[0m
[0mGET / [0m-[0m - ms - -[0m
[0mPOST /api/auth/logout [33m401[0m 0.294 ms - 101[0m
[0mPOST /api/auth/logout [33m401[0m 0.201 ms - 101[0m
[0mGET / [32m200[0m 3.359 ms - 21770[0m
[0mPOST /api/auth/logout [33m401[0m 0.182 ms - 101[0m
[0mPOST /api/auth/refresh [33m401[0m 0.291 ms - 101[0m
[0mPOST /api/auth/logout [33m401[0m 0.168 ms - 101[0m
[0mGET / [0m-[0m - ms - -[0m
[0mGET / [0m-[0m - ms - -[0m
[0mPOST /api/auth/logout [33m401[0m 0.171 ms - 101[0m
[0mGET / [0m-[0m - ms - -[0m
[0mPOST /api/auth/logout [33m401[0m 0.182 ms - 101[0m
[0mPOST /api/auth/logout [33m401[0m 0.167 ms - 101[0m
[0mPOST /api/auth/refresh [33m401[0m 0.252 ms - 101[0m
[0mGET / [0m-[0m - ms - -[0m
[0mGET / [0m-[0m - ms - -[0m
[0mGET / [32m200[0m 2.283 ms - 21770[0m
[0mPOST /api/auth/logout [33m401[0m 0.161 ms - 101[0m
[0mPOST /api/auth/logout [33m401[0m 0.148 ms - 101[0m
[0mPOST /api/auth/logout [33m401[0m 0.176 ms - 101[0m
[0mPOST /api/auth/logout [33m401[0m 0.155 ms - 101[0m
[0mGET / [0m-[0m - ms - -[0m
[0mPOST /api/auth/refresh [33m401[0m 0.278 ms - 101[0m
[0mGET / [32m200[0m 2.879 ms - 21770[0m
[0mPOST /api/auth/logout [33m401[0m 0.278 ms - 101[0m
[0mPOST /api/auth/logout [33m401[0m 0.295 ms - 101[0m
[0mGET / [0m-[0m - ms - -[0m
[0mPOST /api/auth/refresh [33m401[0m 0.363 ms - 101[0m
[0mPOST /api/auth/logout [33m401[0m 0.206 ms - 101[0m
[0mPOST /api/auth/logout [33m401[0m 0.212 ms - 101[0m
[0mGET / [32m200[0m 1.164 ms - 21770[0m
[0mPOST /api/auth/logout [33m401[0m 0.151 ms - 101[0m
[0mPOST /api/auth/logout [33m401[0m 0.205 ms - 101[0m
[0mGET / [32m200[0m 1.490 ms - 21770[0m
[0mPOST /api/auth/refresh [33m401[0m 0.397 ms - 101[0m
[0mGET / [32m200[0m 1.182 ms - 21770[0m
[0mPOST /api/auth/logout [33m401[0m 0.173 ms - 101[0m
[0mPOST /api/auth/logout [33m401[0m 0.162 ms - 101[0m
[0mGET / [32m200[0m 2.152 ms - 21770[0m
[0mPOST /api/auth/logout [33m401[0m 0.201 ms - 101[0m
[0mPOST /api/auth/logout [33m401[0m 0.157 ms - 101[0m
[0mPOST /api/auth/refresh [33m401[0m 0.274 ms - 101[0m
[0mGET / [32m200[0m 1.969 ms - 21770[0m
[0mPOST /api/auth/logout [33m401[0m 0.253 ms - 101[0m
[0mPOST /api/auth/logout [33m401[0m 0.252 ms - 101[0m
[0mPOST /api/auth/logout [33m401[0m 0.254 ms - 101[0m
[0mPOST /api/auth/logout [33m401[0m 0.256 ms - 101[0m
[0mPOST /api/auth/refresh [33m401[0m 0.381 ms - 101[0m
[0mGET / [32m200[0m 1.377 ms - 21770[0m
[0mPOST /api/auth/logout [33m401[0m 0.221 ms - 101[0m
[0mPOST /api/auth/logout [33m401[0m 0.182 ms - 101[0m
[0mPOST /api/auth/logout [33m401[0m 0.183 ms - 101[0m
[0mPOST /api/auth/logout [33m401[0m 0.175 ms - 101[0m
[0mGET / [32m200[0m 3.536 ms - 21770[0m
[0mPOST /api/auth/refresh [33m401[0m 0.393 ms - 101[0m
[0mGET / [0m-[0m - ms - -[0m
[0mPOST /api/auth/logout [33m401[0m 0.189 ms - 101[0m
[0mGET / [32m200[0m 2.251 ms - 21770[0m
[0mPOST /api/auth/logout [33m401[0m 0.174 ms - 101[0m
[0mPOST /api/auth/logout [33m401[0m 0.181 ms - 101[0m
[0mPOST /api/auth/logout [33m401[0m 0.155 ms - 101[0m
[0mPOST /api/auth/refresh [33m401[0m 0.269 ms - 101[0m
[0mGET / [0m-[0m - ms - -[0m
[0mGET / [0m-[0m - ms - -[0m
[0mPOST /api/auth/logout [33m401[0m 0.204 ms - 101[0m
[0mPOST /api/auth/logout [33m401[0m 0.165 ms - 101[0m
[0mGET / [32m200[0m 3.911 ms - 21770[0m
[0mPOST /api/auth/logout [33m401[0m 0.278 ms - 101[0m
[0mPOST /api/auth/logout [33m401[0m 0.216 ms - 101[0m
[0mGET / [0m-[0m - ms - -[0m
[0mPOST /api/auth/refresh [33m401[0m 0.406 ms - 101[0m
[0mGET / [0m-[0m - ms - -[0m
[0mPOST /api/auth/logout [33m401[0m 0.291 ms - 101[0m
[0mGET / [32m200[0m 3.450 ms - 21770[0m
[0mPOST /api/auth/logout [33m401[0m 0.180 ms - 101[0m
[0mPOST /api/auth/logout [33m401[0m 0.178 ms - 101[0m
[0mPOST /api/auth/logout [33m401[0m 0.182 ms - 101[0m
[0mPOST /api/auth/refresh [33m401[0m 0.310 ms - 101[0m
[0mGET / [0m-[0m - ms - -[0m
[0mGET / [0m-[0m - ms - -[0m
[0mGET / [0m-[0m - ms - -[0m
[0mPOST /api/auth/logout [33m401[0m 0.176 ms - 101[0m
[0mPOST /api/auth/logout [33m401[0m 0.167 ms - 101[0m
[0mPOST /api/auth/logout [33m401[0m 0.169 ms - 101[0m
[0mPOST /api/auth/logout [33m401[0m 0.156 ms - 101[0m
[0mGET / [0m-[0m - ms - -[0m
[0mGET / [32m200[0m 2.034 ms - 21770[0m
[0mPOST /api/auth/refresh [33m401[0m 0.285 ms - 101[0m
[0mGET / [0m-[0m - ms - -[0m
[0mPOST /api/auth/logout [33m401[0m 0.193 ms - 101[0m
[0mGET / [32m200[0m 3.385 ms - 21770[0m
[0mPOST /api/auth/logout [33m401[0m 0.174 ms - 101[0m
[0mPOST /api/auth/logout [33m401[0m 0.144 ms - 101[0m
[0mPOST /api/auth/logout [33m401[0m 0.147 ms - 101[0m
[0mGET / [0m-[0m - ms - -[0m
[0mGET / [0m-[0m - ms - -[0m
[0mPOST /api/auth/refresh [33m401[0m 0.295 ms - 101[0m
[0mPOST /api/auth/logout [33m401[0m 0.171 ms - 101[0m
[0mPOST /api/auth/logout [33m401[0m 0.183 ms - 101[0m
[0mGET / [0m-[0m - ms - -[0m
[0mPOST /api/auth/logout [33m401[0m 0.174 ms - 101[0m
[0mPOST /api/auth/logout [33m401[0m 0.159 ms - 101[0m
[0mGET / [0m-[0m - ms - -[0m
[0mPOST /api/auth/refresh [33m401[0m 0.274 ms - 101[0m
[0mGET / [0m-[0m - ms - -[0m
[0mPOST /api/auth/logout [33m401[0m 0.190 ms - 101[0m
[0mGET / [32m200[0m 2.188 ms - 21770[0m
[0mPOST /api/auth/logout [33m401[0m 0.194 ms - 101[0m
[0mPOST /api/auth/logout [33m401[0m 0.152 ms - 101[0m
[0mPOST /api/auth/logout [33m401[0m 0.185 ms - 101[0m
[0mGET / [0m-[0m - ms - -[0m
[0mPOST /api/auth/refresh [33m401[0m 0.251 ms - 101[0m
[0mGET / [32m200[0m 3.192 ms - 21770[0m
[0mPOST /api/auth/logout [33m401[0m 0.290 ms - 101[0m
[0mPOST /api/auth/logout [33m401[0m 0.191 ms - 101[0m
[0mPOST /api/auth/logout [33m401[0m 0.192 ms - 101[0m
[0mPOST /api/auth/logout [33m401[0m 0.180 ms - 101[0m
[0mPOST /api/auth/refresh [33m401[0m 0.299 ms - 101[0m
[0mGET / [0m-[0m - ms - -[0m
[0mGET / [32m200[0m 1.101 ms - 21770[0m
[0mPOST /api/auth/logout [33m401[0m 0.184 ms - 101[0m
[0mPOST /api/auth/logout [33m401[0m 0.160 ms - 101[0m
[0mPOST /api/auth/logout [33m401[0m 0.151 ms - 101[0m
[0mPOST /api/auth/logout [33m401[0m 0.147 ms - 101[0m
[0mGET / [0m-[0m - ms - -[0m
[0mPOST /api/auth/refresh [33m401[0m 0.306 ms - 101[0m
[0mGET / [32m200[0m 2.155 ms - 21770[0m
[0mPOST /api/auth/logout [33m401[0m 0.206 ms - 101[0m
[0mGET / [32m200[0m 2.231 ms - 21770[0m
[0mPOST /api/auth/logout [33m401[0m 0.181 ms - 101[0m
[0mPOST /api/auth/logout [33m401[0m 0.168 ms - 101[0m
[0mPOST /api/auth/logout [33m401[0m 0.190 ms - 101[0m
[0mGET / [0m-[0m - ms - -[0m
[0mGET / [0m-[0m - ms - -[0m
[0mGET / [0m-[0m - ms - -[0m
[0mPOST /api/auth/refresh [33m401[0m 0.338 ms - 101[0m
[0mGET / [0m-[0m - ms - -[0m
[0mGET / [0m-[0m - ms - -[0m
[0mGET / [0m-[0m - ms - -[0m
[0mGET / [0m-[0m - ms - -[0m
[0mGET / [0m-[0m - ms - -[0m
[0mGET / [0m-[0m - ms - -[0m
[0mGET / [0m-[0m - ms - -[0m
[0mGET / [0m-[0m - ms - -[0m
[0mGET / [0m-[0m - ms - -[0m
[0mGET / [0m-[0m - ms - -[0m
[0mGET / [0m-[0m - ms - -[0m
[0mGET / [0m-[0m - ms - -[0m
[0mGET / [0m-[0m - ms - -[0m
[0mGET / [0m-[0m - ms - -[0m
[0mGET / [0m-[0m - ms - -[0m
[0mGET / [0m-[0m - ms - -[0m
[0mGET / [0m-[0m - ms - -[0m
[0mGET / [0m-[0m - ms - -[0m
[0mGET / [0m-[0m - ms - -[0m
[0mGET / [0m-[0m - ms - -[0m
[0mGET / [0m-[0m - ms - -[0m
[0mGET / [0m-[0m - ms - -[0m
[0mGET / [0m-[0m - ms - -[0m
[0mGET / [0m-[0m - ms - -[0m
[0mGET / [0m-[0m - ms - -[0m
[0mGET / [0m-[0m - ms - -[0m
[0mGET / [0m-[0m - ms - -[0m
[0mGET / [0m-[0m - ms - -[0m
[0mGET / [0m-[0m - ms - -[0m
[0mGET / [0m-[0m - ms - -[0m
[0mGET / [0m-[0m - ms - -[0m
[0mGET / [0m-[0m - ms - -[0m
[0mPOST /api/auth/logout [33m401[0m 0.206 ms - 101[0m
[0mPOST /api/auth/logout [33m401[0m 0.182 ms - 101[0m
[0mPOST /api/auth/logout [33m401[0m 0.144 ms - 101[0m
[0mPOST /api/auth/logout [33m401[0m 0.155 ms - 101[0m
[0mGET / [0m-[0m - ms - -[0m
[0mGET / [0m-[0m - ms - -[0m
[0mGET / [0m-[0m - ms - -[0m
[0mGET / [0m-[0m - ms - -[0m
[0mGET / [0m-[0m - ms - -[0m
[0mGET / [0m-[0m - ms - -[0m
[0mGET / [0m-[0m - ms - -[0m
[0mGET / [0m-[0m - ms - -[0m
[0mGET / [0m-[0m - ms - -[0m
[0mGET / [32m200[0m 8.842 ms - 21770[0m
[0mPOST /api/auth/refresh [33m401[0m 0.307 ms - 101[0m
[0mGET / [0m-[0m - ms - -[0m
[0mGET / [32m200[0m 2.520 ms - 21770[0m
[0mPOST /api/auth/logout [33m401[0m 0.181 ms - 101[0m
[0mPOST /api/auth/logout [33m401[0m 0.150 ms - 101[0m
[0mPOST /api/auth/logout [33m401[0m 0.203 ms - 101[0m
[0mPOST /api/auth/logout [33m401[0m 0.160 ms - 101[0m
[0mPOST /api/auth/refresh [33m401[0m 0.229 ms - 101[0m
[0mPOST /api/auth/logout [33m401[0m 0.221 ms - 101[0m
[0mPOST /api/auth/logout [33m401[0m 0.203 ms - 101[0m
[0mPOST /api/auth/logout [33m401[0m 0.181 ms - 101[0m
[0mPOST /api/auth/logout [33m401[0m 0.167 ms - 101[0m
[0mGET / [32m200[0m 2.827 ms - 21770[0m
[0mPOST /api/auth/refresh [33m401[0m 0.290 ms - 101[0m
[0mGET / [32m200[0m 1.702 ms - 21770[0m
[0mPOST /api/auth/logout [33m401[0m 0.314 ms - 101[0m
[0mPOST /api/auth/logout [33m401[0m 0.356 ms - 101[0m
[0mGET / [32m200[0m 3.094 ms - 21770[0m
[0mPOST /api/auth/logout [33m401[0m 0.173 ms - 101[0m
[0mPOST /api/auth/logout [33m401[0m 0.241 ms - 101[0m
[0mPOST /api/auth/refresh [33m401[0m 0.296 ms - 101[0m
[0mGET / [0m-[0m - ms - -[0m
[0mPOST /api/auth/logout [33m401[0m 0.175 ms - 101[0m
[0mPOST /api/auth/logout [33m401[0m 0.188 ms - 101[0m
[0mPOST /api/auth/logout [33m401[0m 0.183 ms - 101[0m
[0mGET / [32m200[0m 3.110 ms - 21770[0m
[0mPOST /api/auth/logout [33m401[0m 0.166 ms - 101[0m
[0mPOST /api/auth/refresh [33m401[0m 0.246 ms - 101[0m
[0mGET / [32m200[0m 1.914 ms - 21770[0m
[0mPOST /api/auth/logout [33m401[0m 0.183 ms - 101[0m
[0mGET / [32m200[0m 2.250 ms - 21770[0m
[0mPOST /api/auth/logout [33m401[0m 0.273 ms - 101[0m
[0mPOST /api/auth/logout [33m401[0m 0.239 ms - 101[0m
[0mPOST /api/auth/logout [33m401[0m 0.208 ms - 101[0m
[0mGET / [0m-[0m - ms - -[0m
[0mPOST /api/auth/refresh [33m401[0m 0.345 ms - 101[0m
[0mGET / [0m-[0m - ms - -[0m
[0mPOST /api/auth/logout [33m401[0m 0.177 ms - 101[0m
[0mPOST /api/auth/logout [33m401[0m 0.170 ms - 101[0m
[0mGET / [0m-[0m - ms - -[0m
[0mPOST /api/auth/logout [33m401[0m 0.159 ms - 101[0m
[0mPOST /api/auth/logout [33m401[0m 0.257 ms - 101[0m
[0mGET / [0m-[0m - ms - -[0m
[0mPOST /api/auth/refresh [33m401[0m 0.418 ms - 101[0m
[0mGET / [32m200[0m 6.107 ms - 21770[0m
[0mGET / [0m-[0m - ms - -[0m
[0mPOST /api/auth/logout [33m401[0m 0.261 ms - 101[0m
[0mGET / [32m200[0m 4.698 ms - 21770[0m
[0mPOST /api/auth/logout [33m401[0m 0.261 ms - 101[0m
[0mPOST /api/auth/logout [33m401[0m 0.258 ms - 101[0m
[0mPOST /api/auth/logout [33m401[0m 0.182 ms - 101[0m
[0mPOST /api/auth/refresh [33m401[0m 0.284 ms - 101[0m
[0mGET / [0m-[0m - ms - -[0m
[0mGET / [0m-[0m - ms - -[0m
[0mPOST /api/auth/logout [33m401[0m 0.307 ms - 101[0m
[0mPOST /api/auth/logout [33m401[0m 0.195 ms - 101[0m
[0mGET / [0m-[0m - ms - -[0m
[0mPOST /api/auth/logout [33m401[0m 0.290 ms - 101[0m
[0mPOST /api/auth/logout [33m401[0m 0.215 ms - 101[0m
[0mGET / [0m-[0m - ms - -[0m
[0mPOST /api/auth/refresh [33m401[0m 0.294 ms - 101[0m
[0mPOST /api/auth/logout [33m401[0m 0.164 ms - 101[0m
[0mGET / [32m200[0m 2.283 ms - 21770[0m
[0mPOST /api/auth/logout [33m401[0m 0.255 ms - 101[0m
[0mPOST /api/auth/logout [33m401[0m 0.201 ms - 101[0m
[0mPOST /api/auth/logout [33m401[0m 0.207 ms - 101[0m
[0mPOST /api/auth/refresh [33m401[0m 0.299 ms - 101[0m
[0mGET / [32m200[0m 1.194 ms - 21770[0m
[0mPOST /api/auth/logout [33m401[0m 0.338 ms - 101[0m
[0mPOST /api/auth/logout [33m401[0m 0.318 ms - 101[0m
[0mPOST /api/auth/logout [33m401[0m 0.352 ms - 101[0m
[0mGET / [32m200[0m 5.272 ms - 21770[0m
[0mPOST /api/auth/logout [33m401[0m 0.280 ms - 101[0m
[0mPOST /api/auth/refresh [33m401[0m 0.393 ms - 101[0m
[0mGET / [0m-[0m - ms - -[0m
[0mGET / [32m200[0m 2.456 ms - 21770[0m
[0mPOST /api/auth/logout [33m401[0m 0.186 ms - 101[0m
[0mPOST /api/auth/logout [33m401[0m 0.172 ms - 101[0m
[0mPOST /api/auth/logout [33m401[0m 0.165 ms - 101[0m
[0mPOST /api/auth/logout [33m401[0m 0.186 ms - 101[0m
[0mGET / [32m200[0m 2.036 ms - 21770[0m
[0mPOST /api/auth/refresh [33m401[0m 0.307 ms - 101[0m
[0mGET / [0m-[0m - ms - -[0m
[0mPOST /api/auth/logout [33m401[0m 0.209 ms - 101[0m
[0mPOST /api/auth/logout [33m401[0m 0.204 ms - 101[0m
[0mGET / [0m-[0m - ms - -[0m
[0mPOST /api/auth/logout [33m401[0m 0.203 ms - 101[0m
[0mPOST /api/auth/refresh [33m401[0m 0.284 ms - 101[0m
[0mPOST /api/auth/logout [33m401[0m 0.136 ms - 101[0m
[0mGET / [0m-[0m - ms - -[0m
[0mGET / [32m200[0m 1.609 ms - 21770[0m
[0mPOST /api/auth/logout [33m401[0m 0.182 ms - 101[0m
[0mPOST /api/auth/logout [33m401[0m 0.150 ms - 101[0m
[0mPOST /api/auth/logout [33m401[0m 0.175 ms - 101[0m
[0mPOST /api/auth/refresh [33m401[0m 0.250 ms - 101[0m
[0mGET / [0m-[0m - ms - -[0m
[0mPOST /api/auth/logout [33m401[0m 0.172 ms - 101[0m
[0mGET / [32m200[0m 2.279 ms - 21770[0m
[0mPOST /api/auth/logout [33m401[0m 0.178 ms - 101[0m
[0mPOST /api/auth/logout [33m401[0m 0.157 ms - 101[0m
[0mPOST /api/auth/logout [33m401[0m 0.151 ms - 101[0m
[0mGET / [0m-[0m - ms - -[0m
[0mPOST /api/auth/refresh [33m401[0m 0.254 ms - 101[0m
[0mGET / [32m200[0m 2.115 ms - 21770[0m
[0mPOST /api/auth/logout [33m401[0m 0.172 ms - 101[0m
[0mPOST /api/auth/logout [33m401[0m 0.194 ms - 101[0m
[0mPOST /api/auth/logout [33m401[0m 0.172 ms - 101[0m
[0mGET / [32m200[0m 3.091 ms - 21770[0m
[0mPOST /api/auth/logout [33m401[0m 0.175 ms - 101[0m
[0mGET / [0m-[0m - ms - -[0m
[0mPOST /api/auth/refresh [33m401[0m 0.318 ms - 101[0m
[0mGET / [0m-[0m - ms - -[0m
[0mPOST /api/auth/logout [33m401[0m 0.365 ms - 101[0m
[0mGET / [32m200[0m 6.192 ms - 21770[0m
[0mPOST /api/auth/logout [33m401[0m 0.283 ms - 101[0m
[0mPOST /api/auth/logout [33m401[0m 0.284 ms - 101[0m
[0mPOST /api/auth/logout [33m401[0m 0.277 ms - 101[0m
[0mPOST /api/auth/refresh [33m401[0m 0.403 ms - 101[0m
[0mGET / [0m-[0m - ms - -[0m
[0mGET / [0m-[0m - ms - -[0m
[0mGET / [0m-[0m - ms - -[0m
[0mPOST /api/auth/logout [33m401[0m 0.181 ms - 101[0m
[0mPOST /api/auth/logout [33m401[0m 0.141 ms - 101[0m
[0mPOST /api/auth/logout [33m401[0m 0.150 ms - 101[0m
[0mGET / [32m200[0m 6.506 ms - 21770[0m
[0mPOST /api/auth/refresh [33m401[0m 0.278 ms - 101[0m
[0mPOST /api/auth/logout [33m401[0m 0.165 ms - 101[0m
[0mGET / [0m-[0m - ms - -[0m
[0mGET / [0m-[0m - ms - -[0m
[0mPOST /api/auth/logout [33m401[0m 0.261 ms - 101[0m
[0mGET / [0m-[0m - ms - -[0m
[0mPOST /api/auth/logout [33m401[0m 0.269 ms - 101[0m
[0mPOST /api/auth/logout [33m401[0m 0.166 ms - 101[0m
[0mPOST /api/auth/refresh [33m401[0m 0.293 ms - 101[0m
[0mGET / [0m-[0m - ms - -[0m
[0mGET / [0m-[0m - ms - -[0m
[0mGET / [0m-[0m - ms - -[0m
[0mPOST /api/auth/logout [33m401[0m 0.185 ms - 101[0m
[0mGET / [0m-[0m - ms - -[0m
[0mPOST /api/auth/logout [33m401[0m 0.168 ms - 101[0m
[0mPOST /api/auth/logout [33m401[0m 0.162 ms - 101[0m
[0mPOST /api/auth/logout [33m401[0m 0.147 ms - 101[0m
[0mGET / [0m-[0m - ms - -[0m
[0mPOST /api/auth/refresh [33m401[0m 0.250 ms - 101[0m
[0mPOST /api/auth/logout [33m401[0m 0.273 ms - 101[0m
[0mGET / [32m200[0m 2.189 ms - 21770[0m
[0mPOST /api/auth/logout [33m401[0m 0.193 ms - 101[0m
[0mPOST /api/auth/logout [33m401[0m 0.230 ms - 101[0m
[0mPOST /api/auth/logout [33m401[0m 0.189 ms - 101[0m
[0mGET / [32m200[0m 4.090 ms - 21770[0m
[0mPOST /api/auth/refresh [33m401[0m 0.505 ms - 101[0m
[0mGET / [0m-[0m - ms - -[0m
[0mPOST /api/auth/logout [33m401[0m 0.163 ms - 101[0m
[0mGET / [32m200[0m 2.158 ms - 21770[0m
[0mPOST /api/auth/logout [33m401[0m 0.236 ms - 101[0m
[0mPOST /api/auth/logout [33m401[0m 0.150 ms - 101[0m
[0mPOST /api/auth/logout [33m401[0m 0.184 ms - 101[0m
[0mGET / [0m-[0m - ms - -[0m
[0mPOST /api/auth/refresh [33m401[0m 0.244 ms - 101[0m
[0mGET / [32m200[0m 2.867 ms - 21770[0m
[0mPOST /api/auth/logout [33m401[0m 0.177 ms - 101[0m
[0mPOST /api/auth/logout [33m401[0m 0.326 ms - 101[0m
[0mGET / [0m-[0m - ms - -[0m
[0mPOST /api/auth/logout [33m401[0m 0.315 ms - 101[0m
[0mPOST /api/auth/refresh [33m401[0m 0.554 ms - 101[0m
[0mPOST /api/auth/logout [33m401[0m 0.285 ms - 101[0m
[0mPOST /api/auth/logout [33m401[0m 0.180 ms - 101[0m
[0mPOST /api/auth/logout [33m401[0m 0.173 ms - 101[0m
[0mGET / [0m-[0m - ms - -[0m
[0mGET / [0m-[0m - ms - -[0m
[0mPOST /api/auth/logout [33m401[0m 0.179 ms - 101[0m
[0mPOST /api/auth/refresh [33m401[0m 0.421 ms - 101[0m
[0mGET / [0m-[0m - ms - -[0m
[0mGET / [0m-[0m - ms - -[0m
[0mPOST /api/auth/logout [33m401[0m 0.279 ms - 101[0m
[0mGET / [32m200[0m 3.404 ms - 21770[0m
[0mPOST /api/auth/logout [33m401[0m 0.251 ms - 101[0m
[0mPOST /api/auth/logout [33m401[0m 0.237 ms - 101[0m
[0mPOST /api/auth/logout [33m401[0m 0.229 ms - 101[0m
[0mPOST /api/auth/refresh [33m401[0m 0.389 ms - 101[0m
[0mGET / [0m-[0m - ms - -[0m
[0mGET / [0m-[0m - ms - -[0m
[0mPOST /api/auth/logout [33m401[0m 0.250 ms - 101[0m
[0mPOST /api/auth/logout [33m401[0m 0.216 ms - 101[0m
[0mPOST /api/auth/logout [33m401[0m 0.179 ms - 101[0m
[0mGET / [32m200[0m 7.275 ms - 21770[0m
[0mPOST /api/auth/refresh [33m401[0m 0.573 ms - 101[0m
[0mPOST /api/auth/logout [33m401[0m 0.206 ms - 101[0m
[0mGET / [0m-[0m - ms - -[0m
[0mPOST /api/auth/logout [33m401[0m 0.238 ms - 101[0m
[0mGET / [32m200[0m 3.894 ms - 21770[0m
[0mGET / [32m200[0m 5.066 ms - 21770[0m
[0mPOST /api/auth/logout [33m401[0m 0.161 ms - 101[0m
[0mPOST /api/auth/refresh [33m401[0m 0.264 ms - 101[0m
[0mPOST /api/auth/logout [33m401[0m 0.168 ms - 101[0m
[0mGET / [0m-[0m - ms - -[0m
[0mPOST /api/auth/logout [33m401[0m 0.185 ms - 101[0m
[0mPOST /api/auth/logout [33m401[0m 0.199 ms - 101[0m
[0mPOST /api/auth/logout [33m401[0m 0.165 ms - 101[0m
[0mGET / [0m-[0m - ms - -[0m
[0mPOST /api/auth/refresh [33m401[0m 0.296 ms - 101[0m
[0mGET / [0m-[0m - ms - -[0m
[0mPOST /api/auth/logout [33m401[0m 0.272 ms - 101[0m
[0mPOST /api/auth/logout [33m401[0m 0.268 ms - 101[0m
[0mGET / [32m200[0m 3.287 ms - 21770[0m
[0mPOST /api/auth/logout [33m401[0m 0.257 ms - 101[0m
[0mPOST /api/auth/logout [33m401[0m 0.177 ms - 101[0m
[0mPOST /api/auth/refresh [33m401[0m 0.348 ms - 101[0m
[0mGET / [0m-[0m - ms - -[0m
[0mGET / [32m200[0m 4.844 ms - 21770[0m
[0mPOST /api/auth/logout [33m401[0m 0.286 ms - 101[0m
[0mPOST /api/auth/logout [33m401[0m 0.264 ms - 101[0m
[0mPOST /api/auth/logout [33m401[0m 0.268 ms - 101[0m
[0mGET / [0m-[0m - ms - -[0m
[0mPOST /api/auth/refresh [33m401[0m 0.368 ms - 101[0m
[0mPOST /api/auth/logout [33m401[0m 0.224 ms - 101[0m
[0mGET / [32m200[0m 4.013 ms - 21770[0m
[0mPOST /api/auth/logout [33m401[0m 0.225 ms - 101[0m
[0mPOST /api/auth/logout [33m401[0m 0.174 ms - 101[0m
[0mPOST /api/auth/logout [33m401[0m 0.163 ms - 101[0m
[0mPOST /api/auth/refresh [33m401[0m 0.267 ms - 101[0m
[0mGET / [32m200[0m 1.158 ms - 21770[0m
[0mPOST /api/auth/logout [33m401[0m 0.208 ms - 101[0m
[0mPOST /api/auth/logout [33m401[0m 0.150 ms - 101[0m
[0mPOST /api/auth/logout [33m401[0m 0.158 ms - 101[0m
[0mPOST /api/auth/logout [33m401[0m 0.168 ms - 101[0m
[0mPOST /api/auth/refresh [33m401[0m 0.270 ms - 101[0m
[0mGET / [32m200[0m 2.779 ms - 21770[0m
[0mPOST /api/auth/logout [33m401[0m 0.239 ms - 101[0m
[0mPOST /api/auth/logout [33m401[0m 0.192 ms - 101[0m
[0mPOST /api/auth/logout [33m401[0m 0.217 ms - 101[0m
[0mGET / [32m200[0m 3.496 ms - 21770[0m
[0mPOST /api/auth/logout [33m401[0m 0.294 ms - 101[0m
[0mPOST /api/auth/refresh [33m401[0m 0.385 ms - 101[0m
[0mGET / [0m-[0m - ms - -[0m
[0mGET / [0m-[0m - ms - -[0m
[0mPOST /api/auth/logout [33m401[0m 0.174 ms - 101[0m
[0mPOST /api/auth/logout [33m401[0m 0.181 ms - 101[0m
[0mGET / [0m-[0m - ms - -[0m
[0mPOST /api/auth/logout [33m401[0m 0.175 ms - 101[0m
[0mPOST /api/auth/logout [33m401[0m 0.151 ms - 101[0m
[0mGET / [0m-[0m - ms - -[0m
[0mPOST /api/auth/refresh [33m401[0m 0.420 ms - 101[0m
[0mGET / [0m-[0m - ms - -[0m
[0mGET / [0m-[0m - ms - -[0m
[0mPOST /api/auth/logout [33m401[0m 0.169 ms - 101[0m
[0mPOST /api/auth/logout [33m401[0m 0.188 ms - 101[0m
[0mPOST /api/auth/logout [33m401[0m 0.176 ms - 101[0m
[0mGET / [0m-[0m - ms - -[0m
[0mPOST /api/auth/logout [33m401[0m 0.152 ms - 101[0m
[0mPOST /api/auth/refresh [33m401[0m 0.234 ms - 101[0m
[0mGET / [0m-[0m - ms - -[0m
[0mGET / [0m-[0m - ms - -[0m
[0mGET / [0m-[0m - ms - -[0m
[0mGET / [0m-[0m - ms - -[0m
[0mGET / [0m-[0m - ms - -[0m
[0mGET / [0m-[0m - ms - -[0m
[0mGET / [0m-[0m - ms - -[0m
[0mGET / [0m-[0m - ms - -[0m
[0mGET / [0m-[0m - ms - -[0m
[0mGET / [0m-[0m - ms - -[0m
[0mGET / [0m-[0m - ms - -[0m
[0mGET / [0m-[0m - ms - -[0m
[0mGET / [0m-[0m - ms - -[0m
[0mGET / [0m-[0m - ms - -[0m
[0mGET / [0m-[0m - ms - -[0m
[0mGET / [0m-[0m - ms - -[0m
[0mGET / [0m-[0m - ms - -[0m
[0mGET / [0m-[0m - ms - -[0m
[0mGET / [0m-[0m - ms - -[0m
[0mGET / [0m-[0m - ms - -[0m
[0mGET / [0m-[0m - ms - -[0m
[0mGET / [0m-[0m - ms - -[0m
[0mGET / [0m-[0m - ms - -[0m
[0mGET / [0m-[0m - ms - -[0m
[0mGET / [0m-[0m - ms - -[0m
[0mGET / [0m-[0m - ms - -[0m
[0mGET / [0m-[0m - ms - -[0m
[0mGET / [0m-[0m - ms - -[0m
[0mGET / [0m-[0m - ms - -[0m
[0mGET / [0m-[0m - ms - -[0m
[0mPOST /api/auth/logout [33m401[0m 0.211 ms - 101[0m
[0mPOST /api/auth/logout [33m401[0m 0.203 ms - 101[0m
[0mPOST /api/auth/logout [33m401[0m 0.188 ms - 101[0m
[0mPOST /api/auth/logout [33m401[0m 0.151 ms - 101[0m
[0mGET / [0m-[0m - ms - -[0m
[0mGET / [0m-[0m - ms - -[0m
[0mGET / [0m-[0m - ms - -[0m
[0mGET / [0m-[0m - ms - -[0m
[0mGET / [0m-[0m - ms - -[0m
[0mGET / [0m-[0m - ms - -[0m
[0mGET / [0m-[0m - ms - -[0m
[0mGET / [0m-[0m - ms - -[0m
[0mGET / [0m-[0m - ms - -[0m
[0mGET / [0m-[0m - ms - -[0m
[0mGET / [0m-[0m - ms - -[0m
[0mGET / [0m-[0m - ms - -[0m
[0mGET / [0m-[0m - ms - -[0m
[0mGET / [0m-[0m - ms - -[0m
[0mGET / [0m-[0m - ms - -[0m
[0mGET / [0m-[0m - ms - -[0m
[0mPOST /api/auth/refresh [33m401[0m 0.327 ms - 101[0m
[0mGET / [0m-[0m - ms - -[0m
[0mGET / [0m-[0m - ms - -[0m
[0mGET / [0m-[0m - ms - -[0m
[0mGET / [0m-[0m - ms - -[0m
[0mPOST /api/auth/logout [33m401[0m 0.224 ms - 101[0m
[0mPOST /api/auth/logout [33m401[0m 0.200 ms - 101[0m
[0mPOST /api/auth/logout [33m401[0m 0.205 ms - 101[0m
[0mPOST /api/auth/logout [33m401[0m 0.192 ms - 101[0m
[0mGET / [0m-[0m - ms - -[0m
[0mGET / [0m-[0m - ms - -[0m
[0mPOST /api/auth/refresh [33m401[0m 0.432 ms - 101[0m
[0mGET / [32m200[0m 4.004 ms - 21770[0m
[0mPOST /api/auth/logout [33m401[0m 0.178 ms - 101[0m
[0mPOST /api/auth/logout [33m401[0m 0.150 ms - 101[0m
[0mGET / [32m200[0m 2.581 ms - 21770[0m
[0mPOST /api/auth/logout [33m401[0m 0.144 ms - 101[0m
[0mPOST /api/auth/logout [33m401[0m 0.158 ms - 101[0m
[0mPOST /api/auth/refresh [33m401[0m 0.374 ms - 101[0m
[0mPOST /api/auth/logout [33m401[0m 0.200 ms - 101[0m
[0mPOST /api/auth/logout [33m401[0m 0.165 ms - 101[0m
[0mPOST /api/auth/logout [33m401[0m 0.150 ms - 101[0m
[0mPOST /api/auth/logout [33m401[0m 0.150 ms - 101[0m
[0mGET / [32m200[0m 2.121 ms - 21770[0m
[0mPOST /api/auth/refresh [33m401[0m 0.471 ms - 101[0m
[0mGET / [32m200[0m 1.216 ms - 21770[0m
[0mPOST /api/auth/logout [33m401[0m 0.182 ms - 101[0m
[0mPOST /api/auth/logout [33m401[0m 0.149 ms - 101[0m
[0mPOST /api/auth/logout [33m401[0m 0.154 ms - 101[0m
[0mGET / [32m200[0m 1.236 ms - 21770[0m
[0mPOST /api/auth/logout [33m401[0m 0.214 ms - 101[0m
[0mPOST /api/auth/refresh [33m401[0m 0.285 ms - 101[0m
[0mGET / [32m200[0m 1.541 ms - 21770[0m
[0mPOST /api/auth/logout [33m401[0m 0.211 ms - 101[0m
[0mPOST /api/auth/logout [33m401[0m 0.190 ms - 101[0m
[0mPOST /api/auth/logout [33m401[0m 0.241 ms - 101[0m
[0mPOST /api/auth/logout [33m401[0m 0.184 ms - 101[0m
[0mGET / [32m200[0m 3.143 ms - 21770[0m
[0mGET / [0m-[0m - ms - -[0m
[0mPOST /api/auth/refresh [33m401[0m 0.314 ms - 101[0m
[0mGET / [0m-[0m - ms - -[0m
[0mPOST /api/auth/logout [33m401[0m 0.174 ms - 101[0m
[0mGET / [32m200[0m 2.246 ms - 21770[0m
[0mPOST /api/auth/logout [33m401[0m 0.198 ms - 101[0m
[0mPOST /api/auth/logout [33m401[0m 0.181 ms - 101[0m
[0mPOST /api/auth/logout [33m401[0m 0.171 ms - 101[0m
[0mGET / [0m-[0m - ms - -[0m
[0mPOST /api/auth/refresh [33m401[0m 0.282 ms - 101[0m
[0mGET / [0m-[0m - ms - -[0m
[0mPOST /api/auth/logout [33m401[0m 0.239 ms - 101[0m
[0mPOST /api/auth/logout [33m401[0m 0.210 ms - 101[0m
[0mPOST /api/auth/logout [33m401[0m 0.211 ms - 101[0m
[0mGET / [0m-[0m - ms - -[0m
[0mPOST /api/auth/refresh [33m401[0m 0.382 ms - 101[0m
[0mPOST /api/auth/logout [33m401[0m 0.241 ms - 101[0m
[0mGET / [0m-[0m - ms - -[0m
[0mPOST /api/auth/logout [33m401[0m 0.291 ms - 101[0m
[0mGET / [32m200[0m 4.417 ms - 21770[0m
[0mPOST /api/auth/logout [33m401[0m 0.246 ms - 101[0m
[0mPOST /api/auth/logout [33m401[0m 0.195 ms - 101[0m
[0mPOST /api/auth/refresh [33m401[0m 0.278 ms - 101[0m
[0mGET / [0m-[0m - ms - -[0m
[0mGET / [0m-[0m - ms - -[0m
[0mGET / [0m-[0m - ms - -[0m
[0mPOST /api/auth/logout [33m401[0m 0.197 ms - 101[0m
[0mPOST /api/auth/logout [33m401[0m 0.180 ms - 101[0m
[0mGET / [0m-[0m - ms - -[0m
[0mPOST /api/auth/logout [33m401[0m 0.238 ms - 101[0m
[0mPOST /api/auth/logout [33m401[0m 0.162 ms - 101[0m
[0mGET / [0m-[0m - ms - -[0m
[0mPOST /api/auth/refresh [33m401[0m 0.298 ms - 101[0m
[0mGET / [0m-[0m - ms - -[0m
[0mGET / [0m-[0m - ms - -[0m
[0mPOST /api/auth/logout [33m401[0m 0.183 ms - 101[0m
[0mPOST /api/auth/logout [33m401[0m 0.171 ms - 101[0m
[0mGET / [32m200[0m 3.215 ms - 21770[0m
[0mPOST /api/auth/logout [33m401[0m 0.177 ms - 101[0m
[0mPOST /api/auth/logout [33m401[0m 0.138 ms - 101[0m
[0mPOST /api/auth/refresh [33m401[0m 0.241 ms - 101[0m
[0mGET / [0m-[0m - ms - -[0m
[0mGET / [0m-[0m - ms - -[0m
[0mPOST /api/auth/logout [33m401[0m 0.186 ms - 101[0m
[0mPOST /api/auth/logout [33m401[0m 0.169 ms - 101[0m
[0mGET / [32m200[0m 2.865 ms - 21770[0m
[0mPOST /api/auth/logout [33m401[0m 0.175 ms - 101[0m
[0mPOST /api/auth/logout [33m401[0m 0.221 ms - 101[0m
[0mPOST /api/auth/refresh [33m401[0m 0.384 ms - 101[0m
[0mGET / [32m200[0m 1.319 ms - 21770[0m
[0mPOST /api/auth/logout [33m401[0m 0.179 ms - 101[0m
[0mPOST /api/auth/logout [33m401[0m 0.159 ms - 101[0m
[0mPOST /api/auth/logout [33m401[0m 0.157 ms - 101[0m
[0mPOST /api/auth/logout [33m401[0m 0.165 ms - 101[0m
[0mGET / [32m200[0m 1.856 ms - 21770[0m
[0mPOST /api/auth/refresh [33m401[0m 0.266 ms - 101[0m
[0mGET / [32m200[0m 1.165 ms - 21770[0m
[0mPOST /api/auth/logout [33m401[0m 0.163 ms - 101[0m
[0mPOST /api/auth/logout [33m401[0m 0.280 ms - 101[0m
[0mPOST /api/auth/logout [33m401[0m 0.256 ms - 101[0m
[0mPOST /api/auth/logout [33m401[0m 0.169 ms - 101[0m
[0mPOST /api/auth/refresh [33m401[0m 0.295 ms - 101[0m
[0mGET / [32m200[0m 2.251 ms - 21770[0m
[0mPOST /api/auth/logout [33m401[0m 0.169 ms - 101[0m
[0mGET / [32m200[0m 2.040 ms - 21770[0m
[0mPOST /api/auth/logout [33m401[0m 0.170 ms - 101[0m
[0mPOST /api/auth/logout [33m401[0m 0.136 ms - 101[0m
[0mPOST /api/auth/logout [33m401[0m 0.150 ms - 101[0m
[0mGET / [0m-[0m - ms - -[0m
[0mPOST /api/auth/refresh [33m401[0m 0.253 ms - 101[0m
[0mGET / [0m-[0m - ms - -[0m
[0mPOST /api/auth/logout [33m401[0m 0.183 ms - 101[0m
[0mPOST /api/auth/logout [33m401[0m 0.153 ms - 101[0m
[0mPOST /api/auth/logout [33m401[0m 0.226 ms - 101[0m
[0mPOST /api/auth/logout [33m401[0m 0.203 ms - 101[0m
[0mPOST /api/auth/refresh [33m401[0m 0.285 ms - 101[0m
[0mGET / [0m-[0m - ms - -[0m
[0mGET / [0m-[0m - ms - -[0m
[0mGET / [0m-[0m - ms - -[0m
[0mPOST /api/auth/logout [33m401[0m 0.197 ms - 101[0m
[0mGET / [32m200[0m 2.300 ms - 21770[0m
[0mPOST /api/auth/logout [33m401[0m 0.154 ms - 101[0m
[0mPOST /api/auth/logout [33m401[0m 0.132 ms - 101[0m
[0mPOST /api/auth/logout [33m401[0m 0.147 ms - 101[0m
[0mPOST /api/auth/refresh [33m401[0m 0.252 ms - 101[0m
[0mGET / [0m-[0m - ms - -[0m
[0mGET / [32m200[0m 2.245 ms - 21770[0m
[0mPOST /api/auth/logout [33m401[0m 0.246 ms - 101[0m
[0mPOST /api/auth/logout [33m401[0m 0.176 ms - 101[0m
[0mPOST /api/auth/logout [33m401[0m 0.195 ms - 101[0m
[0mGET / [32m200[0m 3.154 ms - 21770[0m
[0mPOST /api/auth/logout [33m401[0m 0.161 ms - 101[0m
[0mPOST /api/auth/refresh [33m401[0m 0.256 ms - 101[0m
[0mGET / [0m-[0m - ms - -[0m
[0mPOST /api/auth/logout [33m401[0m 0.164 ms - 101[0m
[0mPOST /api/auth/logout [33m401[0m 0.165 ms - 101[0m
[0mGET / [32m200[0m 2.774 ms - 21770[0m
[0mPOST /api/auth/logout [33m401[0m 0.255 ms - 101[0m
[0mPOST /api/auth/logout [33m401[0m 0.201 ms - 101[0m
[0mPOST /api/auth/refresh [33m401[0m 0.379 ms - 101[0m
[0mGET / [0m-[0m - ms - -[0m
[0mGET / [0m-[0m - ms - -[0m
[0mPOST /api/auth/logout [33m401[0m 0.223 ms - 101[0m
[0mPOST /api/auth/logout [33m401[0m 0.199 ms - 101[0m
[0mGET / [0m-[0m - ms - -[0m
[0mPOST /api/auth/logout [33m401[0m 0.187 ms - 101[0m
[0mPOST /api/auth/logout [33m401[0m 0.134 ms - 101[0m
[0mGET / [0m-[0m - ms - -[0m
[0mPOST /api/auth/refresh [33m401[0m 0.285 ms - 101[0m
[0mGET / [0m-[0m - ms - -[0m
[0mPOST /api/auth/logout [33m401[0m 0.275 ms - 101[0m
[0mGET / [0m-[0m - ms - -[0m
[0mPOST /api/auth/logout [33m401[0m 0.259 ms - 101[0m
[0mPOST /api/auth/logout [33m401[0m 0.227 ms - 101[0m
[0mGET / [0m-[0m - ms - -[0m
[0mPOST /api/auth/logout [33m401[0m 0.197 ms - 101[0m
[0mPOST /api/auth/refresh [33m401[0m 0.361 ms - 101[0m
[0mGET / [0m-[0m - ms - -[0m
[0mGET / [0m-[0m - ms - -[0m
[0mPOST /api/auth/logout [33m401[0m 0.178 ms - 101[0m
[0mPOST /api/auth/logout [33m401[0m 0.170 ms - 101[0m
[0mPOST /api/auth/logout [33m401[0m 0.217 ms - 101[0m
[0mPOST /api/auth/logout [33m401[0m 0.178 ms - 101[0m
[0mGET / [0m-[0m - ms - -[0m
[0mPOST /api/auth/refresh [33m401[0m 0.301 ms - 101[0m
[0mGET / [0m-[0m - ms - -[0m
[0mGET / [0m-[0m - ms - -[0m
[0mPOST /api/auth/logout [33m401[0m 0.181 ms - 101[0m
[0mPOST /api/auth/logout [33m401[0m 0.190 ms - 101[0m
[0mGET / [0m-[0m - ms - -[0m
[0mPOST /api/auth/logout [33m401[0m 0.166 ms - 101[0m
[0mPOST /api/auth/logout [33m401[0m 0.151 ms - 101[0m
[0mGET / [0m-[0m - ms - -[0m
[0mGET / [32m200[0m 2.169 ms - 21770[0m
[0mPOST /api/auth/refresh [33m401[0m 0.315 ms - 101[0m
[0mGET / [0m-[0m - ms - -[0m
[0mGET / [32m200[0m 3.083 ms - 21770[0m
[0mPOST /api/auth/logout [33m401[0m 0.403 ms - 101[0m
[0mPOST /api/auth/logout [33m401[0m 0.183 ms - 101[0m
[0mPOST /api/auth/logout [33m401[0m 0.190 ms - 101[0m
[0mPOST /api/auth/logout [33m401[0m 0.172 ms - 101[0m
[0mGET / [0m-[0m - ms - -[0m
[0mPOST /api/auth/refresh [33m401[0m 0.319 ms - 101[0m
[0mGET / [32m200[0m 1.200 ms - 21770[0m
[0mPOST /api/auth/logout [33m401[0m 0.173 ms - 101[0m
[0mPOST /api/auth/logout [33m401[0m 0.155 ms - 101[0m
[0mPOST /api/auth/logout [33m401[0m 0.284 ms - 101[0m
[0mGET / [32m200[0m 2.449 ms - 21770[0m
[0mPOST /api/auth/logout [33m401[0m 0.170 ms - 101[0m
[0mPOST /api/auth/refresh [33m401[0m 0.360 ms - 101[0m
[0mGET / [32m200[0m 1.593 ms - 21770[0m
[0mPOST /api/auth/logout [33m401[0m 0.305 ms - 101[0m
[0mPOST /api/auth/logout [33m401[0m 0.221 ms - 101[0m
[0mGET / [32m200[0m 2.593 ms - 21770[0m
[0mPOST /api/auth/logout [33m401[0m 0.183 ms - 101[0m
[0mPOST /api/auth/logout [33m401[0m 0.151 ms - 101[0m
[0mPOST /api/auth/refresh [33m401[0m 0.251 ms - 101[0m
[0mGET / [0m-[0m - ms - -[0m
[0mGET / [0m-[0m - ms - -[0m
[0mPOST /api/auth/logout [33m401[0m 0.171 ms - 101[0m
[0mPOST /api/auth/logout [33m401[0m 0.172 ms - 101[0m
[0mPOST /api/auth/logout [33m401[0m 0.144 ms - 101[0m
[0mGET / [0m-[0m - ms - -[0m
[0mPOST /api/auth/refresh [33m401[0m 0.329 ms - 101[0m
[0mPOST /api/auth/logout [33m401[0m 0.162 ms - 101[0m
[0mGET / [32m200[0m 4.214 ms - 21770[0m
[0mGET / [0m-[0m - ms - -[0m
[0mPOST /api/auth/logout [33m401[0m 0.189 ms - 101[0m
[0mPOST /api/auth/logout [33m401[0m 0.159 ms - 101[0m
[0mPOST /api/auth/logout [33m401[0m 0.155 ms - 101[0m
[0mPOST /api/auth/logout [33m401[0m 0.159 ms - 101[0m
[0mGET / [32m200[0m 3.429 ms - 21770[0m
[0mGET / [0m-[0m - ms - -[0m
[0mPOST /api/auth/refresh [33m401[0m 0.377 ms - 101[0m
[0mGET / [0m-[0m - ms - -[0m
[0mPOST /api/auth/logout [33m401[0m 0.269 ms - 101[0m
[0mPOST /api/auth/logout [33m401[0m 0.196 ms - 101[0m
[0mPOST /api/auth/logout [33m401[0m 0.173 ms - 101[0m
[0mPOST /api/auth/logout [33m401[0m 0.584 ms - 101[0m
[0mGET / [0m-[0m - ms - -[0m
[0mPOST /api/auth/refresh [33m401[0m 0.502 ms - 101[0m
[0mGET / [0m-[0m - ms - -[0m
[0mGET / [0m-[0m - ms - -[0m
[0mGET / [0m-[0m - ms - -[0m
[0mPOST /api/auth/logout [33m401[0m 0.269 ms - 101[0m
[0mPOST /api/auth/logout [33m401[0m 0.214 ms - 101[0m
[0mPOST /api/auth/logout [33m401[0m 0.187 ms - 101[0m
[0mGET / [0m-[0m - ms - -[0m
[0mPOST /api/auth/refresh [33m401[0m 0.281 ms - 101[0m
[0mGET / [32m200[0m 3.047 ms - 21770[0m
[0mPOST /api/auth/logout [33m401[0m 0.171 ms - 101[0m
[0mGET / [0m-[0m - ms - -[0m
[0mPOST /api/auth/logout [33m401[0m 0.143 ms - 101[0m
[0mGET / [32m200[0m 2.971 ms - 21770[0m
[0mPOST /api/auth/logout [33m401[0m 0.164 ms - 101[0m
[0mPOST /api/auth/logout [33m401[0m 0.123 ms - 101[0m
[0mPOST /api/auth/refresh [33m401[0m 0.248 ms - 101[0m
[0mGET / [0m-[0m - ms - -[0m
[0mGET / [0m-[0m - ms - -[0m
[0mPOST /api/auth/logout [33m401[0m 0.174 ms - 101[0m
[0mPOST /api/auth/logout [33m401[0m 0.142 ms - 101[0m
[0mPOST /api/auth/logout [33m401[0m 0.149 ms - 101[0m
[0mGET / [0m-[0m - ms - -[0m
[0mPOST /api/auth/refresh [33m401[0m 0.266 ms - 101[0m
[0mPOST /api/auth/logout [33m401[0m 0.202 ms - 101[0m
[0mGET / [0m-[0m - ms - -[0m
[0mGET / [32m200[0m 3.421 ms - 21770[0m
[0mPOST /api/auth/logout [33m401[0m 0.279 ms - 101[0m
[0mPOST /api/auth/logout [33m401[0m 0.289 ms - 101[0m
[0mPOST /api/auth/logout [33m401[0m 0.281 ms - 101[0m
[0mPOST /api/auth/logout [33m401[0m 0.244 ms - 101[0m
[0mPOST /api/auth/refresh [33m401[0m 0.421 ms - 101[0m
[0mGET / [0m-[0m - ms - -[0m
[0mPOST /api/auth/logout [33m401[0m 0.281 ms - 101[0m
[0mPOST /api/auth/logout [33m401[0m 0.227 ms - 101[0m
[0mPOST /api/auth/logout [33m401[0m 0.224 ms - 101[0m
[0mGET / [32m200[0m 169.209 ms - 21770[0m
[0mPOST /api/auth/logout [33m401[0m 0.152 ms - 101[0m
[0mGET / [0m-[0m - ms - -[0m
[0mPOST /api/auth/refresh [33m401[0m 0.249 ms - 101[0m
[0mGET / [32m200[0m 5.036 ms - 21770[0m
[0mGET / [0m-[0m - ms - -[0m
[0mGET / [0m-[0m - ms - -[0m
[0mGET / [0m-[0m - ms - -[0m
[0mGET / [0m-[0m - ms - -[0m
[0mGET / [0m-[0m - ms - -[0m
[0mGET / [0m-[0m - ms - -[0m
[0mGET / [0m-[0m - ms - -[0m
[0mGET / [0m-[0m - ms - -[0m
[0mGET / [0m-[0m - ms - -[0m
[0mGET / [0m-[0m - ms - -[0m
[0mGET / [0m-[0m - ms - -[0m
[0mGET / [0m-[0m - ms - -[0m
[0mGET / [0m-[0m - ms - -[0m
[0mGET / [0m-[0m - ms - -[0m
[0mGET / [0m-[0m - ms - -[0m
[0mGET / [0m-[0m - ms - -[0m
[0mGET / [0m-[0m - ms - -[0m
[0mGET / [0m-[0m - ms - -[0m
[0mGET / [0m-[0m - ms - -[0m
[0mGET / [0m-[0m - ms - -[0m
[0mGET / [0m-[0m - ms - -[0m
[0mGET / [0m-[0m - ms - -[0m
[0mGET / [0m-[0m - ms - -[0m
[0mGET / [0m-[0m - ms - -[0m
[0mGET / [0m-[0m - ms - -[0m
[0mGET / [0m-[0m - ms - -[0m
[0mGET / [0m-[0m - ms - -[0m
[0mGET / [0m-[0m - ms - -[0m
[0mGET / [0m-[0m - ms - -[0m
[0mGET / [0m-[0m - ms - -[0m
[0mGET / [0m-[0m - ms - -[0m
[0mGET / [0m-[0m - ms - -[0m
[0mPOST /api/auth/logout [33m401[0m 0.248 ms - 101[0m
[0mPOST /api/auth/logout [33m401[0m 0.245 ms - 101[0m
[0mPOST /api/auth/logout [33m401[0m 0.169 ms - 101[0m
[0mPOST /api/auth/logout [33m401[0m 0.131 ms - 101[0m
[0mGET / [0m-[0m - ms - -[0m
[0mGET / [0m-[0m - ms - -[0m
[0mGET / [0m-[0m - ms - -[0m
[0mGET / [0m-[0m - ms - -[0m
[0mGET / [0m-[0m - ms - -[0m
[0mGET / [0m-[0m - ms - -[0m
[0mGET / [0m-[0m - ms - -[0m
[0mGET / [0m-[0m - ms - -[0m
[0mPOST /api/auth/refresh [33m401[0m 0.225 ms - 101[0m
[0mGET / [32m200[0m 9.132 ms - 21770[0m
[0mGET / [0m-[0m - ms - -[0m
[0mGET / [0m-[0m - ms - -[0m
[0mPOST /api/auth/logout [33m401[0m 0.164 ms - 101[0m
[0mPOST /api/auth/logout [33m401[0m 0.151 ms - 101[0m
[0mPOST /api/auth/logout [33m401[0m 0.146 ms - 101[0m
[0mPOST /api/auth/logout [33m401[0m 0.148 ms - 101[0m
[0mPOST /api/auth/refresh [33m401[0m 0.342 ms - 101[0m
[0mGET / [0m-[0m - ms - -[0m
[0mGET / [0m-[0m - ms - -[0m
[0mGET / [0m-[0m - ms - -[0m
[0mPOST /api/auth/logout [33m401[0m 0.146 ms - 101[0m
[0mPOST /api/auth/logout [33m401[0m 0.130 ms - 101[0m
[0mPOST /api/auth/logout [33m401[0m 0.149 ms - 101[0m
[0mPOST /api/auth/refresh [33m401[0m 0.246 ms - 101[0m
[0mPOST /api/auth/logout [33m401[0m 0.146 ms - 101[0m
[0mGET / [0m-[0m - ms - -[0m
[0mPOST /api/auth/logout [33m401[0m 0.153 ms - 101[0m
[0mPOST /api/auth/logout [33m401[0m 0.135 ms - 101[0m
[0mPOST /api/auth/logout [33m401[0m 0.129 ms - 101[0m
[0mPOST /api/auth/refresh [33m401[0m 0.226 ms - 101[0m
[0mGET / [32m200[0m 1.169 ms - 21770[0m
[0mPOST /api/auth/logout [33m401[0m 0.184 ms - 101[0m
[0mPOST /api/auth/logout [33m401[0m 0.194 ms - 101[0m
[0mPOST /api/auth/logout [33m401[0m 0.141 ms - 101[0m
[0mGET / [32m200[0m 2.163 ms - 21770[0m
[0mPOST /api/auth/logout [33m401[0m 0.147 ms - 101[0m
[0mPOST /api/auth/refresh [33m401[0m 0.284 ms - 101[0m
[0mGET / [32m200[0m 1.207 ms - 21770[0m
[0mPOST /api/auth/logout [33m401[0m 0.186 ms - 101[0m
[0mPOST /api/auth/logout [33m401[0m 0.160 ms - 101[0m
[0mPOST /api/auth/logout [33m401[0m 0.266 ms - 101[0m
[0mPOST /api/auth/logout [33m401[0m 0.149 ms - 101[0m
[0mGET / [32m200[0m 2.334 ms - 21770[0m
[0mPOST /api/auth/refresh [33m401[0m 0.532 ms - 101[0m
[0mGET / [32m200[0m 1.754 ms - 21770[0m
[0mPOST /api/auth/logout [33m401[0m 0.348 ms - 101[0m
[0mPOST /api/auth/logout [33m401[0m 0.257 ms - 101[0m
[0mPOST /api/auth/logout [33m401[0m 0.270 ms - 101[0m
[0mGET / [0m-[0m - ms - -[0m
[0mPOST /api/auth/logout [33m401[0m 0.228 ms - 101[0m
[0mPOST /api/auth/refresh [33m401[0m 0.325 ms - 101[0m
[0mGET / [32m200[0m 3.890 ms - 21770[0m
[0mPOST /api/auth/logout [33m401[0m 0.229 ms - 101[0m
[0mPOST /api/auth/logout [33m401[0m 0.192 ms - 101[0m
[0mPOST /api/auth/logout [33m401[0m 0.213 ms - 101[0m
[0mGET / [0m-[0m - ms - -[0m
[0mPOST /api/auth/refresh [33m401[0m 0.439 ms - 101[0m
[0mPOST /api/auth/logout [33m401[0m 0.190 ms - 101[0m
[0mGET / [0m-[0m - ms - -[0m
[0mGET / [0m-[0m - ms - -[0m
[0mGET / [0m-[0m - ms - -[0m
[0mPOST /api/auth/logout [33m401[0m 0.177 ms - 101[0m
[0mGET / [32m200[0m 2.877 ms - 21770[0m
[0mPOST /api/auth/logout [33m401[0m 0.187 ms - 101[0m
[0mPOST /api/auth/logout [33m401[0m 0.138 ms - 101[0m
[0mGET / [0m-[0m - ms - -[0m
[0mPOST /api/auth/refresh [33m401[0m 0.293 ms - 101[0m
[0mGET / [0m-[0m - ms - -[0m
[0mGET / [32m200[0m 1.123 ms - 21770[0m
[0mPOST /api/auth/logout [33m401[0m 0.167 ms - 101[0m
[0mPOST /api/auth/logout [33m401[0m 0.148 ms - 101[0m
[0mPOST /api/auth/logout [33m401[0m 0.128 ms - 101[0m
[0mPOST /api/auth/logout [33m401[0m 0.135 ms - 101[0m
[0mGET / [0m-[0m - ms - -[0m
[0mPOST /api/auth/refresh [33m401[0m 0.330 ms - 101[0m
[0mGET / [0m-[0m - ms - -[0m
[0mPOST /api/auth/logout [33m401[0m 0.192 ms - 101[0m
[0mPOST /api/auth/logout [33m401[0m 0.167 ms - 101[0m
[0mPOST /api/auth/logout [33m401[0m 0.138 ms - 101[0m
[0mPOST /api/auth/logout [33m401[0m 0.134 ms - 101[0m
[0mGET / [32m200[0m 1.879 ms - 21770[0m
[0mPOST /api/auth/refresh [33m401[0m 0.283 ms - 101[0m
[0mGET / [0m-[0m - ms - -[0m
[0mGET / [32m200[0m 1.336 ms - 21770[0m
[0mPOST /api/auth/logout [33m401[0m 0.207 ms - 101[0m
[0mPOST /api/auth/logout [33m401[0m 0.166 ms - 101[0m
[0mPOST /api/auth/logout [33m401[0m 0.177 ms - 101[0m
[0mPOST /api/auth/logout [33m401[0m 0.130 ms - 101[0m
[0mGET / [32m200[0m 1.672 ms - 21770[0m
[0mPOST /api/auth/refresh [33m401[0m 0.430 ms - 101[0m
[0mGET / [0m-[0m - ms - -[0m
[0mGET / [0m-[0m - ms - -[0m
[0mPOST /api/auth/logout [33m401[0m 0.190 ms - 101[0m
[0mPOST /api/auth/logout [33m401[0m 0.153 ms - 101[0m
[0mPOST /api/auth/logout [33m401[0m 0.132 ms - 101[0m
[0mPOST /api/auth/refresh [33m401[0m 0.309 ms - 101[0m
[0mPOST /api/auth/logout [33m401[0m 0.185 ms - 101[0m
[0mGET / [0m-[0m - ms - -[0m
[0mGET / [0m-[0m - ms - -[0m
[0mPOST /api/auth/logout [33m401[0m 0.155 ms - 101[0m
[0mPOST /api/auth/logout [33m401[0m 0.137 ms - 101[0m
[0mPOST /api/auth/logout [33m401[0m 0.143 ms - 101[0m
[0mPOST /api/auth/refresh [33m401[0m 0.255 ms - 101[0m
[0mGET / [32m200[0m 4.551 ms - 21770[0m
[0mGET / [0m-[0m - ms - -[0m
[0mPOST /api/auth/logout [33m401[0m 0.160 ms - 101[0m
[0mPOST /api/auth/logout [33m401[0m 0.154 ms - 101[0m
[0mPOST /api/auth/logout [33m401[0m 0.158 ms - 101[0m
[0mPOST /api/auth/logout [33m401[0m 0.201 ms - 101[0m
[0mGET / [0m-[0m - ms - -[0m
[0mPOST /api/auth/refresh [33m401[0m 0.309 ms - 101[0m
[0mGET / [0m-[0m - ms - -[0m
[0mGET / [32m200[0m 2.373 ms - 21770[0m
[0mPOST /api/auth/logout [33m401[0m 0.171 ms - 101[0m
[0mPOST /api/auth/logout [33m401[0m 0.150 ms - 101[0m
[0mGET / [32m200[0m 2.270 ms - 21770[0m
[0mPOST /api/auth/logout [33m401[0m 0.146 ms - 101[0m
[0mPOST /api/auth/logout [33m401[0m 0.126 ms - 101[0m
[0mPOST /api/auth/refresh [33m401[0m 0.251 ms - 101[0m
[0mGET / [0m-[0m - ms - -[0m
[0mGET / [0m-[0m - ms - -[0m
[0mPOST /api/auth/logout [33m401[0m 0.209 ms - 101[0m
[0mPOST /api/auth/logout [33m401[0m 0.183 ms - 101[0m
[0mPOST /api/auth/logout [33m401[0m 0.150 ms - 101[0m
[0mGET / [32m200[0m 3.048 ms - 21770[0m
[0mPOST /api/auth/refresh [33m401[0m 0.282 ms - 101[0m
[0mPOST /api/auth/logout [33m401[0m 0.145 ms - 101[0m
[0mGET / [0m-[0m - ms - -[0m
[0mPOST /api/auth/logout [33m401[0m 0.159 ms - 101[0m
[0mPOST /api/auth/logout [33m401[0m 0.155 ms - 101[0m
[0mPOST /api/auth/logout [33m401[0m 0.138 ms - 101[0m
[0mGET / [32m200[0m 2.036 ms - 21770[0m
[0mPOST /api/auth/refresh [33m401[0m 0.286 ms - 101[0m
[0mGET / [0m-[0m - ms - -[0m
[0mPOST /api/auth/logout [33m401[0m 0.224 ms - 101[0m
[0mGET / [32m200[0m 2.933 ms - 21770[0m
[0mPOST /api/auth/logout [33m401[0m 0.194 ms - 101[0m
[0mPOST /api/auth/logout [33m401[0m 0.237 ms - 101[0m
[0mPOST /api/auth/logout [33m401[0m 0.172 ms - 101[0m
[0mPOST /api/auth/refresh [33m401[0m 0.278 ms - 101[0m
[0mGET / [32m200[0m 1.509 ms - 21770[0m
[0mPOST /api/auth/logout [33m401[0m 0.196 ms - 101[0m
[0mPOST /api/auth/logout [33m401[0m 0.156 ms - 101[0m
[0mPOST /api/auth/logout [33m401[0m 0.175 ms - 101[0m
[0mPOST /api/auth/logout [33m401[0m 0.148 ms - 101[0m
[0mGET / [0m-[0m - ms - -[0m
[0mPOST /api/auth/refresh [33m401[0m 0.255 ms - 101[0m
[0mGET / [32m200[0m 1.777 ms - 21770[0m
[0mPOST /api/auth/logout [33m401[0m 0.210 ms - 101[0m
[0mPOST /api/auth/logout [33m401[0m 0.272 ms - 101[0m
[0mPOST /api/auth/logout [33m401[0m 0.253 ms - 101[0m
[0mPOST /api/auth/logout [33m401[0m 0.212 ms - 101[0m
[0mPOST /api/auth/refresh [33m401[0m 0.331 ms - 101[0m
[0mGET / [0m-[0m - ms - -[0m
[0mPOST /api/auth/logout [33m401[0m 0.237 ms - 101[0m
[0mPOST /api/auth/logout [33m401[0m 0.225 ms - 101[0m
[0mPOST /api/auth/logout [33m401[0m 0.246 ms - 101[0m
[0mPOST /api/auth/logout [33m401[0m 0.241 ms - 101[0m
[0mPOST /api/auth/refresh [33m401[0m 0.328 ms - 101[0m
[0mGET / [32m200[0m 6.431 ms - 21770[0m
[0mGET / [0m-[0m - ms - -[0m
[0mPOST /api/auth/logout [33m401[0m 0.185 ms - 101[0m
[0mPOST /api/auth/logout [33m401[0m 0.197 ms - 101[0m
[0mPOST /api/auth/logout [33m401[0m 0.157 ms - 101[0m
[0mGET / [32m200[0m 3.552 ms - 21770[0m
[0mPOST /api/auth/refresh [33m401[0m 0.357 ms - 101[0m
[0mPOST /api/auth/logout [33m401[0m 0.217 ms - 101[0m
[0mGET / [0m-[0m - ms - -[0m
[0mGET / [32m200[0m 3.544 ms - 21770[0m
[0mPOST /api/auth/logout [33m401[0m 0.223 ms - 101[0m
[0mGET / [32m200[0m 6.563 ms - 21770[0m
[0mPOST /api/auth/logout [33m401[0m 0.235 ms - 101[0m
[0mPOST /api/auth/logout [33m401[0m 0.206 ms - 101[0m
[0mPOST /api/auth/refresh [33m401[0m 0.310 ms - 101[0m
[0mGET / [0m-[0m - ms - -[0m
[0mGET / [32m200[0m 3.125 ms - 21770[0m
[0mGET / [0m-[0m - ms - -[0m
[0mPOST /api/auth/logout [33m401[0m 0.229 ms - 101[0m
[0mPOST /api/auth/logout [33m401[0m 0.227 ms - 101[0m
[0mPOST /api/auth/logout [33m401[0m 0.230 ms - 101[0m
[0mPOST /api/auth/logout [33m401[0m 0.210 ms - 101[0m
[0mGET / [0m-[0m - ms - -[0m
[0mPOST /api/auth/refresh [33m401[0m 0.389 ms - 101[0m
[0mGET / [0m-[0m - ms - -[0m
[0mGET / [0m-[0m - ms - -[0m
[0mGET / [32m200[0m 3.865 ms - 21770[0m
[0mGET / [0m-[0m - ms - -[0m
[0mPOST /api/auth/logout [33m401[0m 0.178 ms - 101[0m
[0mPOST /api/auth/logout [33m401[0m 0.179 ms - 101[0m
[0mPOST /api/auth/logout [33m401[0m 0.160 ms - 101[0m
[0mPOST /api/auth/logout [33m401[0m 0.167 ms - 101[0m
[0mGET / [0m-[0m - ms - -[0m
[0mPOST /api/auth/refresh [33m401[0m 0.246 ms - 101[0m
[0mGET / [32m200[0m 2.752 ms - 21770[0m
[0mGET / [0m-[0m - ms - -[0m
[0mPOST /api/auth/logout [33m401[0m 0.157 ms - 101[0m
[0mPOST /api/auth/logout [33m401[0m 0.150 ms - 101[0m
[0mPOST /api/auth/logout [33m401[0m 0.217 ms - 101[0m
[0mPOST /api/auth/logout [33m401[0m 0.273 ms - 101[0m
[0mPOST /api/auth/refresh [33m401[0m 0.361 ms - 101[0m
[0mGET / [0m-[0m - ms - -[0m
[0mGET / [0m-[0m - ms - -[0m
[0mPOST /api/auth/logout [33m401[0m 0.177 ms - 101[0m
[0mGET / [0m-[0m - ms - -[0m
[0mPOST /api/auth/logout [33m401[0m 0.190 ms - 101[0m
[0mPOST /api/auth/logout [33m401[0m 0.164 ms - 101[0m
[0mPOST /api/auth/logout [33m401[0m 0.131 ms - 101[0m
[0mGET / [0m-[0m - ms - -[0m
[0mPOST /api/auth/refresh [33m401[0m 0.247 ms - 101[0m
[0mGET / [0m-[0m - ms - -[0m
[0mGET / [0m-[0m - ms - -[0m
[0mPOST /api/auth/logout [33m401[0m 0.167 ms - 101[0m
[0mGET / [0m-[0m - ms - -[0m
[0mPOST /api/auth/logout [33m401[0m 0.142 ms - 101[0m
[0mPOST /api/auth/logout [33m401[0m 0.144 ms - 101[0m
[0mPOST /api/auth/logout [33m401[0m 0.134 ms - 101[0m
[0mPOST /api/auth/refresh [33m401[0m 0.239 ms - 101[0m
[0mGET / [32m200[0m 3.463 ms - 21770[0m
[0mPOST /api/auth/logout [33m401[0m 0.157 ms - 101[0m
[0mGET / [32m200[0m 1.945 ms - 21770[0m
[0mPOST /api/auth/logout [33m401[0m 0.179 ms - 101[0m
[0mPOST /api/auth/logout [33m401[0m 0.147 ms - 101[0m
[0mPOST /api/auth/logout [33m401[0m 0.133 ms - 101[0m
[0mGET / [0m-[0m - ms - -[0m
[0mPOST /api/auth/refresh [33m401[0m 0.248 ms - 101[0m
[0mPOST /api/auth/logout [33m401[0m 0.157 ms - 101[0m
[0mGET / [32m200[0m 2.007 ms - 21770[0m
[0mPOST /api/auth/logout [33m401[0m 0.166 ms - 101[0m
[0mPOST /api/auth/logout [33m401[0m 0.142 ms - 101[0m
[0mPOST /api/auth/logout [33m401[0m 0.143 ms - 101[0m
[0mPOST /api/auth/refresh [33m401[0m 0.237 ms - 101[0m
[0mGET / [32m200[0m 1.987 ms - 21770[0m
[0mPOST /api/auth/logout [33m401[0m 0.175 ms - 101[0m
[0mGET / [32m200[0m 1.698 ms - 21770[0m
[0mPOST /api/auth/logout [33m401[0m 0.211 ms - 101[0m
[0mPOST /api/auth/logout [33m401[0m 0.221 ms - 101[0m
[0mPOST /api/auth/logout [33m401[0m 0.223 ms - 101[0m
[0mPOST /api/auth/refresh [33m401[0m 0.324 ms - 101[0m
[0mGET / [0m-[0m - ms - -[0m
[0mGET / [32m200[0m 3.249 ms - 21770[0m
[0mPOST /api/auth/logout [33m401[0m 0.243 ms - 101[0m
[0mPOST /api/auth/logout [33m401[0m 0.199 ms - 101[0m
[0mPOST /api/auth/logout [33m401[0m 0.166 ms - 101[0m
[0mPOST /api/auth/logout [33m401[0m 0.157 ms - 101[0m
[0mGET / [0m-[0m - ms - -[0m
[0mPOST /api/auth/refresh [33m401[0m 0.254 ms - 101[0m
[0mGET / [0m-[0m - ms - -[0m
[0mPOST /api/auth/logout [33m401[0m 0.155 ms - 101[0m
[0mGET / [32m200[0m 2.913 ms - 21770[0m
[0mPOST /api/auth/logout [33m401[0m 0.154 ms - 101[0m
[0mPOST /api/auth/logout [33m401[0m 0.133 ms - 101[0m
[0mPOST /api/auth/logout [33m401[0m 0.144 ms - 101[0m
[0mPOST /api/auth/refresh [33m401[0m 0.260 ms - 101[0m
[0mGET / [0m-[0m - ms - -[0m
[0mGET / [32m200[0m 2.028 ms - 21770[0m
[0mPOST /api/auth/logout [33m401[0m 0.156 ms - 101[0m
[0mPOST /api/auth/logout [33m401[0m 0.162 ms - 101[0m
[0mPOST /api/auth/logout [33m401[0m 0.141 ms - 101[0m
[0mPOST /api/auth/refresh [33m401[0m 0.294 ms - 101[0m
[0mPOST /api/auth/logout [33m401[0m 0.151 ms - 101[0m
[0mPOST /api/auth/logout [33m401[0m 0.194 ms - 101[0m
[0mGET / [0m-[0m - ms - -[0m
[0mGET / [0m-[0m - ms - -[0m
[0mPOST /api/auth/logout [33m401[0m 0.164 ms - 101[0m
[0mPOST /api/auth/logout [33m401[0m 0.158 ms - 101[0m
[0mPOST /api/auth/refresh [33m401[0m 0.238 ms - 101[0m
[0mGET / [0m-[0m - ms - -[0m
[0mGET / [0m-[0m - ms - -[0m
[0mGET / [0m-[0m - ms - -[0m
[0mGET / [0m-[0m - ms - -[0m
[0mGET / [0m-[0m - ms - -[0m
[0mGET / [0m-[0m - ms - -[0m
[0mGET / [0m-[0m - ms - -[0m
[0mGET / [0m-[0m - ms - -[0m
[0mGET / [0m-[0m - ms - -[0m
[0mGET / [0m-[0m - ms - -[0m
[0mGET / [0m-[0m - ms - -[0m
[0mGET / [0m-[0m - ms - -[0m
[0mGET / [0m-[0m - ms - -[0m
[0mGET / [0m-[0m - ms - -[0m
[0mGET / [0m-[0m - ms - -[0m
[0mGET / [0m-[0m - ms - -[0m
[0mGET / [0m-[0m - ms - -[0m
[0mGET / [0m-[0m - ms - -[0m
[0mGET / [0m-[0m - ms - -[0m
[0mGET / [0m-[0m - ms - -[0m
[0mGET / [0m-[0m - ms - -[0m
[0mGET / [0m-[0m - ms - -[0m
[0mGET / [0m-[0m - ms - -[0m
[0mGET / [0m-[0m - ms - -[0m
[0mGET / [0m-[0m - ms - -[0m
[0mGET / [0m-[0m - ms - -[0m
[0mGET / [0m-[0m - ms - -[0m
[0mGET / [0m-[0m - ms - -[0m
[0mGET / [0m-[0m - ms - -[0m
[0mGET / [0m-[0m - ms - -[0m
[0mGET / [0m-[0m - ms - -[0m
[0mPOST /api/auth/logout [33m401[0m 0.184 ms - 101[0m
[0mPOST /api/auth/logout [33m401[0m 0.154 ms - 101[0m
[0mPOST /api/auth/logout [33m401[0m 0.152 ms - 101[0m
[0mPOST /api/auth/logout [33m401[0m 0.153 ms - 101[0m
[0mGET / [0m-[0m - ms - -[0m
[0mGET / [0m-[0m - ms - -[0m
[0mGET / [0m-[0m - ms - -[0m
[0mGET / [0m-[0m - ms - -[0m
[0mGET / [0m-[0m - ms - -[0m
[0mGET / [0m-[0m - ms - -[0m
[0mGET / [0m-[0m - ms - -[0m
[0mGET / [0m-[0m - ms - -[0m
[0mGET / [0m-[0m - ms - -[0m
[0mGET / [0m-[0m - ms - -[0m
[0mGET / [0m-[0m - ms - -[0m
[0mGET / [0m-[0m - ms - -[0m
[0mGET / [0m-[0m - ms - -[0m
[0mGET / [0m-[0m - ms - -[0m
[0mGET / [0m-[0m - ms - -[0m
[0mGET / [0m-[0m - ms - -[0m
[0mGET / [0m-[0m - ms - -[0m
[0mPOST /api/auth/refresh [33m401[0m 0.442 ms - 101[0m
[0mGET / [0m-[0m - ms - -[0m
[0mGET / [0m-[0m - ms - -[0m
[0mGET / [0m-[0m - ms - -[0m
[0mGET / [0m-[0m - ms - -[0m
[0mPOST /api/auth/logout [33m401[0m 0.153 ms - 101[0m
[0mPOST /api/auth/logout [33m401[0m 0.145 ms - 101[0m
[0mPOST /api/auth/logout [33m401[0m 0.132 ms - 101[0m
[0mPOST /api/auth/logout [33m401[0m 0.131 ms - 101[0m
[0mGET / [0m-[0m - ms - -[0m
[0mGET / [0m-[0m - ms - -[0m
[0mGET / [0m-[0m - ms - -[0m
[0mPOST /api/auth/refresh [33m401[0m 0.242 ms - 101[0m
[0mGET / [32m200[0m 4.418 ms - 21770[0m
[0mPOST /api/auth/logout [33m401[0m 0.160 ms - 101[0m
[0mPOST /api/auth/logout [33m401[0m 0.161 ms - 101[0m
[0mPOST /api/auth/logout [33m401[0m 0.149 ms - 101[0m
[0mPOST /api/auth/logout [33m401[0m 0.137 ms - 101[0m
[0mPOST /api/auth/refresh [33m401[0m 0.287 ms - 101[0m
[0mPOST /api/auth/logout [33m401[0m 0.170 ms - 101[0m
[0mPOST /api/auth/logout [33m401[0m 0.163 ms - 101[0m
[0mPOST /api/auth/logout [33m401[0m 0.140 ms - 101[0m
[0mPOST /api/auth/logout [33m401[0m 0.146 ms - 101[0m
[0mGET / [32m200[0m 1.306 ms - 21770[0m
[0mPOST /api/auth/refresh [33m401[0m 0.445 ms - 101[0m
[0mGET / [32m200[0m 1.462 ms - 21770[0m
[0mPOST /api/auth/logout [33m401[0m 0.194 ms - 101[0m
[0mPOST /api/auth/logout [33m401[0m 0.170 ms - 101[0m
[0mPOST /api/auth/logout [33m401[0m 0.193 ms - 101[0m
[0mPOST /api/auth/logout [33m401[0m 0.290 ms - 101[0m
[0mGET / [0m-[0m - ms - -[0m
[0mPOST /api/auth/refresh [33m401[0m 0.259 ms - 101[0m
[0mGET / [32m200[0m 2.347 ms - 21770[0m
[0mPOST /api/auth/logout [33m401[0m 0.192 ms - 101[0m
[0mPOST /api/auth/logout [33m401[0m 0.158 ms - 101[0m
[0mPOST /api/auth/logout [33m401[0m 0.142 ms - 101[0m
[0mGET / [0m-[0m - ms - -[0m
[0mPOST /api/auth/logout [33m401[0m 0.277 ms - 101[0m
[0mPOST /api/auth/refresh [33m401[0m 0.404 ms - 101[0m
[0mGET / [0m-[0m - ms - -[0m
[0mGET / [0m-[0m - ms - -[0m
[0mPOST /api/auth/logout [33m401[0m 0.191 ms - 101[0m
[0mPOST /api/auth/logout [33m401[0m 0.154 ms - 101[0m
[0mPOST /api/auth/logout [33m401[0m 0.157 ms - 101[0m
[0mPOST /api/auth/logout [33m401[0m 0.140 ms - 101[0m
[0mGET / [32m200[0m 4.048 ms - 21770[0m
[0mPOST /api/auth/refresh [33m401[0m 0.297 ms - 101[0m
[0mGET / [0m-[0m - ms - -[0m
[0mGET / [0m-[0m - ms - -[0m
[0mPOST /api/auth/logout [33m401[0m 0.239 ms - 101[0m
[0mGET / [0m-[0m - ms - -[0m
[0mPOST /api/auth/logout [33m401[0m 0.175 ms - 101[0m
[0mPOST /api/auth/logout [33m401[0m 0.150 ms - 101[0m
[0mPOST /api/auth/logout [33m401[0m 0.151 ms - 101[0m
[0mPOST /api/auth/refresh [33m401[0m 0.245 ms - 101[0m
[0mGET / [0m-[0m - ms - -[0m
[0mGET / [0m-[0m - ms - -[0m
[0mPOST /api/auth/logout [33m401[0m 0.326 ms - 101[0m
[0mPOST /api/auth/logout [33m401[0m 0.237 ms - 101[0m
[0mPOST /api/auth/refresh [33m401[0m 0.379 ms - 101[0m
[0mPOST /api/auth/logout [33m401[0m 0.218 ms - 101[0m
[0mPOST /api/auth/logout [33m401[0m 0.159 ms - 101[0m
[0mGET / [0m-[0m - ms - -[0m
[0mPOST /api/auth/logout [33m401[0m 0.144 ms - 101[0m
[0mGET / [32m200[0m 2.884 ms - 21770[0m
[0mPOST /api/auth/logout [33m401[0m 0.163 ms - 101[0m
[0mGET / [0m-[0m - ms - -[0m
[0mPOST /api/auth/refresh [33m401[0m 0.248 ms - 101[0m
[0mPOST /api/auth/logout [33m401[0m 0.191 ms - 101[0m
[0mGET / [32m200[0m 2.266 ms - 21770[0m
[0mPOST /api/auth/logout [33m401[0m 0.164 ms - 101[0m
[0mPOST /api/auth/logout [33m401[0m 0.171 ms - 101[0m
[0mPOST /api/auth/logout [33m401[0m 0.174 ms - 101[0m
[0mGET / [0m-[0m - ms - -[0m
[0mPOST /api/auth/refresh [33m401[0m 0.261 ms - 101[0m
[0mGET / [0m-[0m - ms - -[0m
[0mPOST /api/auth/logout [33m401[0m 0.192 ms - 101[0m
[0mGET / [32m200[0m 2.359 ms - 21770[0m
[0mPOST /api/auth/logout [33m401[0m 0.158 ms - 101[0m
[0mPOST /api/auth/logout [33m401[0m 0.137 ms - 101[0m
[0mPOST /api/auth/logout [33m401[0m 0.143 ms - 101[0m
[0mPOST /api/auth/refresh [33m401[0m 0.308 ms - 101[0m
[0mGET / [32m200[0m 2.249 ms - 21770[0m
[0mPOST /api/auth/logout [33m401[0m 0.201 ms - 101[0m
[0mGET / [32m200[0m 2.174 ms - 21770[0m
[0mPOST /api/auth/logout [33m401[0m 0.191 ms - 101[0m
[0mPOST /api/auth/logout [33m401[0m 0.176 ms - 101[0m
[0mPOST /api/auth/logout [33m401[0m 0.151 ms - 101[0m
[0mPOST /api/auth/refresh [33m401[0m 0.263 ms - 101[0m
[0mGET / [0m-[0m - ms - -[0m
[0mGET / [32m200[0m 1.545 ms - 21770[0m
[0mPOST /api/auth/logout [33m401[0m 0.250 ms - 101[0m
[0mPOST /api/auth/logout [33m401[0m 0.209 ms - 101[0m
[0mPOST /api/auth/logout [33m401[0m 0.157 ms - 101[0m
[0mPOST /api/auth/logout [33m401[0m 0.165 ms - 101[0m
[0mPOST /api/auth/refresh [33m401[0m 0.242 ms - 101[0m
[0mGET / [0m-[0m - ms - -[0m
[0mGET / [0m-[0m - ms - -[0m
[0mPOST /api/auth/logout [33m401[0m 0.242 ms - 101[0m
[0mPOST /api/auth/logout [33m401[0m 0.238 ms - 101[0m
[0mPOST /api/auth/logout [33m401[0m 0.144 ms - 101[0m
[0mPOST /api/auth/logout [33m401[0m 0.129 ms - 101[0m
[0mGET / [0m-[0m - ms - -[0m
[0mPOST /api/auth/refresh [33m401[0m 0.343 ms - 101[0m
[0mGET / [0m-[0m - ms - -[0m
[0mGET / [0m-[0m - ms - -[0m
[0mPOST /api/auth/logout [33m401[0m 0.245 ms - 101[0m
[0mGET / [32m200[0m 4.345 ms - 21770[0m
[0mPOST /api/auth/logout [33m401[0m 0.196 ms - 101[0m
[0mPOST /api/auth/logout [33m401[0m 0.157 ms - 101[0m
[0mPOST /api/auth/logout [33m401[0m 0.131 ms - 101[0m
[0mPOST /api/auth/refresh [33m401[0m 0.328 ms - 101[0m
[0mGET / [0m-[0m - ms - -[0m
[0mGET / [0m-[0m - ms - -[0m
[0mGET / [0m-[0m - ms - -[0m
[0mPOST /api/auth/logout [33m401[0m 0.154 ms - 101[0m
[0mPOST /api/auth/logout [33m401[0m 0.169 ms - 101[0m
[0mPOST /api/auth/logout [33m401[0m 0.173 ms - 101[0m
[0mGET / [0m-[0m - ms - -[0m
[0mPOST /api/auth/logout [33m401[0m 0.173 ms - 101[0m
[0mGET / [0m-[0m - ms - -[0m
[0mPOST /api/auth/refresh [33m401[0m 0.271 ms - 101[0m
[0mGET / [0m-[0m - ms - -[0m
[0mGET / [0m-[0m - ms - -[0m
[0mPOST /api/auth/logout [33m401[0m 0.192 ms - 101[0m
[0mPOST /api/auth/logout [33m401[0m 0.166 ms - 101[0m
[0mGET / [0m-[0m - ms - -[0m
[0mPOST /api/auth/logout [33m401[0m 0.227 ms - 101[0m
[0mPOST /api/auth/refresh [33m401[0m 0.368 ms - 101[0m
[0mPOST /api/auth/logout [33m401[0m 0.203 ms - 101[0m
[0mGET / [0m-[0m - ms - -[0m
[0mPOST /api/auth/logout [33m401[0m 0.163 ms - 101[0m
[0mGET / [32m200[0m 2.575 ms - 21770[0m
[0mPOST /api/auth/logout [33m401[0m 0.159 ms - 101[0m
[0mPOST /api/auth/logout [33m401[0m 0.144 ms - 101[0m
[0mPOST /api/auth/refresh [33m401[0m 0.359 ms - 101[0m
[0mGET / [0m-[0m - ms - -[0m
[0mPOST /api/auth/logout [33m401[0m 0.187 ms - 101[0m
[0mGET / [32m200[0m 2.118 ms - 21770[0m
[0mPOST /api/auth/logout [33m401[0m 0.239 ms - 101[0m
[0mPOST /api/auth/logout [33m401[0m 0.160 ms - 101[0m
[0mPOST /api/auth/logout [33m401[0m 0.148 ms - 101[0m
[0mPOST /api/auth/refresh [33m401[0m 0.481 ms - 101[0m
[0mGET / [0m-[0m - ms - -[0m
[0mGET / [32m200[0m 2.829 ms - 21770[0m
[0mPOST /api/auth/logout [33m401[0m 0.179 ms - 101[0m
[0mPOST /api/auth/logout [33m401[0m 0.261 ms - 101[0m
[0mPOST /api/auth/logout [33m401[0m 0.231 ms - 101[0m
[0mGET / [0m-[0m - ms - -[0m
[0mPOST /api/auth/refresh [33m401[0m 0.388 ms - 101[0m
[0mPOST /api/auth/logout [33m401[0m 0.217 ms - 101[0m
[0mGET / [32m200[0m 5.448 ms - 21770[0m
[0mGET / [0m-[0m - ms - -[0m
[0mPOST /api/auth/logout [33m401[0m 0.169 ms - 101[0m
[0mPOST /api/auth/logout [33m401[0m 0.152 ms - 101[0m
[0mPOST /api/auth/logout [33m401[0m 0.176 ms - 101[0m
[0mPOST /api/auth/refresh [33m401[0m 0.253 ms - 101[0m
[0mGET / [0m-[0m - ms - -[0m
[0mGET / [0m-[0m - ms - -[0m
[0mPOST /api/auth/logout [33m401[0m 0.154 ms - 101[0m
[0mPOST /api/auth/logout [33m401[0m 0.155 ms - 101[0m
[0mPOST /api/auth/logout [33m401[0m 0.187 ms - 101[0m
[0mPOST /api/auth/logout [33m401[0m 0.140 ms - 101[0m
[0mGET / [32m200[0m 4.521 ms - 21770[0m
[0mPOST /api/auth/refresh [33m401[0m 0.353 ms - 101[0m
[0mGET / [0m-[0m - ms - -[0m
[0mPOST /api/auth/logout [33m401[0m 0.160 ms - 101[0m
[0mGET / [32m200[0m 2.199 ms - 21770[0m
[0mPOST /api/auth/logout [33m401[0m 0.184 ms - 101[0m
[0mPOST /api/auth/logout [33m401[0m 0.170 ms - 101[0m
[0mPOST /api/auth/refresh [33m401[0m 0.302 ms - 101[0m
[0mPOST /api/auth/logout [33m401[0m 0.155 ms - 101[0m
[0mGET / [32m200[0m 3.008 ms - 21770[0m
[0mGET / [0m-[0m - ms - -[0m
[0mPOST /api/auth/logout [33m401[0m 0.151 ms - 101[0m
[0mPOST /api/auth/logout [33m401[0m 0.148 ms - 101[0m
[0mPOST /api/auth/logout [33m401[0m 0.139 ms - 101[0m
[0mGET / [32m200[0m 2.034 ms - 21770[0m
[0mPOST /api/auth/logout [33m401[0m 0.156 ms - 101[0m
[0mGET / [0m-[0m - ms - -[0m
[0mPOST /api/auth/refresh [33m401[0m 0.254 ms - 101[0m
[0mGET / [0m-[0m - ms - -[0m
[0mPOST /api/auth/logout [33m401[0m 0.159 ms - 101[0m
[0mPOST /api/auth/logout [33m401[0m 0.152 ms - 101[0m
[0mPOST /api/auth/logout [33m401[0m 0.144 ms - 101[0m
[0mGET / [32m200[0m 1.848 ms - 21770[0m
[0mPOST /api/auth/logout [33m401[0m 0.176 ms - 101[0m
[0mPOST /api/auth/refresh [33m401[0m 0.280 ms - 101[0m
[0mGET / [32m200[0m 1.245 ms - 21770[0m
[0mPOST /api/auth/logout [33m401[0m 0.162 ms - 101[0m
[0mPOST /api/auth/logout [33m401[0m 0.139 ms - 101[0m
[0mPOST /api/auth/logout [33m401[0m 0.162 ms - 101[0m
[0mPOST /api/auth/logout [33m401[0m 0.154 ms - 101[0m
[0mGET / [32m200[0m 3.107 ms - 21770[0m
[0mPOST /api/auth/refresh [33m401[0m 0.310 ms - 101[0m
[0mGET / [0m-[0m - ms - -[0m
[0mGET / [32m200[0m 1.355 ms - 21770[0m
[0mPOST /api/auth/logout [33m401[0m 0.178 ms - 101[0m
[0mPOST /api/auth/logout [33m401[0m 0.159 ms - 101[0m
[0mPOST /api/auth/logout [33m401[0m 0.149 ms - 101[0m
[0mPOST /api/auth/logout [33m401[0m 0.200 ms - 101[0m
[0mGET / [32m200[0m 1.193 ms - 21770[0m
[0mPOST /api/auth/refresh [33m401[0m 0.286 ms - 101[0m
[0mPOST /api/auth/logout [33m401[0m 0.200 ms - 101[0m
[0mPOST /api/auth/logout [33m401[0m 0.135 ms - 101[0m
[0mPOST /api/auth/logout [33m401[0m 0.225 ms - 101[0m
[0mPOST /api/auth/logout [33m401[0m 0.149 ms - 101[0m
[0mPOST /api/auth/refresh [33m401[0m 0.327 ms - 101[0m
[0mGET / [32m200[0m 1.306 ms - 21770[0m
[0mGET / [32m200[0m 1.088 ms - 21770[0m
[0mPOST /api/auth/logout [33m401[0m 0.191 ms - 101[0m
[0mPOST /api/auth/logout [33m401[0m 0.161 ms - 101[0m
[0mPOST /api/auth/logout [33m401[0m 0.244 ms - 101[0m
[0mPOST /api/auth/logout [33m401[0m 0.214 ms - 101[0m
[0mGET / [32m200[0m 1.174 ms - 21770[0m
[0mPOST /api/auth/refresh [33m401[0m 0.366 ms - 101[0m
[0mGET / [32m200[0m 1.285 ms - 21770[0m
[0mPOST /api/auth/logout [33m401[0m 0.200 ms - 101[0m
[0mPOST /api/auth/logout [33m401[0m 0.181 ms - 101[0m
[0mPOST /api/auth/logout [33m401[0m 0.232 ms - 101[0m
[0mGET / [0m-[0m - ms - -[0m
[0mPOST /api/auth/logout [33m401[0m 0.151 ms - 101[0m
[0mPOST /api/auth/refresh [33m401[0m 0.221 ms - 101[0m
[0mGET / [32m200[0m 3.180 ms - 21770[0m
[0mPOST /api/auth/logout [33m401[0m 0.167 ms - 101[0m
[0mPOST /api/auth/logout [33m401[0m 0.139 ms - 101[0m
[0mGET / [0m-[0m - ms - -[0m
[0mPOST /api/auth/logout [33m401[0m 0.182 ms - 101[0m
[0mGET / [0m-[0m - ms - -[0m
[0mPOST /api/auth/logout [33m401[0m 0.145 ms - 101[0m
[0mPOST /api/auth/refresh [33m401[0m 0.225 ms - 101[0m
[0mGET / [32m200[0m 2.721 ms - 21770[0m
[0mPOST /api/auth/logout [33m401[0m 0.171 ms - 101[0m
[0mGET / [32m200[0m 2.118 ms - 21770[0m
[0mPOST /api/auth/logout [33m401[0m 0.195 ms - 101[0m
[0mPOST /api/auth/logout [33m401[0m 0.145 ms - 101[0m
[0mGET / [0m-[0m - ms - -[0m
[0mPOST /api/auth/logout [33m401[0m 0.173 ms - 101[0m
[0mPOST /api/auth/refresh [33m401[0m 0.301 ms - 101[0m
[0mGET / [0m-[0m - ms - -[0m
[0mGET / [0m-[0m - ms - -[0m
[0mGET / [0m-[0m - ms - -[0m
[0mGET / [0m-[0m - ms - -[0m
[0mGET / [0m-[0m - ms - -[0m
[0mGET / [0m-[0m - ms - -[0m
[0mGET / [0m-[0m - ms - -[0m
[0mGET / [0m-[0m - ms - -[0m
[0mGET / [0m-[0m - ms - -[0m
[0mGET / [0m-[0m - ms - -[0m
[0mGET / [0m-[0m - ms - -[0m
[0mGET / [0m-[0m - ms - -[0m
[0mGET / [0m-[0m - ms - -[0m
[0mGET / [0m-[0m - ms - -[0m
[0mGET / [0m-[0m - ms - -[0m
[0mGET / [0m-[0m - ms - -[0m
[0mGET / [0m-[0m - ms - -[0m
[0mGET / [0m-[0m - ms - -[0m
[0mGET / [0m-[0m - ms - -[0m
[0mGET / [0m-[0m - ms - -[0m
[0mGET / [0m-[0m - ms - -[0m
[0mGET / [0m-[0m - ms - -[0m
[0mGET / [0m-[0m - ms - -[0m
[0mGET / [0m-[0m - ms - -[0m
[0mGET / [0m-[0m - ms - -[0m
[0mGET / [0m-[0m - ms - -[0m
[0mGET / [0m-[0m - ms - -[0m
[0mGET / [0m-[0m - ms - -[0m
[0mGET / [0m-[0m - ms - -[0m
[0mGET / [0m-[0m - ms - -[0m
[0mGET / [0m-[0m - ms - -[0m
[0mGET / [0m-[0m - ms - -[0m
[0mPOST /api/auth/logout [33m401[0m 0.172 ms - 101[0m
[0mPOST /api/auth/logout [33m401[0m 0.141 ms - 101[0m
[0mPOST /api/auth/logout [33m401[0m 0.177 ms - 101[0m
[0mPOST /api/auth/logout [33m401[0m 0.211 ms - 101[0m
[0mGET / [0m-[0m - ms - -[0m
[0mGET / [0m-[0m - ms - -[0m
[0mGET / [0m-[0m - ms - -[0m
[0mGET / [0m-[0m - ms - -[0m
[0mGET / [0m-[0m - ms - -[0m
[0mGET / [0m-[0m - ms - -[0m
[0mGET / [0m-[0m - ms - -[0m
[0mGET / [0m-[0m - ms - -[0m
[0mGET / [0m-[0m - ms - -[0m
[0mGET / [0m-[0m - ms - -[0m
[0mGET / [0m-[0m - ms - -[0m
[0mGET / [0m-[0m - ms - -[0m
[0mGET / [0m-[0m - ms - -[0m
[0mGET / [0m-[0m - ms - -[0m
[0mGET / [0m-[0m - ms - -[0m
[0mPOST /api/auth/refresh [33m401[0m 0.266 ms - 101[0m
[0mGET / [32m200[0m 16.720 ms - 21770[0m
[0mGET / [0m-[0m - ms - -[0m
[0mGET / [0m-[0m - ms - -[0m
[0mPOST /api/auth/logout [33m401[0m 0.169 ms - 101[0m
[0mPOST /api/auth/logout [33m401[0m 0.261 ms - 101[0m
[0mPOST /api/auth/logout [33m401[0m 0.170 ms - 101[0m
[0mPOST /api/auth/logout [33m401[0m 0.156 ms - 101[0m
[0mGET / [0m-[0m - ms - -[0m
[0mGET / [0m-[0m - ms - -[0m
[0mGET / [0m-[0m - ms - -[0m
[0mPOST /api/auth/refresh [33m401[0m 0.271 ms - 101[0m
[0mGET / [32m200[0m 4.600 ms - 21770[0m
[0mPOST /api/auth/logout [33m401[0m 0.154 ms - 101[0m
[0mPOST /api/auth/logout [33m401[0m 0.168 ms - 101[0m
[0mPOST /api/auth/logout [33m401[0m 0.175 ms - 101[0m
[0mPOST /api/auth/logout [33m401[0m 0.242 ms - 101[0m
[0mPOST /api/auth/refresh [33m401[0m 0.370 ms - 101[0m
[0mPOST /api/auth/logout [33m401[0m 0.205 ms - 101[0m
[0mPOST /api/auth/logout [33m401[0m 0.154 ms - 101[0m
[0mPOST /api/auth/logout [33m401[0m 0.202 ms - 101[0m
[0mGET / [32m200[0m 3.010 ms - 21770[0m
[0mPOST /api/auth/logout [33m401[0m 0.144 ms - 101[0m
[0mPOST /api/auth/refresh [33m401[0m 0.239 ms - 101[0m
[0mGET / [0m-[0m - ms - -[0m
[0mPOST /api/auth/logout [33m401[0m 0.154 ms - 101[0m
[0mGET / [32m200[0m 1.984 ms - 21770[0m
[0mPOST /api/auth/logout [33m401[0m 0.163 ms - 101[0m
[0mPOST /api/auth/logout [33m401[0m 0.195 ms - 101[0m
[0mPOST /api/auth/logout [33m401[0m 0.194 ms - 101[0m
[0mPOST /api/auth/refresh [33m401[0m 0.324 ms - 101[0m
[0mGET / [32m200[0m 2.233 ms - 21770[0m
[0mPOST /api/auth/logout [33m401[0m 0.169 ms - 101[0m
[0mGET / [32m200[0m 2.042 ms - 21770[0m
[0mPOST /api/auth/logout [33m401[0m 0.154 ms - 101[0m
[0mPOST /api/auth/logout [33m401[0m 0.150 ms - 101[0m
[0mPOST /api/auth/logout [33m401[0m 0.188 ms - 101[0m
[0mPOST /api/auth/refresh [33m401[0m 0.300 ms - 101[0m
[0mGET / [32m200[0m 2.394 ms - 21770[0m
[0mPOST /api/auth/logout [33m401[0m 0.171 ms - 101[0m
[0mPOST /api/auth/logout [33m401[0m 0.150 ms - 101[0m
[0mGET / [32m200[0m 2.107 ms - 21770[0m
[0mPOST /api/auth/logout [33m401[0m 0.164 ms - 101[0m
[0mPOST /api/auth/logout [33m401[0m 0.148 ms - 101[0m
[0mGET / [32m200[0m 1.303 ms - 21770[0m
[0mPOST /api/auth/refresh [33m401[0m 0.426 ms - 101[0m
[0mGET / [32m200[0m 1.273 ms - 21770[0m
[0mPOST /api/auth/logout [33m401[0m 0.251 ms - 101[0m
[0mPOST /api/auth/logout [33m401[0m 0.272 ms - 101[0m
[0mPOST /api/auth/logout [33m401[0m 0.271 ms - 101[0m
[0mPOST /api/auth/logout [33m401[0m 0.261 ms - 101[0m
[0mGET / [0m-[0m - ms - -[0m
[0mPOST /api/auth/refresh [33m401[0m 0.296 ms - 101[0m
[0mGET / [0m-[0m - ms - -[0m
[0mGET / [32m200[0m 2.346 ms - 21770[0m
[0mPOST /api/auth/logout [33m401[0m 0.259 ms - 101[0m
[0mPOST /api/auth/logout [33m401[0m 0.260 ms - 101[0m
[0mPOST /api/auth/logout [33m401[0m 0.235 ms - 101[0m
[0mPOST /api/auth/logout [33m401[0m 0.191 ms - 101[0m
[0mGET / [0m-[0m - ms - -[0m
[0mPOST /api/auth/refresh [33m401[0m 0.564 ms - 101[0m
[0mGET / [32m200[0m 1.804 ms - 21770[0m
[0mPOST /api/auth/logout [33m401[0m 0.258 ms - 101[0m
[0mPOST /api/auth/logout [33m401[0m 0.300 ms - 101[0m
[0mGET / [32m200[0m 3.211 ms - 21770[0m
[0mPOST /api/auth/logout [33m401[0m 0.214 ms - 101[0m
[0mPOST /api/auth/logout [33m401[0m 0.189 ms - 101[0m
[0mPOST /api/auth/refresh [33m401[0m 0.279 ms - 101[0m
[0mGET / [0m-[0m - ms - -[0m
[0mGET / [0m-[0m - ms - -[0m
[0mPOST /api/auth/logout [33m401[0m 0.164 ms - 101[0m
[0mPOST /api/auth/logout [33m401[0m 0.157 ms - 101[0m
[0mPOST /api/auth/logout [33m401[0m 0.159 ms - 101[0m
[0mGET / [32m200[0m 2.137 ms - 21770[0m
[0mPOST /api/auth/logout [33m401[0m 0.152 ms - 101[0m
[0mPOST /api/auth/refresh [33m401[0m 0.235 ms - 101[0m
[0mGET / [0m-[0m - ms - -[0m
[0mPOST /api/auth/logout [33m401[0m 0.147 ms - 101[0m
[0mGET / [32m200[0m 1.964 ms - 21770[0m
[0mPOST /api/auth/logout [33m401[0m 0.177 ms - 101[0m
[0mPOST /api/auth/logout [33m401[0m 0.138 ms - 101[0m
[0mPOST /api/auth/logout [33m401[0m 0.146 ms - 101[0m
[0mPOST /api/auth/refresh [33m401[0m 0.317 ms - 101[0m
[0mGET / [32m200[0m 1.411 ms - 21770[0m
[0mPOST /api/auth/logout [33m401[0m 0.182 ms - 101[0m
[0mPOST /api/auth/logout [33m401[0m 0.190 ms - 101[0m
[0mPOST /api/auth/logout [33m401[0m 0.164 ms - 101[0m
[0mGET / [0m-[0m - ms - -[0m
[0mPOST /api/auth/logout [33m401[0m 0.198 ms - 101[0m
[0mPOST /api/auth/refresh [33m401[0m 0.266 ms - 101[0m
[0mGET / [32m200[0m 1.958 ms - 21770[0m
[0mPOST /api/auth/logout [33m401[0m 0.185 ms - 101[0m
[0mGET / [32m200[0m 2.252 ms - 21770[0m
[0mPOST /api/auth/logout [33m401[0m 0.208 ms - 101[0m
[0mPOST /api/auth/logout [33m401[0m 0.292 ms - 101[0m
[0mPOST /api/auth/logout [33m401[0m 0.241 ms - 101[0m
[0mGET / [0m-[0m - ms - -[0m
[0mPOST /api/auth/refresh [33m401[0m 0.383 ms - 101[0m
[0mGET / [0m-[0m - ms - -[0m
[0mPOST /api/auth/logout [33m401[0m 0.224 ms - 101[0m
[0mPOST /api/auth/logout [33m401[0m 0.234 ms - 101[0m
[0mPOST /api/auth/logout [33m401[0m 0.222 ms - 101[0m
[0mPOST /api/auth/logout [33m401[0m 0.233 ms - 101[0m
[0mGET / [32m200[0m 5.527 ms - 21770[0m
[0mPOST /api/auth/refresh [33m401[0m 0.451 ms - 101[0m
[0mGET / [0m-[0m - ms - -[0m
[0mGET / [0m-[0m - ms - -[0m
[0mPOST /api/auth/logout [33m401[0m 0.258 ms - 101[0m
[0mPOST /api/auth/logout [33m401[0m 0.214 ms - 101[0m
[0mPOST /api/auth/logout [33m401[0m 0.220 ms - 101[0m
[0mPOST /api/auth/logout [33m401[0m 0.288 ms - 101[0m
[0mGET / [0m-[0m - ms - -[0m
[0mPOST /api/auth/refresh [33m401[0m 0.354 ms - 101[0m
[0mGET / [0m-[0m - ms - -[0m
[0mPOST /api/auth/logout [33m401[0m 0.175 ms - 101[0m
[0mGET / [0m-[0m - ms - -[0m
[0mPOST /api/auth/logout [33m401[0m 0.175 ms - 101[0m
[0mPOST /api/auth/logout [33m401[0m 0.175 ms - 101[0m
[0mPOST /api/auth/logout [33m401[0m 0.168 ms - 101[0m
[0mGET / [0m-[0m - ms - -[0m
[0mPOST /api/auth/refresh [33m401[0m 0.246 ms - 101[0m
[0mGET / [32m200[0m 3.553 ms - 21770[0m
[0mPOST /api/auth/logout [33m401[0m 0.277 ms - 101[0m
[0mPOST /api/auth/logout [33m401[0m 0.140 ms - 101[0m
[0mGET / [32m200[0m 3.327 ms - 21770[0m
[0mPOST /api/auth/logout [33m401[0m 0.158 ms - 101[0m
[0mPOST /api/auth/logout [33m401[0m 0.183 ms - 101[0m
[0mGET / [0m-[0m - ms - -[0m
[0mPOST /api/auth/refresh [33m401[0m 0.252 ms - 101[0m
[0mGET / [0m-[0m - ms - -[0m
[0mPOST /api/auth/logout [33m401[0m 0.166 ms - 101[0m
[0mPOST /api/auth/logout [33m401[0m 0.185 ms - 101[0m
[0mPOST /api/auth/logout [33m401[0m 0.174 ms - 101[0m
[0mGET / [0m-[0m - ms - -[0m
[0mPOST /api/auth/refresh [33m401[0m 0.466 ms - 101[0m
[0mPOST /api/auth/logout [33m401[0m 0.251 ms - 101[0m
[0mGET / [0m-[0m - ms - -[0m
[0mPOST /api/auth/logout [33m401[0m 0.276 ms - 101[0m
[0mGET / [32m200[0m 3.488 ms - 21770[0m
[0mPOST /api/auth/logout [33m401[0m 0.263 ms - 101[0m
[0mPOST /api/auth/logout [33m401[0m 0.195 ms - 101[0m
[0mPOST /api/auth/logout [33m401[0m 0.177 ms - 101[0m
[0mPOST /api/auth/refresh [33m401[0m 0.275 ms - 101[0m
[0mGET / [0m-[0m - ms - -[0m
[0mGET / [32m200[0m 1.003 ms - 21770[0m
[0mPOST /api/auth/logout [33m401[0m 0.158 ms - 101[0m
[0mPOST /api/auth/logout [33m401[0m 0.191 ms - 101[0m
[0mPOST /api/auth/logout [33m401[0m 0.166 ms - 101[0m
[0mPOST /api/auth/logout [33m401[0m 0.316 ms - 101[0m
[0mGET / [32m200[0m 1.525 ms - 21770[0m
[0mPOST /api/auth/refresh [33m401[0m 0.402 ms - 101[0m
[0mGET / [32m200[0m 1.181 ms - 21770[0m
[0mGET / [32m200[0m 1.174 ms - 21770[0m
[0mGET / [32m200[0m 1.202 ms - 21770[0m
[0mGET / [32m200[0m 1.187 ms - 21770[0m
[0mPOST /api/auth/logout [33m401[0m 0.176 ms - 101[0m
[0mPOST /api/auth/logout [33m401[0m 0.175 ms - 101[0m
[0mGET / [32m200[0m 1.993 ms - 21770[0m
[0mPOST /api/auth/logout [33m401[0m 0.161 ms - 101[0m
[0mPOST /api/auth/logout [33m401[0m 0.122 ms - 101[0m
[0mGET / [0m-[0m - ms - -[0m
[0mGET / [32m200[0m 1.014 ms - 21770[0m
[0mGET / [32m200[0m 1.294 ms - 21770[0m
[0mGET / [32m200[0m 1.323 ms - 21770[0m
[0mGET / [32m200[0m 1.254 ms - 21770[0m
[0mGET / [32m200[0m 1.296 ms - 21770[0m
[0mGET / [32m200[0m 1.258 ms - 21770[0m
[0mPOST /api/auth/refresh [33m401[0m 0.342 ms - 101[0m
[0mGET / [0m-[0m - ms - -[0m
[0mGET / [32m200[0m 1.029 ms - 21770[0m
[0mGET / [32m200[0m 1.102 ms - 21770[0m
[0mGET / [32m200[0m 1.715 ms - 21770[0m
[0mPOST /api/auth/logout [33m401[0m 0.251 ms - 101[0m
[0mPOST /api/auth/logout [33m401[0m 0.250 ms - 101[0m
[0mPOST /api/auth/logout [33m401[0m 0.149 ms - 101[0m
[0mPOST /api/auth/logout [33m401[0m 0.156 ms - 101[0m
[0mGET / [0m-[0m - ms - -[0m
[0mGET / [32m200[0m 1.068 ms - 21770[0m
[0mGET / [32m200[0m 1.615 ms - 21770[0m
[0mPOST /api/auth/refresh [33m401[0m 0.290 ms - 101[0m
[0mGET / [32m200[0m 2.115 ms - 21770[0m
[0mGET / [32m200[0m 1.087 ms - 21770[0m
[0mGET / [32m200[0m 1.384 ms - 21770[0m
[0mPOST /api/auth/logout [33m401[0m 0.261 ms - 101[0m
[0mPOST /api/auth/logout [33m401[0m 0.171 ms - 101[0m
[0mPOST /api/auth/logout [33m401[0m 0.147 ms - 101[0m
[0mPOST /api/auth/logout [33m401[0m 0.237 ms - 101[0m
[0mGET / [0m-[0m - ms - -[0m
[0mGET / [32m200[0m 2.096 ms - 21770[0m
[0mPOST /api/auth/refresh [33m401[0m 0.291 ms - 101[0m
[0mGET / [32m200[0m 1.100 ms - 21770[0m
[0mGET / [32m200[0m 1.060 ms - 21770[0m
[0mPOST /api/auth/logout [33m401[0m 0.169 ms - 101[0m
[0mPOST /api/auth/logout [33m401[0m 0.146 ms - 101[0m
[0mPOST /api/auth/logout [33m401[0m 0.157 ms - 101[0m
[0mGET / [32m200[0m 2.615 ms - 21770[0m
[0mPOST /api/auth/logout [33m401[0m 0.159 ms - 101[0m
[0mPOST /api/auth/refresh [33m401[0m 0.238 ms - 101[0m
[0mGET / [0m-[0m - ms - -[0m
[0mGET / [32m200[0m 1.030 ms - 21770[0m
[0mPOST /api/auth/logout [33m401[0m 0.170 ms - 101[0m
[0mPOST /api/auth/logout [33m401[0m 0.155 ms - 101[0m
[0mPOST /api/auth/logout [33m401[0m 0.140 ms - 101[0m
[0mGET / [32m200[0m 2.733 ms - 21770[0m
[0mPOST /api/auth/logout [33m401[0m 0.144 ms - 101[0m
[0mGET / [32m200[0m 1.072 ms - 21770[0m
[0mPOST /api/auth/refresh [33m401[0m 0.417 ms - 101[0m
[0mGET / [32m200[0m 2.637 ms - 21770[0m
[0mPOST /api/auth/logout [33m401[0m 0.269 ms - 101[0m
[0mGET / [32m200[0m 2.638 ms - 21770[0m
[0mPOST /api/auth/logout [33m401[0m 0.218 ms - 101[0m
[0mPOST /api/auth/logout [33m401[0m 0.164 ms - 101[0m
[0mPOST /api/auth/logout [33m401[0m 0.152 ms - 101[0m
[0mGET / [0m-[0m - ms - -[0m
[0mGET / [0m-[0m - ms - -[0m
[0mPOST /api/auth/refresh [33m401[0m 0.406 ms - 101[0m
[0mGET / [32m200[0m 2.919 ms - 21770[0m
[0mPOST /api/auth/logout [33m401[0m 0.209 ms - 101[0m
[0mPOST /api/auth/logout [33m401[0m 0.173 ms - 101[0m
[0mPOST /api/auth/logout [33m401[0m 0.171 ms - 101[0m
[0mPOST /api/auth/logout [33m401[0m 0.158 ms - 101[0m
[0mPOST /api/auth/refresh [33m401[0m 0.280 ms - 101[0m
[0mGET / [32m200[0m 1.284 ms - 21770[0m
[0mGET / [32m200[0m 1.223 ms - 21770[0m
[0mPOST /api/auth/logout [33m401[0m 0.236 ms - 101[0m
[0mPOST /api/auth/logout [33m401[0m 0.192 ms - 101[0m
[0mGET / [32m200[0m 2.530 ms - 21770[0m
[0mPOST /api/auth/logout [33m401[0m 0.176 ms - 101[0m
[0mPOST /api/auth/logout [33m401[0m 0.151 ms - 101[0m
[0mPOST /api/auth/refresh [33m401[0m 0.333 ms - 101[0m
[0mGET / [0m-[0m - ms - -[0m
[0mGET / [0m-[0m - ms - -[0m
[0mPOST /api/auth/logout [33m401[0m 0.163 ms - 101[0m
[0mPOST /api/auth/logout [33m401[0m 0.199 ms - 101[0m
[0mPOST /api/auth/logout [33m401[0m 0.161 ms - 101[0m
[0mPOST /api/auth/logout [33m401[0m 0.153 ms - 101[0m
[0mGET / [0m-[0m - ms - -[0m
[0mPOST /api/auth/refresh [33m401[0m 0.270 ms - 101[0m
[0mGET / [32m200[0m 2.887 ms - 21770[0m
[0mPOST /api/auth/logout [33m401[0m 0.209 ms - 101[0m
[0mGET / [32m200[0m 4.462 ms - 21770[0m
[0mPOST /api/auth/logout [33m401[0m 0.235 ms - 101[0m
[0mPOST /api/auth/logout [33m401[0m 0.170 ms - 101[0m
[0mPOST /api/auth/logout [33m401[0m 0.152 ms - 101[0m
[0mPOST /api/auth/refresh [33m401[0m 0.316 ms - 101[0m
[0mGET / [0m-[0m - ms - -[0m
[0mGET / [0m-[0m - ms - -[0m
[0mGET / [0m-[0m - ms - -[0m
[0mPOST /api/auth/logout [33m401[0m 0.167 ms - 101[0m
[0mPOST /api/auth/logout [33m401[0m 0.137 ms - 101[0m
[0mPOST /api/auth/logout [33m401[0m 0.154 ms - 101[0m
[0mPOST /api/auth/logout [33m401[0m 0.129 ms - 101[0m
[0mGET / [0m-[0m - ms - -[0m
[0mPOST /api/auth/refresh [33m401[0m 0.236 ms - 101[0m
[0mGET / [0m-[0m - ms - -[0m
[0mGET / [0m-[0m - ms - -[0m
[0mPOST /api/auth/logout [33m401[0m 0.151 ms - 101[0m
[0mPOST /api/auth/refresh [33m401[0m 0.298 ms - 101[0m
[0mPOST /api/auth/logout [33m401[0m 0.138 ms - 101[0m
[0mPOST /api/auth/logout [33m401[0m 0.136 ms - 101[0m
[0mPOST /api/auth/logout [33m401[0m 0.130 ms - 101[0m
[0mGET / [0m-[0m - ms - -[0m
[0mGET / [0m-[0m - ms - -[0m
[0mGET / [0m-[0m - ms - -[0m
[0mGET / [0m-[0m - ms - -[0m
[0mGET / [0m-[0m - ms - -[0m
[0mGET / [0m-[0m - ms - -[0m
[0mGET / [0m-[0m - ms - -[0m
[0mGET / [0m-[0m - ms - -[0m
[0mGET / [0m-[0m - ms - -[0m
[0mGET / [0m-[0m - ms - -[0m
[0mGET / [0m-[0m - ms - -[0m
[0mGET / [0m-[0m - ms - -[0m
[0mGET / [0m-[0m - ms - -[0m
[0mGET / [0m-[0m - ms - -[0m
[0mGET / [0m-[0m - ms - -[0m
[0mGET / [0m-[0m - ms - -[0m
[0mGET / [0m-[0m - ms - -[0m
[0mGET / [0m-[0m - ms - -[0m
[0mGET / [0m-[0m - ms - -[0m
[0mGET / [0m-[0m - ms - -[0m
[0mGET / [0m-[0m - ms - -[0m
[0mGET / [0m-[0m - ms - -[0m
[0mGET / [0m-[0m - ms - -[0m
[0mGET / [0m-[0m - ms - -[0m
[0mGET / [0m-[0m - ms - -[0m
[0mGET / [0m-[0m - ms - -[0m
[0mGET / [0m-[0m - ms - -[0m
[0mGET / [0m-[0m - ms - -[0m
[0mGET / [0m-[0m - ms - -[0m
[0mPOST /api/auth/logout [33m401[0m 0.170 ms - 101[0m
[0mPOST /api/auth/refresh [33m401[0m 0.245 ms - 101[0m
[0mGET / [0m-[0m - ms - -[0m
[0mGET / [0m-[0m - ms - -[0m
[0mPOST /api/auth/logout [33m401[0m 0.130 ms - 101[0m
[0mPOST /api/auth/logout [33m401[0m 0.149 ms - 101[0m
[0mPOST /api/auth/logout [33m401[0m 0.118 ms - 101[0m
[0mPOST /api/auth/logout [33m401[0m 0.127 ms - 101[0m
[0mGET / [0m-[0m - ms - -[0m
[0mGET / [0m-[0m - ms - -[0m
[0mGET / [0m-[0m - ms - -[0m
[0mPOST /api/auth/refresh [33m401[0m 0.249 ms - 101[0m
[0mGET / [32m200[0m 5.135 ms - 21770[0m
[0mPOST /api/auth/logout [33m401[0m 0.151 ms - 101[0m
[0mPOST /api/auth/logout [33m401[0m 0.118 ms - 101[0m
[0mPOST /api/auth/logout [33m401[0m 0.164 ms - 101[0m
[0mPOST /api/auth/logout [33m401[0m 0.130 ms - 101[0m
[0mPOST /api/auth/refresh [33m401[0m 0.227 ms - 101[0m
[0mPOST /api/auth/logout [33m401[0m 0.196 ms - 101[0m
[0mPOST /api/auth/logout [33m401[0m 0.151 ms - 101[0m
[0mGET / [32m200[0m 1.910 ms - 21770[0m
[0mPOST /api/auth/logout [33m401[0m 0.162 ms - 101[0m
[0mPOST /api/auth/logout [33m401[0m 0.136 ms - 101[0m
[0mPOST /api/auth/refresh [33m401[0m 0.275 ms - 101[0m
[0mPOST /api/auth/logout [33m401[0m 0.235 ms - 101[0m
[0mPOST /api/auth/logout [33m401[0m 0.190 ms - 101[0m
[0mPOST /api/auth/logout [33m401[0m 0.169 ms - 101[0m
[0mPOST /api/auth/logout [33m401[0m 0.158 ms - 101[0m
[0mPOST /api/auth/refresh [33m401[0m 0.282 ms - 101[0m
[0mGET / [32m200[0m 1.445 ms - 21770[0m
[0mGET / [32m200[0m 1.160 ms - 21770[0m
[0mPOST /api/auth/logout [33m401[0m 0.189 ms - 101[0m
[0mPOST /api/auth/logout [33m401[0m 0.188 ms - 101[0m
[0mGET / [32m200[0m 2.473 ms - 21770[0m
[0mPOST /api/auth/logout [33m401[0m 0.267 ms - 101[0m
[0mPOST /api/auth/logout [33m401[0m 0.217 ms - 101[0m
[0mGET / [0m-[0m - ms - -[0m
[0mPOST /api/auth/refresh [33m401[0m 0.450 ms - 101[0m
[0mGET / [32m200[0m 1.196 ms - 21770[0m
[0mPOST /api/auth/logout [33m401[0m 0.167 ms - 101[0m
[0mPOST /api/auth/logout [33m401[0m 0.222 ms - 101[0m
[0mPOST /api/auth/logout [33m401[0m 0.170 ms - 101[0m
[0mGET / [32m200[0m 2.449 ms - 21770[0m
[0mPOST /api/auth/logout [33m401[0m 0.247 ms - 101[0m
[0mPOST /api/auth/refresh [33m401[0m 0.387 ms - 101[0m
[0mGET / [0m-[0m - ms - -[0m
[0mGET / [32m200[0m 1.983 ms - 21770[0m
[0mPOST /api/auth/logout [33m401[0m 0.160 ms - 101[0m
[0mPOST /api/auth/logout [33m401[0m 0.176 ms - 101[0m
[0mGET / [0m-[0m - ms - -[0m
[0mPOST /api/auth/logout [33m401[0m 0.148 ms - 101[0m
[0mPOST /api/auth/logout [33m401[0m 0.159 ms - 101[0m
[0mPOST /api/auth/refresh [33m401[0m 0.256 ms - 101[0m
[0mGET / [0m-[0m - ms - -[0m
[0mGET / [32m200[0m 1.430 ms - 21770[0m
[0mPOST /api/auth/logout [33m401[0m 0.250 ms - 101[0m
[0mPOST /api/auth/logout [33m401[0m 0.274 ms - 101[0m
[0mPOST /api/auth/logout [33m401[0m 0.237 ms - 101[0m
[0mPOST /api/auth/refresh [33m401[0m 0.368 ms - 101[0m
[0mPOST /api/auth/logout [33m401[0m 0.196 ms - 101[0m
[0mGET / [32m200[0m 2.650 ms - 21770[0m
[0mPOST /api/auth/logout [33m401[0m 0.211 ms - 101[0m
[0mPOST /api/auth/logout [33m401[0m 0.190 ms - 101[0m
[0mPOST /api/auth/logout [33m401[0m 0.184 ms - 101[0m
[0mGET / [0m-[0m - ms - -[0m
[0mPOST /api/auth/refresh [33m401[0m 0.362 ms - 101[0m
[0mGET / [0m-[0m - ms - -[0m
[0mPOST /api/auth/logout [33m401[0m 0.188 ms - 101[0m
[0mPOST /api/auth/logout [33m401[0m 0.158 ms - 101[0m
[0mGET / [32m200[0m 2.042 ms - 21770[0m
[0mPOST /api/auth/logout [33m401[0m 0.157 ms - 101[0m
[0mPOST /api/auth/logout [33m401[0m 0.138 ms - 101[0m
[0mPOST /api/auth/refresh [33m401[0m 0.292 ms - 101[0m
[0mGET / [0m-[0m - ms - -[0m
[0mGET / [0m-[0m - ms - -[0m
[0mPOST /api/auth/logout [33m401[0m 0.186 ms - 101[0m
[0mPOST /api/auth/logout [33m401[0m 0.170 ms - 101[0m
[0mPOST /api/auth/logout [33m401[0m 0.148 ms - 101[0m
[0mPOST /api/auth/logout [33m401[0m 0.135 ms - 101[0m
[0mGET / [0m-[0m - ms - -[0m
[0mGET / [32m200[0m 2.204 ms - 21770[0m
[0mPOST /api/auth/refresh [33m401[0m 0.304 ms - 101[0m
[0mGET / [32m200[0m 1.386 ms - 21770[0m
[0mPOST /api/auth/logout [33m401[0m 0.200 ms - 101[0m
[0mPOST /api/auth/logout [33m401[0m 0.176 ms - 101[0m
[0mPOST /api/auth/logout [33m401[0m 0.200 ms - 101[0m
[0mPOST /api/auth/logout [33m401[0m 0.141 ms - 101[0m
[0mGET / [32m200[0m 1.966 ms - 21770[0m
[0mGET / [0m-[0m - ms - -[0m
[0mPOST /api/auth/refresh [33m401[0m 0.294 ms - 101[0m
[0mPOST /api/auth/logout [33m401[0m 0.177 ms - 101[0m
[0mGET / [32m200[0m 1.191 ms - 21770[0m
[0mPOST /api/auth/logout [33m401[0m 0.146 ms - 101[0m
[0mPOST /api/auth/logout [33m401[0m 0.142 ms - 101[0m
[0mPOST /api/auth/logout [33m401[0m 0.151 ms - 101[0m
[0mPOST /api/auth/refresh [33m401[0m 0.255 ms - 101[0m
[0mGET / [0m-[0m - ms - -[0m
[0mGET / [0m-[0m - ms - -[0m
[0mPOST /api/auth/logout [33m401[0m 0.239 ms - 101[0m
[0mPOST /api/auth/logout [33m401[0m 0.255 ms - 101[0m
[0mPOST /api/auth/logout [33m401[0m 0.251 ms - 101[0m
[0mPOST /api/auth/logout [33m401[0m 0.228 ms - 101[0m
[0mPOST /api/auth/refresh [33m401[0m 0.349 ms - 101[0m
[0mGET / [0m-[0m - ms - -[0m
[0mGET / [32m200[0m 3.136 ms - 21770[0m
[0mPOST /api/auth/logout [33m401[0m 0.173 ms - 101[0m
[0mPOST /api/auth/logout [33m401[0m 0.166 ms - 101[0m
[0mPOST /api/auth/logout [33m401[0m 0.224 ms - 101[0m
[0mPOST /api/auth/logout [33m401[0m 0.210 ms - 101[0m
[0mGET / [0m-[0m - ms - -[0m
[0mPOST /api/auth/refresh [33m401[0m 0.346 ms - 101[0m
[0mGET / [0m-[0m - ms - -[0m
[0mPOST /api/auth/logout [33m401[0m 0.263 ms - 101[0m
[0mPOST /api/auth/logout [33m401[0m 0.236 ms - 101[0m
[0mPOST /api/auth/refresh [33m401[0m 0.305 ms - 101[0m
[0mPOST /api/auth/logout [33m401[0m 0.201 ms - 101[0m
[0mPOST /api/auth/logout [33m401[0m 0.214 ms - 101[0m
[0mGET / [0m-[0m - ms - -[0m
[0mPOST /api/auth/logout [33m401[0m 0.219 ms - 101[0m
[0mPOST /api/auth/logout [33m401[0m 0.180 ms - 101[0m
[0mGET / [0m-[0m - ms - -[0m
[0mPOST /api/auth/refresh [33m401[0m 0.262 ms - 101[0m
[0mGET / [0m-[0m - ms - -[0m
[0mGET / [0m-[0m - ms - -[0m
[0mGET / [0m-[0m - ms - -[0m
[0mPOST /api/auth/logout [33m401[0m 0.161 ms - 101[0m
[0mPOST /api/auth/logout [33m401[0m 0.145 ms - 101[0m
[0mPOST /api/auth/logout [33m401[0m 0.143 ms - 101[0m
[0mPOST /api/auth/logout [33m401[0m 0.128 ms - 101[0m
[0mGET / [0m-[0m - ms - -[0m
[0mPOST /api/auth/refresh [33m401[0m 0.348 ms - 101[0m
[0mGET / [0m-[0m - ms - -[0m
[0mPOST /api/auth/logout [33m401[0m 0.162 ms - 101[0m
[0mGET / [32m200[0m 1.952 ms - 21770[0m
[0mPOST /api/auth/logout [33m401[0m 0.147 ms - 101[0m
[0mPOST /api/auth/logout [33m401[0m 0.137 ms - 101[0m
[0mPOST /api/auth/logout [33m401[0m 0.133 ms - 101[0m
[0mPOST /api/auth/refresh [33m401[0m 0.226 ms - 101[0m
[0mGET / [32m200[0m 2.540 ms - 21770[0m
[0mPOST /api/auth/logout [33m401[0m 0.150 ms - 101[0m
[0mPOST /api/auth/logout [33m401[0m 0.141 ms - 101[0m
[0mPOST /api/auth/logout [33m401[0m 0.163 ms - 101[0m
[0mPOST /api/auth/logout [33m401[0m 0.144 ms - 101[0m
[0mPOST /api/auth/refresh [33m401[0m 0.354 ms - 101[0m
[0mGET / [32m200[0m 1.544 ms - 21770[0m
[0mPOST /api/auth/logout [33m401[0m 0.218 ms - 101[0m
[0mPOST /api/auth/logout [33m401[0m 0.215 ms - 101[0m
[0mPOST /api/auth/logout [33m401[0m 0.212 ms - 101[0m
[0mPOST /api/auth/logout [33m401[0m 0.136 ms - 101[0m
[0mGET / [0m-[0m - ms - -[0m
[0mPOST /api/auth/refresh [33m401[0m 0.266 ms - 101[0m
[0mGET / [0m-[0m - ms - -[0m
[0mGET / [32m200[0m 1.438 ms - 21770[0m
[0mPOST /api/auth/logout [33m401[0m 0.187 ms - 101[0m
[0mPOST /api/auth/logout [33m401[0m 0.165 ms - 101[0m
[0mPOST /api/auth/logout [33m401[0m 0.181 ms - 101[0m
[0mPOST /api/auth/logout [33m401[0m 0.340 ms - 101[0m
[0mGET / [0m-[0m - ms - -[0m
[0mPOST /api/auth/refresh [33m401[0m 0.403 ms - 101[0m
[0mPOST /api/auth/logout [33m401[0m 0.249 ms - 101[0m
[0mPOST /api/auth/logout [33m401[0m 0.224 ms - 101[0m
[0mGET / [32m200[0m 4.148 ms - 21770[0m
[0mPOST /api/auth/logout [33m401[0m 0.252 ms - 101[0m
[0mPOST /api/auth/logout [33m401[0m 0.242 ms - 101[0m
[0mPOST /api/auth/refresh [33m401[0m 0.425 ms - 101[0m
[0mGET / [0m-[0m - ms - -[0m
[0mGET / [32m200[0m 2.988 ms - 21770[0m
[0mPOST /api/auth/logout [33m401[0m 0.223 ms - 101[0m
[0mPOST /api/auth/logout [33m401[0m 0.199 ms - 101[0m
[0mPOST /api/auth/logout [33m401[0m 0.208 ms - 101[0m
[0mPOST /api/auth/logout [33m401[0m 0.189 ms - 101[0m
[0mGET / [0m-[0m - ms - -[0m
[0mPOST /api/auth/refresh [33m401[0m 0.247 ms - 101[0m
[0mGET / [0m-[0m - ms - -[0m
[0mPOST /api/auth/logout [33m401[0m 0.239 ms - 101[0m
[0mPOST /api/auth/logout [33m401[0m 0.236 ms - 101[0m
[0mGET / [32m200[0m 3.981 ms - 21770[0m
[0mPOST /api/auth/logout [33m401[0m 0.214 ms - 101[0m
[0mPOST /api/auth/refresh [33m401[0m 0.353 ms - 101[0m
[0mPOST /api/auth/logout [33m401[0m 0.165 ms - 101[0m
[0mGET / [32m200[0m 3.230 ms - 21770[0m
[0mGET / [0m-[0m - ms - -[0m
[0mPOST /api/auth/logout [33m401[0m 0.192 ms - 101[0m
[0mPOST /api/auth/logout [33m401[0m 0.143 ms - 101[0m
[0mPOST /api/auth/refresh [33m401[0m 0.327 ms - 101[0m
[0mPOST /api/auth/logout [33m401[0m 0.174 ms - 101[0m
[0mGET / [0m-[0m - ms - -[0m
[0mGET / [0m-[0m - ms - -[0m
[0mPOST /api/auth/logout [33m401[0m 0.155 ms - 101[0m
[0mGET / [32m200[0m 2.024 ms - 21770[0m
[0mPOST /api/auth/logout [33m401[0m 0.168 ms - 101[0m
[0mPOST /api/auth/logout [33m401[0m 0.125 ms - 101[0m
[0mPOST /api/auth/logout [33m401[0m 0.144 ms - 101[0m
[0mPOST /api/auth/refresh [33m401[0m 0.246 ms - 101[0m
[0mGET / [0m-[0m - ms - -[0m
[0mGET / [0m-[0m - ms - -[0m
[0mPOST /api/auth/logout [33m401[0m 0.163 ms - 101[0m
[0mPOST /api/auth/logout [33m401[0m 0.164 ms - 101[0m
[0mPOST /api/auth/logout [33m401[0m 0.140 ms - 101[0m
[0mPOST /api/auth/logout [33m401[0m 0.138 ms - 101[0m
[0mGET / [0m-[0m - ms - -[0m
[0mPOST /api/auth/refresh [33m401[0m 0.355 ms - 101[0m
[0mGET / [0m-[0m - ms - -[0m
[0mGET / [0m-[0m - ms - -[0m
[0mPOST /api/auth/logout [33m401[0m 0.178 ms - 101[0m
[0mPOST /api/auth/logout [33m401[0m 0.166 ms - 101[0m
[0mPOST /api/auth/logout [33m401[0m 0.159 ms - 101[0m
[0mPOST /api/auth/logout [33m401[0m 0.173 ms - 101[0m
[0mGET / [0m-[0m - ms - -[0m
[0mGET / [32m200[0m 2.462 ms - 21770[0m
[0mPOST /api/auth/refresh [33m401[0m 0.287 ms - 101[0m
[0mGET / [0m-[0m - ms - -[0m
[0mPOST /api/auth/logout [33m401[0m 0.144 ms - 101[0m
[0mGET / [32m200[0m 1.888 ms - 21770[0m
[0mPOST /api/auth/logout [33m401[0m 0.167 ms - 101[0m
[0mPOST /api/auth/logout [33m401[0m 0.132 ms - 101[0m
[0mPOST /api/auth/logout [33m401[0m 0.140 ms - 101[0m
[0mGET / [0m-[0m - ms - -[0m
[0mPOST /api/auth/refresh [33m401[0m 0.256 ms - 101[0m
[0mGET / [32m200[0m 1.862 ms - 21770[0m
[0mPOST /api/auth/logout [33m401[0m 0.227 ms - 101[0m
[0mGET / [32m200[0m 2.708 ms - 21770[0m
[0mPOST /api/auth/logout [33m401[0m 0.260 ms - 101[0m
[0mPOST /api/auth/logout [33m401[0m 0.211 ms - 101[0m
[0mPOST /api/auth/logout [33m401[0m 0.150 ms - 101[0m
[0mPOST /api/auth/refresh [33m401[0m 0.243 ms - 101[0m
[0mGET / [0m-[0m - ms - -[0m
[0mGET / [0m-[0m - ms - -[0m
[0mPOST /api/auth/logout [33m401[0m 0.187 ms - 101[0m
[0mPOST /api/auth/logout [33m401[0m 0.158 ms - 101[0m
[0mPOST /api/auth/logout [33m401[0m 0.145 ms - 101[0m
[0mPOST /api/auth/logout [33m401[0m 0.131 ms - 101[0m
[0mPOST /api/auth/refresh [33m401[0m 0.312 ms - 101[0m
[0mGET / [0m-[0m - ms - -[0m
[0mGET / [0m-[0m - ms - -[0m
[0mPOST /api/auth/logout [33m401[0m 0.202 ms - 101[0m
[0mPOST /api/auth/logout [33m401[0m 0.230 ms - 101[0m
[0mPOST /api/auth/logout [33m401[0m 0.227 ms - 101[0m
[0mGET / [32m200[0m 4.281 ms - 21770[0m
[0mPOST /api/auth/logout [33m401[0m 0.224 ms - 101[0m
[0mGET / [0m-[0m - ms - -[0m
[0mPOST /api/auth/refresh [33m401[0m 0.220 ms - 101[0m
[0mPOST /api/auth/logout [33m401[0m 0.141 ms - 101[0m
[0mGET / [32m200[0m 2.436 ms - 21770[0m
[0mPOST /api/auth/logout [33m401[0m 0.331 ms - 101[0m
[0mPOST /api/auth/logout [33m401[0m 0.229 ms - 101[0m
[0mPOST /api/auth/logout [33m401[0m 0.235 ms - 101[0m
[0mGET / [0m-[0m - ms - -[0m
[0mPOST /api/auth/refresh [33m401[0m 0.400 ms - 101[0m
[0mGET / [32m200[0m 4.380 ms - 21770[0m
[0mPOST /api/auth/logout [33m401[0m 0.233 ms - 101[0m
[0mPOST /api/auth/logout [33m401[0m 0.233 ms - 101[0m
[0mPOST /api/auth/logout [33m401[0m 0.241 ms - 101[0m
[0mGET / [32m200[0m 5.369 ms - 21770[0m
[0mPOST /api/auth/refresh [33m401[0m 0.396 ms - 101[0m
[0mPOST /api/auth/logout [33m401[0m 0.171 ms - 101[0m
[0mPOST /api/auth/logout [33m401[0m 0.275 ms - 101[0m
[0mPOST /api/auth/logout [33m401[0m 0.172 ms - 101[0m
[0mPOST /api/auth/logout [33m401[0m 0.167 ms - 101[0m
[0mPOST /api/auth/refresh [33m401[0m 0.275 ms - 101[0m
[0mGET / [0m-[0m - ms - -[0m
[0mGET / [0m-[0m - ms - -[0m
[0mGET / [0m-[0m - ms - -[0m
[0mGET / [0m-[0m - ms - -[0m
[0mGET / [0m-[0m - ms - -[0m
[0mGET / [0m-[0m - ms - -[0m
[0mGET / [0m-[0m - ms - -[0m
[0mGET / [0m-[0m - ms - -[0m
[0mGET / [0m-[0m - ms - -[0m
[0mGET / [0m-[0m - ms - -[0m
[0mGET / [0m-[0m - ms - -[0m
[0mGET / [0m-[0m - ms - -[0m
[0mGET / [0m-[0m - ms - -[0m
[0mGET / [0m-[0m - ms - -[0m
[0mGET / [0m-[0m - ms - -[0m
[0mGET / [0m-[0m - ms - -[0m
[0mGET / [0m-[0m - ms - -[0m
[0mGET / [0m-[0m - ms - -[0m
[0mGET / [0m-[0m - ms - -[0m
[0mGET / [0m-[0m - ms - -[0m
[0mGET / [0m-[0m - ms - -[0m
[0mGET / [0m-[0m - ms - -[0m
[0mGET / [0m-[0m - ms - -[0m
[0mGET / [0m-[0m - ms - -[0m
[0mGET / [0m-[0m - ms - -[0m
[0mGET / [0m-[0m - ms - -[0m
[0mGET / [0m-[0m - ms - -[0m
[0mGET / [0m-[0m - ms - -[0m
[0mGET / [0m-[0m - ms - -[0m
[0mGET / [0m-[0m - ms - -[0m
[0mGET / [0m-[0m - ms - -[0m
[0mGET / [0m-[0m - ms - -[0m
[0mGET / [0m-[0m - ms - -[0m
[0mGET / [0m-[0m - ms - -[0m
[0mGET / [32m200[0m 21.582 ms - 21770[0m
[0mPOST /api/auth/logout [33m401[0m 0.150 ms - 101[0m
[0mPOST /api/auth/logout [33m401[0m 0.172 ms - 101[0m
[0mPOST /api/auth/logout [33m401[0m 0.138 ms - 101[0m
[0mPOST /api/auth/logout [33m401[0m 0.131 ms - 101[0m
[0mGET / [0m-[0m - ms - -[0m
[0mGET / [0m-[0m - ms - -[0m
[0mGET / [0m-[0m - ms - -[0m
[0mGET / [0m-[0m - ms - -[0m
[0mGET / [0m-[0m - ms - -[0m
[0mGET / [0m-[0m - ms - -[0m
[0mGET / [0m-[0m - ms - -[0m
[0mGET / [0m-[0m - ms - -[0m
[0mGET / [0m-[0m - ms - -[0m
[0mGET / [0m-[0m - ms - -[0m
[0mGET / [0m-[0m - ms - -[0m
[0mGET / [0m-[0m - ms - -[0m
[0mGET / [0m-[0m - ms - -[0m
[0mGET / [0m-[0m - ms - -[0m
[0mGET / [0m-[0m - ms - -[0m
[0mGET / [0m-[0m - ms - -[0m
[0mGET / [0m-[0m - ms - -[0m
[0mGET / [0m-[0m - ms - -[0m
[0mGET / [0m-[0m - ms - -[0m
[0mGET / [0m-[0m - ms - -[0m
[0mGET / [0m-[0m - ms - -[0m
[0mGET / [0m-[0m - ms - -[0m
[0mPOST /api/auth/refresh [33m401[0m 0.282 ms - 101[0m
[0mGET / [0m-[0m - ms - -[0m
[0mGET / [0m-[0m - ms - -[0m
[0mGET / [0m-[0m - ms - -[0m
[0mGET / [0m-[0m - ms - -[0m
[0mGET / [32m200[0m 5.527 ms - 21770[0m
[0mPOST /api/auth/logout [33m401[0m 0.151 ms - 101[0m
[0mPOST /api/auth/logout [33m401[0m 0.146 ms - 101[0m
[0mPOST /api/auth/logout [33m401[0m 0.121 ms - 101[0m
[0mPOST /api/auth/logout [33m401[0m 0.143 ms - 101[0m
[0mPOST /api/auth/refresh [33m401[0m 0.236 ms - 101[0m
[0mPOST /api/auth/logout [33m401[0m 0.221 ms - 101[0m
[0mGET / [32m200[0m 2.787 ms - 21770[0m
[0mPOST /api/auth/logout [33m401[0m 0.208 ms - 101[0m
[0mPOST /api/auth/logout [33m401[0m 0.138 ms - 101[0m
[0mPOST /api/auth/logout [33m401[0m 0.128 ms - 101[0m
[0mPOST /api/auth/refresh [33m401[0m 0.228 ms - 101[0m
[0mGET / [0m-[0m - ms - -[0m
[0mGET / [0m-[0m - ms - -[0m
[0mPOST /api/auth/logout [33m401[0m 0.162 ms - 101[0m
[0mPOST /api/auth/logout [33m401[0m 0.136 ms - 101[0m
[0mGET / [32m200[0m 2.737 ms - 21770[0m
[0mPOST /api/auth/logout [33m401[0m 0.150 ms - 101[0m
[0mPOST /api/auth/refresh [33m401[0m 0.375 ms - 101[0m
[0mPOST /api/auth/logout [33m401[0m 0.206 ms - 101[0m
[0mGET / [32m200[0m 3.537 ms - 21770[0m
[0mPOST /api/auth/logout [33m401[0m 0.167 ms - 101[0m
[0mPOST /api/auth/logout [33m401[0m 0.159 ms - 101[0m
[0mGET / [32m200[0m 2.843 ms - 21770[0m
[0mPOST /api/auth/logout [33m401[0m 0.144 ms - 101[0m
[0mPOST /api/auth/refresh [33m401[0m 0.241 ms - 101[0m
[0mGET / [0m-[0m - ms - -[0m
[0mPOST /api/auth/logout [33m401[0m 0.240 ms - 101[0m
[0mGET / [32m200[0m 2.937 ms - 21770[0m
[0mPOST /api/auth/logout [33m401[0m 0.190 ms - 101[0m
[0mPOST /api/auth/logout [33m401[0m 0.135 ms - 101[0m
[0mPOST /api/auth/logout [33m401[0m 0.146 ms - 101[0m
[0mPOST /api/auth/refresh [33m401[0m 0.313 ms - 101[0m
[0mGET / [32m200[0m 1.743 ms - 21770[0m
[0mPOST /api/auth/logout [33m401[0m 0.254 ms - 101[0m
[0mPOST /api/auth/logout [33m401[0m 0.210 ms - 101[0m
[0mGET / [32m200[0m 4.227 ms - 21770[0m
[0mPOST /api/auth/logout [33m401[0m 0.201 ms - 101[0m
[0mPOST /api/auth/logout [33m401[0m 0.225 ms - 101[0m
[0mPOST /api/auth/refresh [33m401[0m 0.377 ms - 101[0m
[0mGET / [0m-[0m - ms - -[0m
[0mPOST /api/auth/logout [33m401[0m 0.235 ms - 101[0m
[0mGET / [32m200[0m 4.428 ms - 21770[0m
[0mPOST /api/auth/logout [33m401[0m 0.303 ms - 101[0m
[0mPOST /api/auth/logout [33m401[0m 0.202 ms - 101[0m
[0mPOST /api/auth/logout [33m401[0m 0.179 ms - 101[0m
[0mPOST /api/auth/refresh [33m401[0m 0.423 ms - 101[0m
[0mGET / [0m-[0m - ms - -[0m
[0mGET / [0m-[0m - ms - -[0m
[0mGET / [0m-[0m - ms - -[0m
[0mGET / [0m-[0m - ms - -[0m
[0mPOST /api/auth/logout [33m401[0m 0.168 ms - 101[0m
[0mPOST /api/auth/logout [33m401[0m 0.152 ms - 101[0m
[0mPOST /api/auth/logout [33m401[0m 0.161 ms - 101[0m
[0mPOST /api/auth/refresh [33m401[0m 0.256 ms - 101[0m
[0mPOST /api/auth/logout [33m401[0m 0.150 ms - 101[0m
[0mGET / [0m-[0m - ms - -[0m
[0mGET / [0m-[0m - ms - -[0m
[0mPOST /api/auth/logout [33m401[0m 0.255 ms - 101[0m
[0mGET / [32m200[0m 5.922 ms - 21770[0m
[0mPOST /api/auth/logout [33m401[0m 0.196 ms - 101[0m
[0mPOST /api/auth/logout [33m401[0m 0.177 ms - 101[0m
[0mPOST /api/auth/refresh [33m401[0m 0.402 ms - 101[0m
[0mGET / [0m-[0m - ms - -[0m
[0mGET / [0m-[0m - ms - -[0m
[0mGET / [0m-[0m - ms - -[0m
[0mPOST /api/auth/logout [33m401[0m 0.149 ms - 101[0m
[0mPOST /api/auth/logout [33m401[0m 0.124 ms - 101[0m
[0mPOST /api/auth/logout [33m401[0m 0.118 ms - 101[0m
[0mPOST /api/auth/logout [33m401[0m 0.146 ms - 101[0m
[0mGET / [0m-[0m - ms - -[0m
[0mGET / [0m-[0m - ms - -[0m
[0mPOST /api/auth/refresh [33m401[0m 0.286 ms - 101[0m
[0mGET / [0m-[0m - ms - -[0m
[0mGET / [32m200[0m 2.154 ms - 21770[0m
[0mPOST /api/auth/logout [33m401[0m 0.162 ms - 101[0m
[0mPOST /api/auth/logout [33m401[0m 0.142 ms - 101[0m
[0mPOST /api/auth/logout [33m401[0m 0.162 ms - 101[0m
[0mPOST /api/auth/logout [33m401[0m 0.141 ms - 101[0m
[0mGET / [32m200[0m 1.857 ms - 21770[0m
[0mPOST /api/auth/refresh [33m401[0m 0.287 ms - 101[0m
[0mGET / [32m200[0m 1.597 ms - 21770[0m
[0mPOST /api/auth/logout [33m401[0m 0.217 ms - 101[0m
[0mPOST /api/auth/logout [33m401[0m 0.316 ms - 101[0m
[0mPOST /api/auth/logout [33m401[0m 0.200 ms - 101[0m
[0mPOST /api/auth/logout [33m401[0m 0.209 ms - 101[0m
[0mGET / [0m-[0m - ms - -[0m
[0mPOST /api/auth/refresh [33m401[0m 0.394 ms - 101[0m
[0mGET / [0m-[0m - ms - -[0m
[0mPOST /api/auth/logout [33m401[0m 0.232 ms - 101[0m
[0mGET / [32m200[0m 4.328 ms - 21770[0m
[0mPOST /api/auth/logout [33m401[0m 0.242 ms - 101[0m
[0mPOST /api/auth/logout [33m401[0m 0.418 ms - 101[0m
[0mPOST /api/auth/logout [33m401[0m 0.214 ms - 101[0m
[0mPOST /api/auth/refresh [33m401[0m 0.378 ms - 101[0m
[0mGET / [0m-[0m - ms - -[0m
[0mGET / [0m-[0m - ms - -[0m
[0mGET / [0m-[0m - ms - -[0m
[0mPOST /api/auth/logout [33m401[0m 0.216 ms - 101[0m
[0mPOST /api/auth/logout [33m401[0m 0.227 ms - 101[0m
[0mPOST /api/auth/logout [33m401[0m 0.221 ms - 101[0m
[0mPOST /api/auth/logout [33m401[0m 0.205 ms - 101[0m
[0mGET / [0m-[0m - ms - -[0m
[0mPOST /api/auth/refresh [33m401[0m 0.277 ms - 101[0m
[0mGET / [32m200[0m 3.095 ms - 21770[0m
[0mGET / [0m-[0m - ms - -[0m
[0mPOST /api/auth/logout [33m401[0m 0.161 ms - 101[0m
[0mPOST /api/auth/logout [33m401[0m 0.158 ms - 101[0m
[0mGET / [32m200[0m 4.104 ms - 21770[0m
[0mPOST /api/auth/logout [33m401[0m 0.219 ms - 101[0m
[0mPOST /api/auth/logout [33m401[0m 0.216 ms - 101[0m
[0mPOST /api/auth/refresh [33m401[0m 0.331 ms - 101[0m
[0mGET / [0m-[0m - ms - -[0m
[0mGET / [0m-[0m - ms - -[0m
[0mGET / [0m-[0m - ms - -[0m
[0mPOST /api/auth/logout [33m401[0m 0.178 ms - 101[0m
[0mGET / [32m200[0m 4.923 ms - 21770[0m
[0mPOST /api/auth/logout [33m401[0m 0.150 ms - 101[0m
[0mPOST /api/auth/logout [33m401[0m 0.124 ms - 101[0m
[0mPOST /api/auth/logout [33m401[0m 0.132 ms - 101[0m
[0mGET / [0m-[0m - ms - -[0m
[0mPOST /api/auth/refresh [33m401[0m 0.250 ms - 101[0m
[0mGET / [0m-[0m - ms - -[0m
[0mPOST /api/auth/logout [33m401[0m 0.258 ms - 101[0m
[0mGET / [0m-[0m - ms - -[0m
[0mPOST /api/auth/logout [33m401[0m 0.160 ms - 101[0m
[0mPOST /api/auth/logout [33m401[0m 0.146 ms - 101[0m
[0mPOST /api/auth/logout [33m401[0m 0.131 ms - 101[0m
[0mPOST /api/auth/refresh [33m401[0m 0.236 ms - 101[0m
[0mGET / [32m200[0m 1.776 ms - 21770[0m
[0mPOST /api/auth/logout [33m401[0m 0.188 ms - 101[0m
[0mGET / [32m200[0m 2.193 ms - 21770[0m
[0mPOST /api/auth/logout [33m401[0m 0.167 ms - 101[0m
[0mPOST /api/auth/logout [33m401[0m 0.132 ms - 101[0m
[0mPOST /api/auth/logout [33m401[0m 0.153 ms - 101[0m
[0mGET / [0m-[0m - ms - -[0m
[0mPOST /api/auth/refresh [33m401[0m 0.278 ms - 101[0m
[0mGET / [0m-[0m - ms - -[0m
[0mPOST /api/auth/logout [33m401[0m 0.214 ms - 101[0m
[0mGET / [32m200[0m 4.331 ms - 21770[0m
[0mPOST /api/auth/logout [33m401[0m 0.171 ms - 101[0m
[0mPOST /api/auth/logout [33m401[0m 0.130 ms - 101[0m
[0mPOST /api/auth/logout [33m401[0m 0.121 ms - 101[0m
[0mPOST /api/auth/refresh [33m401[0m 0.260 ms - 101[0m
[0mGET / [0m-[0m - ms - -[0m
[0mGET / [32m200[0m 2.041 ms - 21770[0m
[0mPOST /api/auth/logout [33m401[0m 0.146 ms - 101[0m
[0mPOST /api/auth/logout [33m401[0m 0.122 ms - 101[0m
[0mPOST /api/auth/logout [33m401[0m 0.268 ms - 101[0m
[0mPOST /api/auth/logout [33m401[0m 0.257 ms - 101[0m
[0mGET / [0m-[0m - ms - -[0m
[0mPOST /api/auth/refresh [33m401[0m 0.433 ms - 101[0m
[0mGET / [32m200[0m 5.059 ms - 21770[0m
[0mGET / [0m-[0m - ms - -[0m
[0mPOST /api/auth/logout [33m401[0m 0.240 ms - 101[0m
[0mPOST /api/auth/logout [33m401[0m 0.155 ms - 101[0m
[0mPOST /api/auth/logout [33m401[0m 0.144 ms - 101[0m
[0mGET / [0m-[0m - ms - -[0m
[0mPOST /api/auth/logout [33m401[0m 0.173 ms - 101[0m
[0mPOST /api/auth/refresh [33m401[0m 0.250 ms - 101[0m
[0mGET / [0m-[0m - ms - -[0m
[0mPOST /api/auth/logout [33m401[0m 0.160 ms - 101[0m
[0mGET / [32m200[0m 2.170 ms - 21770[0m
[0mPOST /api/auth/logout [33m401[0m 0.166 ms - 101[0m
[0mPOST /api/auth/logout [33m401[0m 0.143 ms - 101[0m
[0mPOST /api/auth/logout [33m401[0m 0.176 ms - 101[0m
[0mGET / [0m-[0m - ms - -[0m
[0mGET / [0m-[0m - ms - -[0m
[0mPOST /api/auth/refresh [33m401[0m 0.275 ms - 101[0m
[0mGET / [32m200[0m 1.102 ms - 21770[0m
[0mPOST /api/auth/logout [33m401[0m 0.158 ms - 101[0m
[0mPOST /api/auth/logout [33m401[0m 0.185 ms - 101[0m
[0mPOST /api/auth/logout [33m401[0m 0.165 ms - 101[0m
[0mPOST /api/auth/logout [33m401[0m 0.172 ms - 101[0m
[0mGET / [32m200[0m 1.202 ms - 21770[0m
[0mPOST /api/auth/refresh [33m401[0m 0.297 ms - 101[0m
[0mPOST /api/auth/logout [33m401[0m 0.166 ms - 101[0m
[0mGET / [32m200[0m 2.078 ms - 21770[0m
[0mPOST /api/auth/logout [33m401[0m 0.188 ms - 101[0m
[0mPOST /api/auth/logout [33m401[0m 0.151 ms - 101[0m
[0mPOST /api/auth/logout [33m401[0m 0.142 ms - 101[0m
[0mPOST /api/auth/refresh [33m401[0m 0.242 ms - 101[0m
[0mGET / [32m200[0m 2.727 ms - 21770[0m
[0mPOST /api/auth/logout [33m401[0m 0.191 ms - 101[0m
[0mGET / [0m-[0m - ms - -[0m
[0mPOST /api/auth/logout [33m401[0m 0.152 ms - 101[0m
[0mPOST /api/auth/logout [33m401[0m 0.139 ms - 101[0m
[0mPOST /api/auth/logout [33m401[0m 0.150 ms - 101[0m
[0mGET / [32m200[0m 1.946 ms - 21770[0m
[0mPOST /api/auth/refresh [33m401[0m 0.290 ms - 101[0m
[0mPOST /api/auth/logout [33m401[0m 0.326 ms - 101[0m
[0mPOST /api/auth/logout [33m401[0m 0.271 ms - 101[0m
[0mPOST /api/auth/logout [33m401[0m 0.299 ms - 101[0m
[0mPOST /api/auth/logout [33m401[0m 0.262 ms - 101[0m
[0mGET / [32m200[0m 6.268 ms - 21770[0m
[0mPOST /api/auth/refresh [33m401[0m 0.427 ms - 101[0m
[0mGET / [0m-[0m - ms - -[0m
[0mGET / [0m-[0m - ms - -[0m
[0mPOST /api/auth/logout [33m401[0m 0.157 ms - 101[0m
[0mPOST /api/auth/logout [33m401[0m 0.164 ms - 101[0m
[0mPOST /api/auth/logout [33m401[0m 0.188 ms - 101[0m
[0mPOST /api/auth/logout [33m401[0m 0.284 ms - 101[0m
[0mGET / [0m-[0m - ms - -[0m
[0mPOST /api/auth/refresh [33m401[0m 0.400 ms - 101[0m
[0mGET / [0m-[0m - ms - -[0m
[0mPOST /api/auth/logout [33m401[0m 0.162 ms - 101[0m
[0mGET / [0m-[0m - ms - -[0m
[0mPOST /api/auth/logout [33m401[0m 0.157 ms - 101[0m
[0mPOST /api/auth/logout [33m401[0m 0.178 ms - 101[0m
[0mPOST /api/auth/logout [33m401[0m 0.163 ms - 101[0m
[0mGET / [0m-[0m - ms - -[0m
[0mPOST /api/auth/refresh [33m401[0m 0.333 ms - 101[0m
[0mGET / [0m-[0m - ms - -[0m
[0mGET / [0m-[0m - ms - -[0m
[0mPOST /api/auth/logout [33m401[0m 0.229 ms - 101[0m
[0mPOST /api/auth/logout [33m401[0m 0.164 ms - 101[0m
[0mPOST /api/auth/logout [33m401[0m 0.148 ms - 101[0m
[0mPOST /api/auth/logout [33m401[0m 0.148 ms - 101[0m
[0mGET / [32m200[0m 2.808 ms - 21770[0m
[0mPOST /api/auth/refresh [33m401[0m 0.286 ms - 101[0m
[0mGET / [0m-[0m - ms - -[0m
[0mGET / [32m200[0m 2.354 ms - 21770[0m
[0mPOST /api/auth/logout [33m401[0m 0.173 ms - 101[0m
[0mPOST /api/auth/logout [33m401[0m 0.153 ms - 101[0m
[0mPOST /api/auth/logout [33m401[0m 0.139 ms - 101[0m
[0mPOST /api/auth/logout [33m401[0m 0.170 ms - 101[0m
[0mGET / [0m-[0m - ms - -[0m
[0mPOST /api/auth/refresh [33m401[0m 0.274 ms - 101[0m
[0mGET / [0m-[0m - ms - -[0m
[0mGET / [32m200[0m 1.262 ms - 21770[0m
[0mPOST /api/auth/logout [33m401[0m 0.189 ms - 101[0m
[0mPOST /api/auth/logout [33m401[0m 0.137 ms - 101[0m
[0mPOST /api/auth/logout [33m401[0m 0.159 ms - 101[0m
[0mPOST /api/auth/logout [33m401[0m 0.129 ms - 101[0m
[0mGET / [0m-[0m - ms - -[0m
[0mPOST /api/auth/refresh [33m401[0m 0.387 ms - 101[0m
[0mGET / [0m-[0m - ms - -[0m
[0mPOST /api/auth/logout [33m401[0m 0.191 ms - 101[0m
[0mPOST /api/auth/logout [33m401[0m 0.165 ms - 101[0m
[0mPOST /api/auth/logout [33m401[0m 0.208 ms - 101[0m
[0mGET / [32m200[0m 3.113 ms - 21770[0m
[0mPOST /api/auth/logout [33m401[0m 0.176 ms - 101[0m
[0mPOST /api/auth/refresh [33m401[0m 0.295 ms - 101[0m
[0mPOST /api/auth/logout [33m401[0m 0.167 ms - 101[0m
[0mGET / [0m-[0m - ms - -[0m
[0mGET / [0m-[0m - ms - -[0m
[0mGET / [0m-[0m - ms - -[0m
[0mGET / [0m-[0m - ms - -[0m
[0mGET / [0m-[0m - ms - -[0m
[0mGET / [0m-[0m - ms - -[0m
[0mGET / [0m-[0m - ms - -[0m
[0mGET / [0m-[0m - ms - -[0m
[0mGET / [0m-[0m - ms - -[0m
[0mGET / [0m-[0m - ms - -[0m
[0mGET / [0m-[0m - ms - -[0m
[0mGET / [0m-[0m - ms - -[0m
[0mGET / [0m-[0m - ms - -[0m
[0mGET / [0m-[0m - ms - -[0m
[0mGET / [0m-[0m - ms - -[0m
[0mGET / [0m-[0m - ms - -[0m
[0mGET / [0m-[0m - ms - -[0m
[0mGET / [0m-[0m - ms - -[0m
[0mGET / [0m-[0m - ms - -[0m
[0mGET / [0m-[0m - ms - -[0m
[0mGET / [0m-[0m - ms - -[0m
[0mGET / [0m-[0m - ms - -[0m
[0mGET / [0m-[0m - ms - -[0m
[0mGET / [0m-[0m - ms - -[0m
[0mGET / [0m-[0m - ms - -[0m
[0mGET / [0m-[0m - ms - -[0m
[0mGET / [0m-[0m - ms - -[0m
[0mGET / [0m-[0m - ms - -[0m
[0mGET / [0m-[0m - ms - -[0m
[0mGET / [0m-[0m - ms - -[0m
[0mGET / [0m-[0m - ms - -[0m
[0mGET / [0m-[0m - ms - -[0m
[0mGET / [0m-[0m - ms - -[0m
[0mGET / [0m-[0m - ms - -[0m
[0mPOST /api/auth/refresh [33m401[0m 0.446 ms - 101[0m
[0mPOST /api/auth/logout [33m401[0m 0.149 ms - 101[0m
[0mPOST /api/auth/logout [33m401[0m 0.135 ms - 101[0m
[0mPOST /api/auth/logout [33m401[0m 0.146 ms - 101[0m
[0mGET / [0m-[0m - ms - -[0m
[0mGET / [0m-[0m - ms - -[0m
[0mGET / [0m-[0m - ms - -[0m
[0mGET / [0m-[0m - ms - -[0m
[0mGET / [0m-[0m - ms - -[0m
[0mGET / [0m-[0m - ms - -[0m
[0mGET / [0m-[0m - ms - -[0m
[0mGET / [0m-[0m - ms - -[0m
[0mGET / [0m-[0m - ms - -[0m
[0mGET / [0m-[0m - ms - -[0m
[0mGET / [0m-[0m - ms - -[0m
[0mGET / [0m-[0m - ms - -[0m
[0mPOST /api/auth/logout [33m401[0m 0.163 ms - 101[0m
[0mPOST /api/auth/refresh [33m401[0m 0.388 ms - 101[0m
[0mGET / [32m200[0m 1.101 ms - 21770[0m
[0mPOST /api/auth/logout [33m401[0m 0.262 ms - 101[0m
[0mPOST /api/auth/logout [33m401[0m 0.175 ms - 101[0m
[0mPOST /api/auth/logout [33m401[0m 0.259 ms - 101[0m
[0mPOST /api/auth/logout [33m401[0m 0.175 ms - 101[0m
[0mPOST /api/auth/refresh [33m401[0m 0.356 ms - 101[0m
[0mPOST /api/auth/logout [33m401[0m 0.177 ms - 101[0m
[0mPOST /api/auth/logout [33m401[0m 0.147 ms - 101[0m
[0mPOST /api/auth/logout [33m401[0m 0.179 ms - 101[0m
[0mPOST /api/auth/logout [33m401[0m 0.144 ms - 101[0m
[0mPOST /api/auth/refresh [33m401[0m 0.276 ms - 101[0m
[0mGET / [32m200[0m 2.242 ms - 21770[0m
[0mPOST /api/auth/logout [33m401[0m 0.164 ms - 101[0m
[0mGET / [32m200[0m 2.025 ms - 21770[0m
[0mPOST /api/auth/logout [33m401[0m 0.162 ms - 101[0m
[0mPOST /api/auth/logout [33m401[0m 0.132 ms - 101[0m
[0mPOST /api/auth/logout [33m401[0m 0.135 ms - 101[0m
[0mGET / [0m-[0m - ms - -[0m
[0mPOST /api/auth/refresh [33m401[0m 0.272 ms - 101[0m
[0mGET / [32m200[0m 2.017 ms - 21770[0m
[0mPOST /api/auth/logout [33m401[0m 0.185 ms - 101[0m
[0mGET / [32m200[0m 1.398 ms - 21770[0m
[0mPOST /api/auth/logout [33m401[0m 0.164 ms - 101[0m
[0mPOST /api/auth/logout [33m401[0m 0.138 ms - 101[0m
[0mPOST /api/auth/logout [33m401[0m 0.259 ms - 101[0m
[0mGET / [0m-[0m - ms - -[0m
[0mPOST /api/auth/refresh [33m401[0m 0.307 ms - 101[0m
[0mGET / [0m-[0m - ms - -[0m
[0mGET / [32m200[0m 3.271 ms - 21770[0m
[0mPOST /api/auth/logout [33m401[0m 0.265 ms - 101[0m
[0mPOST /api/auth/logout [33m401[0m 0.239 ms - 101[0m
[0mPOST /api/auth/logout [33m401[0m 0.207 ms - 101[0m
[0mPOST /api/auth/logout [33m401[0m 0.173 ms - 101[0m
[0mPOST /api/auth/refresh [33m401[0m 0.355 ms - 101[0m
[0mGET / [0m-[0m - ms - -[0m
[0mGET / [0m-[0m - ms - -[0m
[0mPOST /api/auth/logout [33m401[0m 0.167 ms - 101[0m
[0mPOST /api/auth/logout [33m401[0m 0.222 ms - 101[0m
[0mPOST /api/auth/logout [33m401[0m 0.248 ms - 101[0m
[0mPOST /api/auth/logout [33m401[0m 0.195 ms - 101[0m
[0mGET / [0m-[0m - ms - -[0m
[0mPOST /api/auth/refresh [33m401[0m 0.302 ms - 101[0m
[0mGET / [32m200[0m 2.101 ms - 21770[0m
[0mPOST /api/auth/logout [33m401[0m 0.263 ms - 101[0m
[0mGET / [32m200[0m 2.576 ms - 21770[0m
[0mPOST /api/auth/logout [33m401[0m 0.181 ms - 101[0m
[0mPOST /api/auth/logout [33m401[0m 0.146 ms - 101[0m
[0mPOST /api/auth/logout [33m401[0m 0.155 ms - 101[0m
[0mGET / [0m-[0m - ms - -[0m
[0mPOST /api/auth/refresh [33m401[0m 0.310 ms - 101[0m
[0mGET / [32m200[0m 2.006 ms - 21770[0m
[0mGET / [32m200[0m 1.633 ms - 21770[0m
[0mPOST /api/auth/logout [33m401[0m 0.248 ms - 101[0m
[0mPOST /api/auth/logout [33m401[0m 0.220 ms - 101[0m
[0mPOST /api/auth/logout [33m401[0m 0.226 ms - 101[0m
[0mPOST /api/auth/logout [33m401[0m 0.186 ms - 101[0m
[0mPOST /api/auth/refresh [33m401[0m 0.307 ms - 101[0m
[0mGET / [0m-[0m - ms - -[0m
[0mPOST /api/auth/logout [33m401[0m 0.141 ms - 101[0m
[0mGET / [32m200[0m 1.818 ms - 21770[0m
[0mPOST /api/auth/logout [33m401[0m 0.390 ms - 101[0m
[0mPOST /api/auth/logout [33m401[0m 0.169 ms - 101[0m
[0mPOST /api/auth/logout [33m401[0m 0.145 ms - 101[0m
[0mGET / [0m-[0m - ms - -[0m
[0mPOST /api/auth/refresh [33m401[0m 0.264 ms - 101[0m
[0mGET / [32m200[0m 2.067 ms - 21770[0m
[0mPOST /api/auth/logout [33m401[0m 0.174 ms - 101[0m
[0mPOST /api/auth/logout [33m401[0m 0.145 ms - 101[0m
[0mPOST /api/auth/logout [33m401[0m 0.149 ms - 101[0m
[0mGET / [32m200[0m 1.802 ms - 21770[0m
[0mPOST /api/auth/logout [33m401[0m 0.157 ms - 101[0m
[0mPOST /api/auth/refresh [33m401[0m 0.306 ms - 101[0m
[0mGET / [0m-[0m - ms - -[0m
[0mGET / [0m-[0m - ms - -[0m
[0mPOST /api/auth/logout [33m401[0m 0.265 ms - 101[0m
[0mPOST /api/auth/logout [33m401[0m 0.212 ms - 101[0m
[0mPOST /api/auth/logout [33m401[0m 0.331 ms - 101[0m
[0mGET / [32m200[0m 3.223 ms - 21770[0m
[0mPOST /api/auth/logout [33m401[0m 0.211 ms - 101[0m
[0mPOST /api/auth/refresh [33m401[0m 0.315 ms - 101[0m
[0mGET / [0m-[0m - ms - -[0m
[0mGET / [0m-[0m - ms - -[0m
[0mPOST /api/auth/logout [33m401[0m 0.171 ms - 101[0m
[0mGET / [0m-[0m - ms - -[0m
[0mPOST /api/auth/logout [33m401[0m 0.172 ms - 101[0m
[0mPOST /api/auth/logout [33m401[0m 0.157 ms - 101[0m
[0mGET / [0m-[0m - ms - -[0m
[0mPOST /api/auth/logout [33m401[0m 0.147 ms - 101[0m
[0mPOST /api/auth/refresh [33m401[0m 0.266 ms - 101[0m
[0mGET / [0m-[0m - ms - -[0m
[0mGET / [32m200[0m 1.990 ms - 21770[0m
[0mPOST /api/auth/logout [33m401[0m 0.158 ms - 101[0m
[0mPOST /api/auth/logout [33m401[0m 0.184 ms - 101[0m
[0mPOST /api/auth/logout [33m401[0m 0.144 ms - 101[0m
[0mPOST /api/auth/logout [33m401[0m 0.137 ms - 101[0m
[0mPOST /api/auth/refresh [33m401[0m 0.328 ms - 101[0m
[0mGET / [32m200[0m 1.261 ms - 21770[0m
[0mPOST /api/auth/logout [33m401[0m 0.264 ms - 101[0m
[0mPOST /api/auth/logout [33m401[0m 0.170 ms - 101[0m
[0mPOST /api/auth/logout [33m401[0m 0.244 ms - 101[0m
[0mPOST /api/auth/logout [33m401[0m 0.230 ms - 101[0m
[0mGET / [0m-[0m - ms - -[0m
[0mPOST /api/auth/refresh [33m401[0m 0.286 ms - 101[0m
[0mGET / [32m200[0m 1.172 ms - 21770[0m
[0mPOST /api/auth/logout [33m401[0m 0.180 ms - 101[0m
[0mPOST /api/auth/logout [33m401[0m 0.167 ms - 101[0m
[0mPOST /api/auth/logout [33m401[0m 0.299 ms - 101[0m
[0mPOST /api/auth/logout [33m401[0m 0.180 ms - 101[0m
[0mGET / [0m-[0m - ms - -[0m
[0mPOST /api/auth/refresh [33m401[0m 0.291 ms - 101[0m
[0mGET / [32m200[0m 2.118 ms - 21770[0m
[0mPOST /api/auth/logout [33m401[0m 0.161 ms - 101[0m
[0mPOST /api/auth/logout [33m401[0m 0.181 ms - 101[0m
[0mPOST /api/auth/logout [33m401[0m 0.164 ms - 101[0m
[0mGET / [32m200[0m 1.173 ms - 21770[0m
[0mPOST /api/auth/logout [33m401[0m 0.176 ms - 101[0m
[0mGET / [0m-[0m - ms - -[0m
[0mPOST /api/auth/refresh [33m401[0m 0.359 ms - 101[0m
[0mGET / [0m-[0m - ms - -[0m
[0mGET / [32m200[0m 1.234 ms - 21770[0m
[0mPOST /api/auth/logout [33m401[0m 0.186 ms - 101[0m
[0mPOST /api/auth/logout [33m401[0m 0.170 ms - 101[0m
[0mPOST /api/auth/logout [33m401[0m 0.154 ms - 101[0m
[0mPOST /api/auth/logout [33m401[0m 0.149 ms - 101[0m
[0mGET / [32m200[0m 2.045 ms - 21770[0m
[0mPOST /api/auth/refresh [33m401[0m 0.319 ms - 101[0m
[0mGET / [32m200[0m 2.157 ms - 21770[0m
[0mGET / [32m200[0m 1.214 ms - 21770[0m
[0mPOST /api/auth/logout [33m401[0m 0.199 ms - 101[0m
[0mPOST /api/auth/logout [33m401[0m 0.154 ms - 101[0m
[0mPOST /api/auth/logout [33m401[0m 0.308 ms - 101[0m
[0mPOST /api/auth/logout [33m401[0m 0.260 ms - 101[0m
[0mGET / [0m-[0m - ms - -[0m
[0mPOST /api/auth/refresh [33m401[0m 0.302 ms - 101[0m
[0mGET / [0m-[0m - ms - -[0m
[0mGET / [0m-[0m - ms - -[0m
[0mPOST /api/auth/logout [33m401[0m 0.316 ms - 101[0m
[0mPOST /api/auth/logout [33m401[0m 0.320 ms - 101[0m
[0mPOST /api/auth/logout [33m401[0m 0.319 ms - 101[0m
[0mPOST /api/auth/logout [33m401[0m 0.275 ms - 101[0m
[0mGET / [0m-[0m - ms - -[0m
[0mPOST /api/auth/refresh [33m401[0m 0.494 ms - 101[0m
[0mGET / [32m200[0m 3.377 ms - 21770[0m
[0mPOST /api/auth/logout [33m401[0m 0.319 ms - 101[0m
[0mPOST /api/auth/logout [33m401[0m 0.335 ms - 101[0m
[0mGET / [32m200[0m 5.055 ms - 21770[0m
[0mPOST /api/auth/logout [33m401[0m 0.309 ms - 101[0m
[0mPOST /api/auth/logout [33m401[0m 0.268 ms - 101[0m
[0mGET / [32m200[0m 2.944 ms - 21770[0m
[0mPOST /api/auth/refresh [33m401[0m 0.518 ms - 101[0m
[0mGET / [0m-[0m - ms - -[0m
[0mPOST /api/auth/logout [33m401[0m 0.265 ms - 101[0m
[0mGET / [32m200[0m 3.255 ms - 21770[0m
[0mPOST /api/auth/logout [33m401[0m 0.278 ms - 101[0m
[0mPOST /api/auth/logout [33m401[0m 0.285 ms - 101[0m
[0mPOST /api/auth/logout [33m401[0m 0.233 ms - 101[0m
[0mPOST /api/auth/refresh [33m401[0m 0.413 ms - 101[0m
[0mGET / [0m-[0m - ms - -[0m
[0mGET / [0m-[0m - ms - -[0m
[0mPOST /api/auth/logout [33m401[0m 0.267 ms - 101[0m
[0mPOST /api/auth/logout [33m401[0m 0.250 ms - 101[0m
[0mPOST /api/auth/refresh [33m401[0m 0.400 ms - 101[0m
[0mPOST /api/auth/logout [33m401[0m 0.239 ms - 101[0m
[0mPOST /api/auth/logout [33m401[0m 0.241 ms - 101[0m
[0mGET / [0m-[0m - ms - -[0m
[0mPOST /api/auth/logout [33m401[0m 0.161 ms - 101[0m
[0mPOST /api/auth/logout [33m401[0m 0.149 ms - 101[0m
[0mGET / [0m-[0m - ms - -[0m
[0mPOST /api/auth/refresh [33m401[0m 0.404 ms - 101[0m
[0mGET / [0m-[0m - ms - -[0m
[0mGET / [0m-[0m - ms - -[0m
[0mPOST /api/auth/logout [33m401[0m 0.181 ms - 101[0m
[0mPOST /api/auth/logout [33m401[0m 0.282 ms - 101[0m
[0mPOST /api/auth/logout [33m401[0m 0.268 ms - 101[0m
[0mPOST /api/auth/logout [33m401[0m 0.176 ms - 101[0m
[0mGET / [0m-[0m - ms - -[0m
[0mGET / [0m-[0m - ms - -[0m
[0mGET / [32m200[0m 1.302 ms - 21770[0m
[0mGET / [32m200[0m 1.577 ms - 21770[0m
[0mPOST /api/auth/refresh [33m401[0m 0.397 ms - 101[0m
[0mGET / [32m200[0m 1.505 ms - 21770[0m
[0mGET / [32m200[0m 1.621 ms - 21770[0m
[0mGET / [32m200[0m 1.726 ms - 21770[0m
[0mGET / [32m200[0m 1.740 ms - 21770[0m
[0mPOST /api/auth/logout [33m401[0m 0.269 ms - 101[0m
[0mPOST /api/auth/logout [33m401[0m 0.239 ms - 101[0m
[0mPOST /api/auth/logout [33m401[0m 0.174 ms - 101[0m
[0mPOST /api/auth/logout [33m401[0m 0.141 ms - 101[0m
[0mPOST /api/auth/refresh [33m401[0m 0.464 ms - 101[0m
[0mGET / [32m200[0m 1.216 ms - 21770[0m
[0mGET / [32m200[0m 1.406 ms - 21770[0m
[0mPOST /api/auth/logout [33m401[0m 0.242 ms - 101[0m
[0mPOST /api/auth/logout [33m401[0m 0.199 ms - 101[0m
[0mGET / [32m200[0m 1.349 ms - 21770[0m
[0mPOST /api/auth/logout [33m401[0m 0.185 ms - 101[0m
[0mPOST /api/auth/logout [33m401[0m 0.156 ms - 101[0m
[0mPOST /api/auth/refresh [33m401[0m 0.301 ms - 101[0m
[0mGET / [32m200[0m 2.055 ms - 21770[0m
[0mPOST /api/auth/logout [33m401[0m 0.181 ms - 101[0m
[0mGET / [32m200[0m 2.363 ms - 21770[0m
[0mPOST /api/auth/logout [33m401[0m 0.200 ms - 101[0m
[0mPOST /api/auth/logout [33m401[0m 0.250 ms - 101[0m
[0mPOST /api/auth/logout [33m401[0m 0.265 ms - 101[0m
[0mGET / [32m200[0m 2.392 ms - 21770[0m
[0mPOST /api/auth/refresh [33m401[0m 0.329 ms - 101[0m
[0mGET / [32m200[0m 1.292 ms - 21770[0m
[0mPOST /api/auth/logout [33m401[0m 0.249 ms - 101[0m
[0mPOST /api/auth/logout [33m401[0m 0.274 ms - 101[0m
[0mPOST /api/auth/logout [33m401[0m 0.203 ms - 101[0m
[0mPOST /api/auth/logout [33m401[0m 0.205 ms - 101[0m
[0mPOST /api/auth/refresh [33m401[0m 0.283 ms - 101[0m
[0mGET / [0m-[0m - ms - -[0m
[0mGET / [0m-[0m - ms - -[0m
[0mPOST /api/auth/logout [33m401[0m 0.238 ms - 101[0m
[0mGET / [32m200[0m 3.022 ms - 21770[0m
[0mPOST /api/auth/logout [33m401[0m 0.249 ms - 101[0m
[0mPOST /api/auth/logout [33m401[0m 0.212 ms - 101[0m
[0mPOST /api/auth/refresh [33m401[0m 0.388 ms - 101[0m
[0mPOST /api/auth/logout [33m401[0m 0.146 ms - 101[0m
[0mPOST /api/auth/logout [33m401[0m 0.210 ms - 101[0m
[0mGET / [32m200[0m 2.260 ms - 21770[0m
[0mPOST /api/auth/logout [33m401[0m 0.208 ms - 101[0m
[0mPOST /api/auth/logout [33m401[0m 0.380 ms - 101[0m
[0mGET / [0m-[0m - ms - -[0m
[0mPOST /api/auth/refresh [33m401[0m 0.475 ms - 101[0m
[0mGET / [0m-[0m - ms - -[0m
[0mPOST /api/auth/logout [33m401[0m 0.265 ms - 101[0m
[0mGET / [32m200[0m 3.392 ms - 21770[0m
[0mPOST /api/auth/logout [33m401[0m 0.293 ms - 101[0m
[0mPOST /api/auth/logout [33m401[0m 0.257 ms - 101[0m
[0mPOST /api/auth/logout [33m401[0m 0.221 ms - 101[0m
[0mGET / [0m-[0m - ms - -[0m
[0mPOST /api/auth/refresh [33m401[0m 0.398 ms - 101[0m
[0mGET / [32m200[0m 4.063 ms - 21770[0m
[0mPOST /api/auth/logout [33m401[0m 0.181 ms - 101[0m
[0mGET / [0m-[0m - ms - -[0m
[0mGET / [0m-[0m - ms - -[0m
[0mPOST /api/auth/logout [33m401[0m 0.183 ms - 101[0m
[0mPOST /api/auth/logout [33m401[0m 0.166 ms - 101[0m
[0mPOST /api/auth/logout [33m401[0m 0.157 ms - 101[0m
[0mPOST /api/auth/refresh [33m401[0m 0.293 ms - 101[0m
[0mGET / [0m-[0m - ms - -[0m
[0mGET / [0m-[0m - ms - -[0m
[0mGET / [0m-[0m - ms - -[0m
[0mPOST /api/auth/logout [33m401[0m 0.271 ms - 101[0m
[0mPOST /api/auth/logout [33m401[0m 0.255 ms - 101[0m
[0mPOST /api/auth/logout [33m401[0m 0.201 ms - 101[0m
[0mPOST /api/auth/refresh [33m401[0m 0.333 ms - 101[0m
[0mPOST /api/auth/logout [33m401[0m 0.183 ms - 101[0m
[0mGET / [0m-[0m - ms - -[0m
[0mGET / [0m-[0m - ms - -[0m
[0mGET / [0m-[0m - ms - -[0m
[0mGET / [0m-[0m - ms - -[0m
[0mGET / [0m-[0m - ms - -[0m
[0mGET / [0m-[0m - ms - -[0m
[0mGET / [0m-[0m - ms - -[0m
[0mGET / [0m-[0m - ms - -[0m
[0mGET / [0m-[0m - ms - -[0m
[0mGET / [0m-[0m - ms - -[0m
[0mGET / [0m-[0m - ms - -[0m
[0mGET / [0m-[0m - ms - -[0m
[0mGET / [0m-[0m - ms - -[0m
[0mGET / [0m-[0m - ms - -[0m
[0mGET / [0m-[0m - ms - -[0m
[0mGET / [0m-[0m - ms - -[0m
[0mGET / [0m-[0m - ms - -[0m
[0mGET / [0m-[0m - ms - -[0m
[0mGET / [0m-[0m - ms - -[0m
[0mGET / [0m-[0m - ms - -[0m
[0mGET / [0m-[0m - ms - -[0m
[0mGET / [0m-[0m - ms - -[0m
[0mGET / [0m-[0m - ms - -[0m
[0mGET / [0m-[0m - ms - -[0m
[0mGET / [0m-[0m - ms - -[0m
[0mGET / [0m-[0m - ms - -[0m
[0mGET / [0m-[0m - ms - -[0m
[0mGET / [0m-[0m - ms - -[0m
[0mGET / [0m-[0m - ms - -[0m
[0mGET / [0m-[0m - ms - -[0m
[0mGET / [0m-[0m - ms - -[0m
[0mGET / [0m-[0m - ms - -[0m
[0mPOST /api/auth/logout [33m401[0m 0.162 ms - 101[0m
[0mPOST /api/auth/logout [33m401[0m 0.142 ms - 101[0m
[0mPOST /api/auth/refresh [33m401[0m 0.248 ms - 101[0m
[0mPOST /api/auth/logout [33m401[0m 0.226 ms - 101[0m
[0mGET / [0m-[0m - ms - -[0m
[0mGET / [0m-[0m - ms - -[0m
[0mGET / [0m-[0m - ms - -[0m
[0mGET / [0m-[0m - ms - -[0m
[0mGET / [0m-[0m - ms - -[0m
[0mGET / [0m-[0m - ms - -[0m
[0mGET / [0m-[0m - ms - -[0m
[0mGET / [0m-[0m - ms - -[0m
[0mGET / [0m-[0m - ms - -[0m
[0mGET / [0m-[0m - ms - -[0m
[0mGET / [0m-[0m - ms - -[0m
[0mPOST /api/auth/logout [33m401[0m 0.203 ms - 101[0m
[0mPOST /api/auth/logout [33m401[0m 0.161 ms - 101[0m
[0mPOST /api/auth/logout [33m401[0m 0.140 ms - 101[0m
[0mPOST /api/auth/refresh [33m401[0m 0.264 ms - 101[0m
[0mGET / [0m-[0m - ms - -[0m
[0mGET / [0m-[0m - ms - -[0m
[0mGET / [0m-[0m - ms - -[0m
[0mGET / [0m-[0m - ms - -[0m
[0mPOST /api/auth/logout [33m401[0m 0.145 ms - 101[0m
[0mPOST /api/auth/logout [33m401[0m 0.136 ms - 101[0m
[0mGET / [32m200[0m 5.918 ms - 21770[0m
[0mPOST /api/auth/logout [33m401[0m 0.158 ms - 101[0m
[0mPOST /api/auth/logout [33m401[0m 0.171 ms - 101[0m
[0mPOST /api/auth/refresh [33m401[0m 0.258 ms - 101[0m
[0mGET / [32m200[0m 1.315 ms - 21770[0m
[0mPOST /api/auth/logout [33m401[0m 0.179 ms - 101[0m
[0mPOST /api/auth/logout [33m401[0m 0.212 ms - 101[0m
[0mPOST /api/auth/logout [33m401[0m 0.181 ms - 101[0m
[0mPOST /api/auth/logout [33m401[0m 0.176 ms - 101[0m
[0mPOST /api/auth/refresh [33m401[0m 0.293 ms - 101[0m
[0mGET / [0m-[0m - ms - -[0m
[0mGET / [0m-[0m - ms - -[0m
[0mPOST /api/auth/logout [33m401[0m 0.204 ms - 101[0m
[0mPOST /api/auth/logout [33m401[0m 0.204 ms - 101[0m
[0mPOST /api/auth/logout [33m401[0m 0.138 ms - 101[0m
[0mGET / [32m200[0m 1.944 ms - 21770[0m
[0mPOST /api/auth/logout [33m401[0m 0.241 ms - 101[0m
[0mPOST /api/auth/refresh [33m401[0m 0.244 ms - 101[0m
[0mGET / [0m-[0m - ms - -[0m
[0mPOST /api/auth/logout [33m401[0m 0.294 ms - 101[0m
[0mGET / [32m200[0m 2.549 ms - 21770[0m
[0mPOST /api/auth/logout [33m401[0m 0.164 ms - 101[0m
[0mPOST /api/auth/logout [33m401[0m 0.155 ms - 101[0m
[0mPOST /api/auth/logout [33m401[0m 0.206 ms - 101[0m
[0mPOST /api/auth/refresh [33m401[0m 0.316 ms - 101[0m
[0mGET / [32m200[0m 1.892 ms - 21770[0m
[0mPOST /api/auth/logout [33m401[0m 0.198 ms - 101[0m
[0mPOST /api/auth/logout [33m401[0m 0.201 ms - 101[0m
[0mPOST /api/auth/logout [33m401[0m 0.186 ms - 101[0m
[0mGET / [32m200[0m 2.176 ms - 21770[0m
[0mPOST /api/auth/logout [33m401[0m 0.277 ms - 101[0m
[0mPOST /api/auth/refresh [33m401[0m 0.287 ms - 101[0m
[0mGET / [0m-[0m - ms - -[0m
[0mPOST /api/auth/logout [33m401[0m 0.178 ms - 101[0m
[0mGET / [32m200[0m 2.225 ms - 21770[0m
[0mPOST /api/auth/logout [33m401[0m 0.285 ms - 101[0m
[0mPOST /api/auth/logout [33m401[0m 0.164 ms - 101[0m
[0mPOST /api/auth/logout [33m401[0m 0.160 ms - 101[0m
[0mGET / [0m-[0m - ms - -[0m
[0mPOST /api/auth/refresh [33m401[0m 0.301 ms - 101[0m
[0mGET / [0m-[0m - ms - -[0m
[0mPOST /api/auth/logout [33m401[0m 0.174 ms - 101[0m
[0mPOST /api/auth/logout [33m401[0m 0.189 ms - 101[0m
[0mPOST /api/auth/logout [33m401[0m 0.180 ms - 101[0m
[0mGET / [32m200[0m 3.568 ms - 21770[0m
[0mPOST /api/auth/logout [33m401[0m 0.159 ms - 101[0m
[0mGET / [0m-[0m - ms - -[0m
[0mPOST /api/auth/refresh [33m401[0m 0.259 ms - 101[0m
[0mGET / [0m-[0m - ms - -[0m
[0mPOST /api/auth/logout [33m401[0m 0.267 ms - 101[0m
[0mPOST /api/auth/logout [33m401[0m 0.302 ms - 101[0m
[0mPOST /api/auth/logout [33m401[0m 0.294 ms - 101[0m
[0mGET / [32m200[0m 6.357 ms - 21770[0m
[0mPOST /api/auth/logout [33m401[0m 0.189 ms - 101[0m
[0mPOST /api/auth/refresh [33m401[0m 0.302 ms - 101[0m
[0mGET / [0m-[0m - ms - -[0m
[0mGET / [0m-[0m - ms - -[0m
[0mGET / [32m200[0m 4.020 ms - 21770[0m
[0mPOST /api/auth/logout [33m401[0m 0.244 ms - 101[0m
[0mPOST /api/auth/logout [33m401[0m 0.197 ms - 101[0m
[0mPOST /api/auth/logout [33m401[0m 0.241 ms - 101[0m
[0mPOST /api/auth/logout [33m401[0m 0.229 ms - 101[0m
[0mPOST /api/auth/refresh [33m401[0m 0.351 ms - 101[0m
[0mPOST /api/auth/logout [33m401[0m 0.211 ms - 101[0m
[0mGET / [32m200[0m 1.628 ms - 21770[0m
[0mPOST /api/auth/logout [33m401[0m 0.218 ms - 101[0m
[0mGET / [32m200[0m 2.710 ms - 21770[0m
[0mPOST /api/auth/logout [33m401[0m 0.224 ms - 101[0m
[0mPOST /api/auth/logout [33m401[0m 0.229 ms - 101[0m
[0mPOST /api/auth/refresh [33m401[0m 0.516 ms - 101[0m
[0mGET / [32m200[0m 4.136 ms - 21770[0m
[0mPOST /api/auth/logout [33m401[0m 0.258 ms - 101[0m
[0mGET / [32m200[0m 2.925 ms - 21770[0m
[0mPOST /api/auth/logout [33m401[0m 0.283 ms - 101[0m
[0mPOST /api/auth/logout [33m401[0m 0.267 ms - 101[0m
[0mPOST /api/auth/logout [33m401[0m 0.255 ms - 101[0m
[0mGET / [0m-[0m - ms - -[0m
[0mPOST /api/auth/refresh [33m401[0m 0.272 ms - 101[0m
[0mGET / [0m-[0m - ms - -[0m
[0mPOST /api/auth/logout [33m401[0m 0.207 ms - 101[0m
[0mGET / [0m-[0m - ms - -[0m
[0mPOST /api/auth/logout [33m401[0m 0.175 ms - 101[0m
[0mGET / [0m-[0m - ms - -[0m
[0mPOST /api/auth/logout [33m401[0m 0.159 ms - 101[0m
[0mPOST /api/auth/logout [33m401[0m 0.173 ms - 101[0m
[0mPOST /api/auth/refresh [33m401[0m 0.287 ms - 101[0m
[0mGET / [0m-[0m - ms - -[0m
[0mPOST /api/auth/logout [33m401[0m 0.169 ms - 101[0m
[0mGET / [32m200[0m 2.112 ms - 21770[0m
[0mPOST /api/auth/logout [33m401[0m 0.173 ms - 101[0m
[0mPOST /api/auth/logout [33m401[0m 0.150 ms - 101[0m
[0mPOST /api/auth/logout [33m401[0m 0.164 ms - 101[0m
[0mGET / [32m200[0m 2.010 ms - 21770[0m
[0mPOST /api/auth/refresh [33m401[0m 0.303 ms - 101[0m
[0mGET / [32m200[0m 2.064 ms - 21770[0m
[0mPOST /api/auth/logout [33m401[0m 0.277 ms - 101[0m
[0mPOST /api/auth/logout [33m401[0m 0.218 ms - 101[0m
[0mGET / [32m200[0m 2.620 ms - 21770[0m
[0mPOST /api/auth/logout [33m401[0m 0.268 ms - 101[0m
[0mPOST /api/auth/logout [33m401[0m 0.156 ms - 101[0m
[0mGET / [0m-[0m - ms - -[0m
[0mPOST /api/auth/refresh [33m401[0m 0.280 ms - 101[0m
[0mGET / [0m-[0m - ms - -[0m
[0mPOST /api/auth/logout [33m401[0m 0.273 ms - 101[0m
[0mGET / [32m200[0m 4.729 ms - 21770[0m
[0mPOST /api/auth/logout [33m401[0m 0.175 ms - 101[0m
[0mPOST /api/auth/logout [33m401[0m 0.241 ms - 101[0m
[0mPOST /api/auth/logout [33m401[0m 0.236 ms - 101[0m
[0mGET / [0m-[0m - ms - -[0m
[0mPOST /api/auth/refresh [33m401[0m 0.264 ms - 101[0m
[0mGET / [32m200[0m 2.756 ms - 21770[0m
[0mPOST /api/auth/logout [33m401[0m 0.203 ms - 101[0m
[0mGET / [0m-[0m - ms - -[0m
[0mPOST /api/auth/logout [33m401[0m 0.238 ms - 101[0m
[0mPOST /api/auth/logout [33m401[0m 0.180 ms - 101[0m
[0mPOST /api/auth/logout [33m401[0m 0.178 ms - 101[0m
[0mPOST /api/auth/refresh [33m401[0m 0.264 ms - 101[0m
[0mGET / [0m-[0m - ms - -[0m
[0mGET / [0m-[0m - ms - -[0m
[0mPOST /api/auth/logout [33m401[0m 0.161 ms - 101[0m
[0mPOST /api/auth/logout [33m401[0m 0.147 ms - 101[0m
[0mGET / [32m200[0m 2.991 ms - 21770[0m
[0mPOST /api/auth/logout [33m401[0m 0.152 ms - 101[0m
[0mPOST /api/auth/logout [33m401[0m 0.124 ms - 101[0m
[0mPOST /api/auth/refresh [33m401[0m 0.234 ms - 101[0m
[0mGET / [0m-[0m - ms - -[0m
[0mGET / [32m200[0m 1.997 ms - 21770[0m
[0mPOST /api/auth/logout [33m401[0m 0.212 ms - 101[0m
[0mPOST /api/auth/logout [33m401[0m 0.134 ms - 101[0m
[0mPOST /api/auth/logout [33m401[0m 0.133 ms - 101[0m
[0mPOST /api/auth/logout [33m401[0m 0.149 ms - 101[0m
[0mGET / [0m-[0m - ms - -[0m
[0mPOST /api/auth/refresh [33m401[0m 0.282 ms - 101[0m
[0mGET / [32m200[0m 1.818 ms - 21770[0m
[0mPOST /api/auth/logout [33m401[0m 0.159 ms - 101[0m
[0mGET / [32m200[0m 1.972 ms - 21770[0m
[0mPOST /api/auth/logout [33m401[0m 0.145 ms - 101[0m
[0mPOST /api/auth/logout [33m401[0m 0.143 ms - 101[0m
[0mPOST /api/auth/logout [33m401[0m 0.143 ms - 101[0m
[0mGET / [32m200[0m 1.213 ms - 21770[0m
[0mPOST /api/auth/refresh [33m401[0m 0.314 ms - 101[0m
[0mGET / [32m200[0m 1.649 ms - 21770[0m
[0mPOST /api/auth/logout [33m401[0m 0.238 ms - 101[0m
[0mPOST /api/auth/logout [33m401[0m 0.173 ms - 101[0m
[0mPOST /api/auth/logout [33m401[0m 0.154 ms - 101[0m
[0mPOST /api/auth/logout [33m401[0m 0.150 ms - 101[0m
[0mGET / [32m200[0m 2.029 ms - 21770[0m
[0mPOST /api/auth/refresh [33m401[0m 0.305 ms - 101[0m
[0mGET / [0m-[0m - ms - -[0m
[0mGET / [32m200[0m 1.153 ms - 21770[0m
[0mPOST /api/auth/logout [33m401[0m 0.230 ms - 101[0m
[0mPOST /api/auth/logout [33m401[0m 0.215 ms - 101[0m
[0mPOST /api/auth/logout [33m401[0m 0.216 ms - 101[0m
[0mPOST /api/auth/logout [33m401[0m 0.165 ms - 101[0m
[0mGET / [0m-[0m - ms - -[0m
[0mPOST /api/auth/refresh [33m401[0m 0.280 ms - 101[0m
[0mGET / [0m-[0m - ms - -[0m
[0mPOST /api/auth/logout [33m401[0m 0.220 ms - 101[0m
[0mPOST /api/auth/logout [33m401[0m 0.178 ms - 101[0m
[0mPOST /api/auth/logout [33m401[0m 0.145 ms - 101[0m
[0mGET / [0m-[0m - ms - -[0m
[0mPOST /api/auth/logout [33m401[0m 0.152 ms - 101[0m
[0mPOST /api/auth/refresh [33m401[0m 0.258 ms - 101[0m
[0mGET / [32m200[0m 2.909 ms - 21770[0m
[0mPOST /api/auth/logout [33m401[0m 0.274 ms - 101[0m
[0mPOST /api/auth/logout [33m401[0m 0.275 ms - 101[0m
[0mPOST /api/auth/logout [33m401[0m 0.304 ms - 101[0m
[0mPOST /api/auth/logout [33m401[0m 0.254 ms - 101[0m
[0mPOST /api/auth/refresh [33m401[0m 0.437 ms - 101[0m
[0mGET / [0m-[0m - ms - -[0m
[0mPOST /api/auth/logout [33m401[0m 0.179 ms - 101[0m
[0mPOST /api/auth/logout [33m401[0m 0.154 ms - 101[0m
[0mGET / [32m200[0m 2.825 ms - 21770[0m
[0mPOST /api/auth/logout [33m401[0m 0.237 ms - 101[0m
[0mPOST /api/auth/logout [33m401[0m 0.230 ms - 101[0m
[0mPOST /api/auth/refresh [33m401[0m 0.389 ms - 101[0m
[0mGET / [0m-[0m - ms - -[0m
[0mGET / [32m200[0m 3.074 ms - 21770[0m
[0mPOST /api/auth/logout [33m401[0m 0.226 ms - 101[0m
[0mPOST /api/auth/logout [33m401[0m 0.233 ms - 101[0m
[0mPOST /api/auth/logout [33m401[0m 0.328 ms - 101[0m
[0mPOST /api/auth/logout [33m401[0m 0.239 ms - 101[0m
[0mGET / [0m-[0m - ms - -[0m
[0mPOST /api/auth/refresh [33m401[0m 0.363 ms - 101[0m
[0mPOST /api/auth/logout [33m401[0m 0.259 ms - 101[0m
[0mGET / [32m200[0m 3.443 ms - 21770[0m
[0mPOST /api/auth/logout [33m401[0m 0.259 ms - 101[0m
[0mPOST /api/auth/logout [33m401[0m 0.223 ms - 101[0m
[0mPOST /api/auth/logout [33m401[0m 0.201 ms - 101[0m
[0mGET / [0m-[0m - ms - -[0m
[0mPOST /api/auth/refresh [33m401[0m 0.404 ms - 101[0m
[0mGET / [32m200[0m 2.915 ms - 21770[0m
[0mPOST /api/auth/logout [33m401[0m 0.317 ms - 101[0m
[0mPOST /api/auth/logout [33m401[0m 0.208 ms - 101[0m
[0mPOST /api/auth/logout [33m401[0m 0.219 ms - 101[0m
[0mPOST /api/auth/logout [33m401[0m 0.256 ms - 101[0m
[0mPOST /api/auth/refresh [33m401[0m 0.399 ms - 101[0m
[0mGET / [0m-[0m - ms - -[0m
[0mPOST /api/auth/logout [33m401[0m 0.305 ms - 101[0m
[0mPOST /api/auth/logout [33m401[0m 0.278 ms - 101[0m
[0mGET / [32m200[0m 3.228 ms - 21770[0m
[0mPOST /api/auth/logout [33m401[0m 0.225 ms - 101[0m
[0mPOST /api/auth/logout [33m401[0m 0.180 ms - 101[0m
[0mPOST /api/auth/refresh [33m401[0m 0.322 ms - 101[0m
[0mGET / [0m-[0m - ms - -[0m
[0mPOST /api/auth/logout [33m401[0m 0.231 ms - 101[0m
[0mPOST /api/auth/logout [33m401[0m 0.209 ms - 101[0m
[0mGET / [32m200[0m 3.875 ms - 21770[0m
[0mPOST /api/auth/logout [33m401[0m 0.225 ms - 101[0m
[0mPOST /api/auth/logout [33m401[0m 0.202 ms - 101[0m
[0mPOST /api/auth/refresh [33m401[0m 0.334 ms - 101[0m
[0mGET / [0m-[0m - ms - -[0m
[0mGET / [32m200[0m 3.089 ms - 21770[0m
[0mPOST /api/auth/logout [33m401[0m 0.224 ms - 101[0m
[0mPOST /api/auth/logout [33m401[0m 0.207 ms - 101[0m
[0mPOST /api/auth/refresh [33m401[0m 0.395 ms - 101[0m
[0mPOST /api/auth/logout [33m401[0m 0.220 ms - 101[0m
[0mPOST /api/auth/logout [33m401[0m 0.238 ms - 101[0m
[0mGET / [0m-[0m - ms - -[0m
[0mPOST /api/auth/logout [33m401[0m 0.197 ms - 101[0m
[0mPOST /api/auth/logout [33m401[0m 0.191 ms - 101[0m
[0mPOST /api/auth/refresh [33m401[0m 0.349 ms - 101[0m
[0mGET / [32m200[0m 6.215 ms - 21770[0m
[0mPOST /api/auth/logout [33m401[0m 0.217 ms - 101[0m
[0mPOST /api/auth/logout [33m401[0m 0.197 ms - 101[0m
[0mPOST /api/auth/logout [33m401[0m 0.216 ms - 101[0m
[0mGET / [0m-[0m - ms - -[0m
[0mGET / [0m-[0m - ms - -[0m
[0mPOST /api/auth/refresh [33m401[0m 0.304 ms - 101[0m
[0mPOST /api/auth/logout [33m401[0m 0.137 ms - 101[0m
[0mGET / [0m-[0m - ms - -[0m
[0mPOST /api/auth/logout [33m401[0m 0.160 ms - 101[0m
[0mGET / [32m200[0m 3.649 ms - 21770[0m
[0mPOST /api/auth/logout [33m401[0m 0.159 ms - 101[0m
[0mPOST /api/auth/refresh [33m401[0m 0.242 ms - 101[0m
[0mPOST /api/auth/logout [33m401[0m 0.180 ms - 101[0m
[0mPOST /api/auth/logout [33m401[0m 0.164 ms - 101[0m
[0mGET / [0m-[0m - ms - -[0m
[0mGET / [0m-[0m - ms - -[0m
[0mGET / [32m200[0m 5.468 ms - 21770[0m
[0mPOST /api/auth/logout [33m401[0m 0.145 ms - 101[0m
[0mPOST /api/auth/logout [33m401[0m 0.125 ms - 101[0m
[0mGET / [0m-[0m - ms - -[0m
[0mGET / [0m-[0m - ms - -[0m
[0mGET / [0m-[0m - ms - -[0m
[0mGET / [0m-[0m - ms - -[0m
[0mGET / [0m-[0m - ms - -[0m
[0mGET / [0m-[0m - ms - -[0m
[0mGET / [0m-[0m - ms - -[0m
[0mGET / [0m-[0m - ms - -[0m
[0mGET / [0m-[0m - ms - -[0m
[0mGET / [0m-[0m - ms - -[0m
[0mGET / [0m-[0m - ms - -[0m
[0mGET / [0m-[0m - ms - -[0m
[0mGET / [0m-[0m - ms - -[0m
[0mGET / [0m-[0m - ms - -[0m
[0mGET / [0m-[0m - ms - -[0m
[0mGET / [0m-[0m - ms - -[0m
[0mGET / [0m-[0m - ms - -[0m
[0mGET / [0m-[0m - ms - -[0m
[0mGET / [0m-[0m - ms - -[0m
[0mGET / [0m-[0m - ms - -[0m
[0mGET / [0m-[0m - ms - -[0m
[0mGET / [0m-[0m - ms - -[0m
[0mGET / [0m-[0m - ms - -[0m
[0mGET / [0m-[0m - ms - -[0m
[0mGET / [0m-[0m - ms - -[0m
[0mGET / [0m-[0m - ms - -[0m
[0mGET / [0m-[0m - ms - -[0m
[0mGET / [0m-[0m - ms - -[0m
[0mGET / [0m-[0m - ms - -[0m
[0mGET / [0m-[0m - ms - -[0m
[0mPOST /api/auth/refresh [33m401[0m 0.386 ms - 101[0m
[0mGET / [0m-[0m - ms - -[0m
[0mGET / [0m-[0m - ms - -[0m
[0mGET / [0m-[0m - ms - -[0m
[0mGET / [0m-[0m - ms - -[0m
[0mGET / [0m-[0m - ms - -[0m
[0mGET / [0m-[0m - ms - -[0m
[0mGET / [0m-[0m - ms - -[0m
[0mGET / [0m-[0m - ms - -[0m
[0mGET / [0m-[0m - ms - -[0m
[0mGET / [0m-[0m - ms - -[0m
[0mGET / [0m-[0m - ms - -[0m
[0mGET / [0m-[0m - ms - -[0m
[0mGET / [0m-[0m - ms - -[0m
[0mGET / [0m-[0m - ms - -[0m
[0mGET / [0m-[0m - ms - -[0m
[0mGET / [0m-[0m - ms - -[0m
[0mGET / [0m-[0m - ms - -[0m
[0mGET / [0m-[0m - ms - -[0m
[0mGET / [0m-[0m - ms - -[0m
[0mGET / [0m-[0m - ms - -[0m
[0mGET / [0m-[0m - ms - -[0m
[0mGET / [0m-[0m - ms - -[0m
[0mGET / [32m200[0m 24.229 ms - 21770[0m
[0mPOST /api/auth/logout [33m401[0m 0.175 ms - 101[0m
[0mPOST /api/auth/logout [33m401[0m 0.146 ms - 101[0m
[0mPOST /api/auth/logout [33m401[0m 0.169 ms - 101[0m
[0mPOST /api/auth/logout [33m401[0m 0.143 ms - 101[0m
[0mGET / [0m-[0m - ms - -[0m
[0mPOST /api/auth/refresh [33m401[0m 0.265 ms - 101[0m
[0mGET / [32m200[0m 3.914 ms - 21770[0m
[0mPOST /api/auth/logout [33m401[0m 0.266 ms - 101[0m
[0mPOST /api/auth/logout [33m401[0m 0.202 ms - 101[0m
[0mGET / [0m-[0m - ms - -[0m
[0mPOST /api/auth/refresh [33m401[0m 0.313 ms - 101[0m
[0mPOST /api/auth/logout [33m401[0m 0.177 ms - 101[0m
[0mPOST /api/auth/logout [33m401[0m 0.190 ms - 101[0m
[0mGET / [32m200[0m 4.756 ms - 21770[0m
[0mPOST /api/auth/logout [33m401[0m 0.166 ms - 101[0m
[0mPOST /api/auth/logout [33m401[0m 0.135 ms - 101[0m
[0mPOST /api/auth/refresh [33m401[0m 0.246 ms - 101[0m
[0mPOST /api/auth/logout [33m401[0m 0.204 ms - 101[0m
[0mPOST /api/auth/logout [33m401[0m 0.157 ms - 101[0m
[0mPOST /api/auth/logout [33m401[0m 0.135 ms - 101[0m
[0mPOST /api/auth/logout [33m401[0m 0.152 ms - 101[0m
[0mPOST /api/auth/refresh [33m401[0m 0.252 ms - 101[0m
[0mGET / [32m200[0m 1.288 ms - 21770[0m
[0mPOST /api/auth/logout [33m401[0m 0.183 ms - 101[0m
[0mPOST /api/auth/logout [33m401[0m 0.185 ms - 101[0m
[0mPOST /api/auth/logout [33m401[0m 0.145 ms - 101[0m
[0mPOST /api/auth/logout [33m401[0m 0.178 ms - 101[0m
[0mGET / [0m-[0m - ms - -[0m
[0mPOST /api/auth/refresh [33m401[0m 0.384 ms - 101[0m
[0mGET / [32m200[0m 1.647 ms - 21770[0m
[0mPOST /api/auth/logout [33m401[0m 0.247 ms - 101[0m
[0mGET / [32m200[0m 3.088 ms - 21770[0m
[0mPOST /api/auth/logout [33m401[0m 0.252 ms - 101[0m
[0mPOST /api/auth/logout [33m401[0m 0.230 ms - 101[0m
[0mPOST /api/auth/logout [33m401[0m 0.149 ms - 101[0m
[0mPOST /api/auth/refresh [33m401[0m 0.459 ms - 101[0m
[0mGET / [0m-[0m - ms - -[0m
[0mGET / [32m200[0m 3.651 ms - 21770[0m
[0mPOST /api/auth/logout [33m401[0m 0.234 ms - 101[0m
[0mPOST /api/auth/logout [33m401[0m 0.234 ms - 101[0m
[0mPOST /api/auth/logout [33m401[0m 0.229 ms - 101[0m
[0mPOST /api/auth/logout [33m401[0m 0.270 ms - 101[0m
[0mPOST /api/auth/refresh [33m401[0m 0.396 ms - 101[0m
[0mGET / [0m-[0m - ms - -[0m
[0mGET / [32m200[0m 3.064 ms - 21770[0m
[0mPOST /api/auth/logout [33m401[0m 0.238 ms - 101[0m
[0mPOST /api/auth/logout [33m401[0m 0.217 ms - 101[0m
[0mPOST /api/auth/logout [33m401[0m 0.259 ms - 101[0m
[0mPOST /api/auth/logout [33m401[0m 0.204 ms - 101[0m
[0mGET / [0m-[0m - ms - -[0m
[0mPOST /api/auth/refresh [33m401[0m 0.332 ms - 101[0m
[0mGET / [0m-[0m - ms - -[0m
[0mPOST /api/auth/logout [33m401[0m 0.238 ms - 101[0m
[0mPOST /api/auth/logout [33m401[0m 0.206 ms - 101[0m
[0mPOST /api/auth/logout [33m401[0m 0.227 ms - 101[0m
[0mPOST /api/auth/refresh [33m401[0m 0.315 ms - 101[0m
[0mPOST /api/auth/logout [33m401[0m 0.203 ms - 101[0m
[0mGET / [0m-[0m - ms - -[0m
[0mPOST /api/auth/logout [33m401[0m 0.148 ms - 101[0m
[0mPOST /api/auth/logout [33m401[0m 0.150 ms - 101[0m
[0mGET / [0m-[0m - ms - -[0m
[0mGET / [0m-[0m - ms - -[0m
[0mGET / [32m200[0m 1.734 ms - 21770[0m
[0mPOST /api/auth/logout [33m401[0m 0.172 ms - 101[0m
[0mPOST /api/auth/refresh [33m401[0m 0.283 ms - 101[0m
[0mGET / [32m200[0m 1.613 ms - 21770[0m
[0mPOST /api/auth/logout [33m401[0m 0.218 ms - 101[0m
[0mPOST /api/auth/logout [33m401[0m 0.245 ms - 101[0m
[0mPOST /api/auth/logout [33m401[0m 0.162 ms - 101[0m
[0mPOST /api/auth/logout [33m401[0m 0.173 ms - 101[0m
[0mGET / [0m-[0m - ms - -[0m
[0mPOST /api/auth/refresh [33m401[0m 0.229 ms - 101[0m
[0mGET / [0m-[0m - ms - -[0m
[0mPOST /api/auth/logout [33m401[0m 0.148 ms - 101[0m
[0mPOST /api/auth/logout [33m401[0m 0.138 ms - 101[0m
[0mPOST /api/auth/logout [33m401[0m 0.129 ms - 101[0m
[0mGET / [32m200[0m 1.807 ms - 21770[0m
[0mPOST /api/auth/logout [33m401[0m 0.132 ms - 101[0m
[0mPOST /api/auth/refresh [33m401[0m 0.207 ms - 101[0m
[0mGET / [0m-[0m - ms - -[0m
[0mPOST /api/auth/logout [33m401[0m 0.143 ms - 101[0m
[0mGET / [32m200[0m 2.034 ms - 21770[0m
[0mPOST /api/auth/logout [33m401[0m 0.166 ms - 101[0m
[0mPOST /api/auth/logout [33m401[0m 0.145 ms - 101[0m
[0mPOST /api/auth/logout [33m401[0m 0.159 ms - 101[0m
[0mPOST /api/auth/refresh [33m401[0m 0.323 ms - 101[0m
[0mGET / [0m-[0m - ms - -[0m
[0mGET / [0m-[0m - ms - -[0m
[0mPOST /api/auth/logout [33m401[0m 0.194 ms - 101[0m
[0mPOST /api/auth/logout [33m401[0m 0.157 ms - 101[0m
[0mPOST /api/auth/logout [33m401[0m 0.152 ms - 101[0m
[0mGET / [32m200[0m 1.924 ms - 21770[0m
[0mPOST /api/auth/logout [33m401[0m 0.163 ms - 101[0m
[0mPOST /api/auth/refresh [33m401[0m 0.348 ms - 101[0m
[0mGET / [0m-[0m - ms - -[0m
[0mGET / [0m-[0m - ms - -[0m
[0mPOST /api/auth/logout [33m401[0m 0.172 ms - 101[0m
[0mPOST /api/auth/logout [33m401[0m 0.160 ms - 101[0m
[0mGET / [32m200[0m 3.271 ms - 21770[0m
[0mPOST /api/auth/logout [33m401[0m 0.175 ms - 101[0m
[0mPOST /api/auth/logout [33m401[0m 0.159 ms - 101[0m
[0mGET / [0m-[0m - ms - -[0m
[0mGET / [32m200[0m 2.432 ms - 21770[0m
[0mPOST /api/auth/refresh [33m401[0m 0.294 ms - 101[0m
[0mGET / [0m-[0m - ms - -[0m
[0mPOST /api/auth/logout [33m401[0m 0.178 ms - 101[0m
[0mGET / [32m200[0m 1.212 ms - 21770[0m
[0mPOST /api/auth/logout [33m401[0m 0.170 ms - 101[0m
[0mPOST /api/auth/logout [33m401[0m 0.197 ms - 101[0m
[0mPOST /api/auth/logout [33m401[0m 0.151 ms - 101[0m
[0mGET / [32m200[0m 1.527 ms - 21770[0m
[0mPOST /api/auth/refresh [33m401[0m 0.398 ms - 101[0m
[0mPOST /api/auth/logout [33m401[0m 0.238 ms - 101[0m
[0mPOST /api/auth/logout [33m401[0m 0.229 ms - 101[0m
[0mPOST /api/auth/logout [33m401[0m 0.179 ms - 101[0m
[0mPOST /api/auth/logout [33m401[0m 0.294 ms - 101[0m
[0mGET / [32m200[0m 3.947 ms - 21770[0m
[0mGET / [0m-[0m - ms - -[0m
[0mPOST /api/auth/refresh [33m401[0m 0.307 ms - 101[0m
[0mGET / [0m-[0m - ms - -[0m
[0mPOST /api/auth/logout [33m401[0m 0.169 ms - 101[0m
[0mGET / [32m200[0m 1.129 ms - 21770[0m
[0mPOST /api/auth/logout [33m401[0m 0.151 ms - 101[0m
[0mPOST /api/auth/logout [33m401[0m 0.131 ms - 101[0m
[0mPOST /api/auth/logout [33m401[0m 0.135 ms - 101[0m
[0mPOST /api/auth/refresh [33m401[0m 0.341 ms - 101[0m
[0mGET / [32m200[0m 1.230 ms - 21770[0m
[0mPOST /api/auth/logout [33m401[0m 0.179 ms - 101[0m
[0mPOST /api/auth/logout [33m401[0m 0.151 ms - 101[0m
[0mPOST /api/auth/logout [33m401[0m 0.155 ms - 101[0m
[0mPOST /api/auth/logout [33m401[0m 0.128 ms - 101[0m
[0mPOST /api/auth/refresh [33m401[0m 0.258 ms - 101[0m
[0mGET / [32m200[0m 2.112 ms - 21770[0m
[0mPOST /api/auth/logout [33m401[0m 0.183 ms - 101[0m
[0mGET / [32m200[0m 1.995 ms - 21770[0m
[0mPOST /api/auth/logout [33m401[0m 0.150 ms - 101[0m
[0mPOST /api/auth/logout [33m401[0m 0.136 ms - 101[0m
[0mPOST /api/auth/logout [33m401[0m 0.146 ms - 101[0m
[0mPOST /api/auth/refresh [33m401[0m 0.241 ms - 101[0m
[0mGET / [0m-[0m - ms - -[0m
[0mGET / [32m200[0m 1.146 ms - 21770[0m
[0mPOST /api/auth/logout [33m401[0m 0.166 ms - 101[0m
[0mPOST /api/auth/logout [33m401[0m 0.167 ms - 101[0m
[0mPOST /api/auth/logout [33m401[0m 0.135 ms - 101[0m
[0mGET / [32m200[0m 1.968 ms - 21770[0m
[0mPOST /api/auth/logout [33m401[0m 0.164 ms - 101[0m
[0mPOST /api/auth/refresh [33m401[0m 0.299 ms - 101[0m
[0mGET / [0m-[0m - ms - -[0m
[0mGET / [0m-[0m - ms - -[0m
[0mPOST /api/auth/logout [33m401[0m 0.177 ms - 101[0m
[0mPOST /api/auth/logout [33m401[0m 0.154 ms - 101[0m
[0mPOST /api/auth/logout [33m401[0m 0.137 ms - 101[0m
[0mGET / [32m200[0m 2.896 ms - 21770[0m
[0mPOST /api/auth/logout [33m401[0m 0.154 ms - 101[0m
[0mGET / [0m-[0m - ms - -[0m
[0mPOST /api/auth/refresh [33m401[0m 0.266 ms - 101[0m
[0mGET / [0m-[0m - ms - -[0m
[0mPOST /api/auth/logout [33m401[0m 0.240 ms - 101[0m
[0mPOST /api/auth/logout [33m401[0m 0.247 ms - 101[0m
[0mGET / [32m200[0m 2.788 ms - 21770[0m
[0mPOST /api/auth/logout [33m401[0m 0.190 ms - 101[0m
[0mPOST /api/auth/logout [33m401[0m 0.148 ms - 101[0m
[0mPOST /api/auth/refresh [33m401[0m 0.369 ms - 101[0m
[0mGET / [0m-[0m - ms - -[0m
[0mGET / [0m-[0m - ms - -[0m
[0mPOST /api/auth/logout [33m401[0m 0.258 ms - 101[0m
[0mPOST /api/auth/logout [33m401[0m 0.245 ms - 101[0m
[0mPOST /api/auth/logout [33m401[0m 0.229 ms - 101[0m
[0mPOST /api/auth/logout [33m401[0m 0.230 ms - 101[0m
[0mGET / [0m-[0m - ms - -[0m
[0mPOST /api/auth/refresh [33m401[0m 0.359 ms - 101[0m
[0mGET / [0m-[0m - ms - -[0m
[0mPOST /api/auth/logout [33m401[0m 0.266 ms - 101[0m
[0mPOST /api/auth/logout [33m401[0m 0.210 ms - 101[0m
[0mGET / [32m200[0m 4.607 ms - 21770[0m
[0mPOST /api/auth/refresh [33m401[0m 0.283 ms - 101[0m
[0mPOST /api/auth/logout [33m401[0m 0.145 ms - 101[0m
[0mPOST /api/auth/logout [33m401[0m 0.155 ms - 101[0m
[0mGET / [0m-[0m - ms - -[0m
[0mPOST /api/auth/logout [33m401[0m 0.149 ms - 101[0m
[0mGET / [0m-[0m - ms - -[0m
[0mPOST /api/auth/logout [33m401[0m 0.157 ms - 101[0m
[0mPOST /api/auth/refresh [33m401[0m 0.267 ms - 101[0m
[0mGET / [0m-[0m - ms - -[0m
[0mGET / [32m200[0m 2.571 ms - 21770[0m
[0mPOST /api/auth/logout [33m401[0m 0.215 ms - 101[0m
[0mPOST /api/auth/logout [33m401[0m 0.194 ms - 101[0m
[0mPOST /api/auth/logout [33m401[0m 0.171 ms - 101[0m
[0mPOST /api/auth/logout [33m401[0m 0.178 ms - 101[0m
[0mPOST /api/auth/refresh [33m401[0m 0.280 ms - 101[0m
[0mPOST /api/auth/logout [33m401[0m 0.186 ms - 101[0m
[0mPOST /api/auth/logout [33m401[0m 0.168 ms - 101[0m
[0mGET / [32m200[0m 2.042 ms - 21770[0m
[0mPOST /api/auth/logout [33m401[0m 0.183 ms - 101[0m
[0mPOST /api/auth/logout [33m401[0m 0.133 ms - 101[0m
[0mPOST /api/auth/refresh [33m401[0m 0.272 ms - 101[0m
[0mGET / [32m200[0m 1.358 ms - 21770[0m
[0mPOST /api/auth/logout [33m401[0m 0.184 ms - 101[0m
[0mPOST /api/auth/logout [33m401[0m 0.160 ms - 101[0m
[0mGET / [32m200[0m 1.190 ms - 21770[0m
[0mPOST /api/auth/logout [33m401[0m 0.249 ms - 101[0m
[0mPOST /api/auth/logout [33m401[0m 0.140 ms - 101[0m
[0mPOST /api/auth/refresh [33m401[0m 0.283 ms - 101[0m
[0mGET / [0m-[0m - ms - -[0m
[0mGET / [32m200[0m 2.400 ms - 21770[0m
[0mPOST /api/auth/logout [33m401[0m 0.255 ms - 101[0m
[0mPOST /api/auth/logout [33m401[0m 0.219 ms - 101[0m
[0mPOST /api/auth/logout [33m401[0m 0.215 ms - 101[0m
[0mPOST /api/auth/logout [33m401[0m 0.211 ms - 101[0m
[0mGET / [0m-[0m - ms - -[0m
[0mPOST /api/auth/refresh [33m401[0m 0.279 ms - 101[0m
[0mGET / [32m200[0m 2.986 ms - 21770[0m
[0mPOST /api/auth/logout [33m401[0m 0.156 ms - 101[0m
[0mGET / [32m200[0m 1.985 ms - 21770[0m
[0mPOST /api/auth/logout [33m401[0m 0.175 ms - 101[0m
[0mPOST /api/auth/logout [33m401[0m 0.134 ms - 101[0m
[0mPOST /api/auth/logout [33m401[0m 0.176 ms - 101[0m
[0mPOST /api/auth/refresh [33m401[0m 0.275 ms - 101[0m
[0mGET / [32m200[0m 1.677 ms - 21770[0m
[0mPOST /api/auth/logout [33m401[0m 0.296 ms - 101[0m
[0mPOST /api/auth/logout [33m401[0m 0.284 ms - 101[0m
[0mPOST /api/auth/logout [33m401[0m 0.254 ms - 101[0m
[0mGET / [32m200[0m 4.362 ms - 21770[0m
[0mPOST /api/auth/logout [33m401[0m 0.245 ms - 101[0m
[0mPOST /api/auth/refresh [33m401[0m 0.405 ms - 101[0m
[0mGET / [0m-[0m - ms - -[0m
[0mPOST /api/auth/logout [33m401[0m 0.261 ms - 101[0m
[0mPOST /api/auth/logout [33m401[0m 0.276 ms - 101[0m
[0mGET / [32m200[0m 4.848 ms - 21770[0m
[0mPOST /api/auth/logout [33m401[0m 0.257 ms - 101[0m
[0mPOST /api/auth/logout [33m401[0m 0.224 ms - 101[0m
[0mPOST /api/auth/refresh [33m401[0m 0.349 ms - 101[0m
[0mGET / [0m-[0m - ms - -[0m
[0mPOST /api/auth/logout [33m401[0m 0.243 ms - 101[0m
[0mGET / [32m200[0m 4.345 ms - 21770[0m
[0mPOST /api/auth/logout [33m401[0m 0.219 ms - 101[0m
[0mPOST /api/auth/logout [33m401[0m 0.169 ms - 101[0m
[0mGET / [0m-[0m - ms - -[0m
[0mGET / [0m-[0m - ms - -[0m
[0mGET / [32m200[0m 4.731 ms - 21770[0m
[0mPOST /api/auth/logout [33m401[0m 0.135 ms - 101[0m
[0mPOST /api/auth/refresh [33m401[0m 0.224 ms - 101[0m
[0mGET / [0m-[0m - ms - -[0m
[0mGET / [0m-[0m - ms - -[0m
[0mGET / [0m-[0m - ms - -[0m
[0mGET / [0m-[0m - ms - -[0m
[0mGET / [0m-[0m - ms - -[0m
[0mGET / [0m-[0m - ms - -[0m
[0mGET / [0m-[0m - ms - -[0m
[0mGET / [0m-[0m - ms - -[0m
[0mGET / [0m-[0m - ms - -[0m
[0mGET / [0m-[0m - ms - -[0m
[0mGET / [0m-[0m - ms - -[0m
[0mGET / [0m-[0m - ms - -[0m
[0mGET / [0m-[0m - ms - -[0m
[0mGET / [0m-[0m - ms - -[0m
[0mGET / [0m-[0m - ms - -[0m
[0mGET / [0m-[0m - ms - -[0m
[0mGET / [0m-[0m - ms - -[0m
[0mGET / [0m-[0m - ms - -[0m
[0mGET / [0m-[0m - ms - -[0m
[0mGET / [0m-[0m - ms - -[0m
[0mGET / [0m-[0m - ms - -[0m
[0mGET / [0m-[0m - ms - -[0m
[0mGET / [0m-[0m - ms - -[0m
[0mGET / [0m-[0m - ms - -[0m
[0mGET / [0m-[0m - ms - -[0m
[0mGET / [0m-[0m - ms - -[0m
[0mGET / [0m-[0m - ms - -[0m
[0mGET / [0m-[0m - ms - -[0m
[0mGET / [0m-[0m - ms - -[0m
[0mGET / [0m-[0m - ms - -[0m
[0mPOST /api/auth/logout [33m401[0m 0.159 ms - 101[0m
[0mPOST /api/auth/logout [33m401[0m 0.126 ms - 101[0m
[0mPOST /api/auth/logout [33m401[0m 0.149 ms - 101[0m
[0mPOST /api/auth/logout [33m401[0m 0.128 ms - 101[0m
[0mGET / [0m-[0m - ms - -[0m
[0mGET / [0m-[0m - ms - -[0m
[0mGET / [0m-[0m - ms - -[0m
[0mGET / [0m-[0m - ms - -[0m
[0mGET / [0m-[0m - ms - -[0m
[0mGET / [0m-[0m - ms - -[0m
[0mGET / [0m-[0m - ms - -[0m
[0mGET / [0m-[0m - ms - -[0m
[0mGET / [0m-[0m - ms - -[0m
[0mGET / [0m-[0m - ms - -[0m
[0mGET / [0m-[0m - ms - -[0m
[0mGET / [0m-[0m - ms - -[0m
[0mGET / [0m-[0m - ms - -[0m
[0mGET / [0m-[0m - ms - -[0m
[0mGET / [0m-[0m - ms - -[0m
[0mGET / [0m-[0m - ms - -[0m
[0mGET / [0m-[0m - ms - -[0m
[0mGET / [0m-[0m - ms - -[0m
[0mGET / [0m-[0m - ms - -[0m
[0mGET / [0m-[0m - ms - -[0m
[0mGET / [0m-[0m - ms - -[0m
[0mGET / [0m-[0m - ms - -[0m
[0mGET / [0m-[0m - ms - -[0m
[0mPOST /api/auth/refresh [33m401[0m 0.332 ms - 101[0m
[0mGET / [0m-[0m - ms - -[0m
[0mGET / [0m-[0m - ms - -[0m
[0mGET / [0m-[0m - ms - -[0m
[0mGET / [0m-[0m - ms - -[0m
[0mPOST /api/auth/logout [33m401[0m 0.196 ms - 101[0m
[0mPOST /api/auth/logout [33m401[0m 0.156 ms - 101[0m
[0mPOST /api/auth/logout [33m401[0m 0.188 ms - 101[0m
[0mPOST /api/auth/logout [33m401[0m 0.217 ms - 101[0m
[0mGET / [0m-[0m - ms - -[0m
[0mGET / [0m-[0m - ms - -[0m
[0mGET / [0m-[0m - ms - -[0m
[0mPOST /api/auth/refresh [33m401[0m 0.331 ms - 101[0m
[0mGET / [32m200[0m 6.432 ms - 21770[0m
[0mPOST /api/auth/logout [33m401[0m 0.160 ms - 101[0m
[0mPOST /api/auth/logout [33m401[0m 0.127 ms - 101[0m
[0mPOST /api/auth/logout [33m401[0m 0.134 ms - 101[0m
[0mPOST /api/auth/logout [33m401[0m 0.122 ms - 101[0m
[0mPOST /api/auth/refresh [33m401[0m 0.233 ms - 101[0m
[0mPOST /api/auth/logout [33m401[0m 0.163 ms - 101[0m
[0mGET / [32m200[0m 1.964 ms - 21770[0m
[0mPOST /api/auth/logout [33m401[0m 0.196 ms - 101[0m
[0mPOST /api/auth/logout [33m401[0m 0.180 ms - 101[0m
[0mPOST /api/auth/logout [33m401[0m 0.163 ms - 101[0m
[0mPOST /api/auth/refresh [33m401[0m 0.278 ms - 101[0m
[0mGET / [32m200[0m 2.042 ms - 21770[0m
[0mGET / [0m-[0m - ms - -[0m
[0mPOST /api/auth/logout [33m401[0m 0.285 ms - 101[0m
[0mPOST /api/auth/logout [33m401[0m 0.221 ms - 101[0m
[0mPOST /api/auth/logout [33m401[0m 0.205 ms - 101[0m
[0mPOST /api/auth/logout [33m401[0m 0.192 ms - 101[0m
[0mGET / [0m-[0m - ms - -[0m
[0mPOST /api/auth/refresh [33m401[0m 0.315 ms - 101[0m
[0mPOST /api/auth/logout [33m401[0m 0.273 ms - 101[0m
[0mGET / [32m200[0m 3.073 ms - 21770[0m
[0mPOST /api/auth/logout [33m401[0m 0.252 ms - 101[0m
[0mPOST /api/auth/logout [33m401[0m 0.205 ms - 101[0m
[0mPOST /api/auth/logout [33m401[0m 0.195 ms - 101[0m
[0mGET / [0m-[0m - ms - -[0m
[0mPOST /api/auth/refresh [33m401[0m 0.354 ms - 101[0m
[0mPOST /api/auth/logout [33m401[0m 0.234 ms - 101[0m
[0mPOST /api/auth/logout [33m401[0m 0.210 ms - 101[0m
[0mGET / [32m200[0m 2.964 ms - 21770[0m
[0mPOST /api/auth/refresh [33m401[0m 0.377 ms - 101[0m
[0mPOST /api/auth/logout [33m401[0m 0.237 ms - 101[0m
[0mPOST /api/auth/logout [33m401[0m 0.217 ms - 101[0m
[0mGET / [0m-[0m - ms - -[0m
[0mPOST /api/auth/logout [33m401[0m 0.230 ms - 101[0m
[0mPOST /api/auth/logout [33m401[0m 0.189 ms - 101[0m
[0mPOST /api/auth/refresh [33m401[0m 0.301 ms - 101[0m
[0mGET / [0m-[0m - ms - -[0m
[0mGET / [0m-[0m - ms - -[0m
[0mPOST /api/auth/logout [33m401[0m 0.259 ms - 101[0m
[0mPOST /api/auth/logout [33m401[0m 0.245 ms - 101[0m
[0mPOST /api/auth/logout [33m401[0m 0.210 ms - 101[0m
[0mPOST /api/auth/refresh [33m401[0m 0.305 ms - 101[0m
[0mPOST /api/auth/logout [33m401[0m 0.160 ms - 101[0m
[0mGET / [0m-[0m - ms - -[0m
[0mGET / [32m200[0m 3.375 ms - 21770[0m
[0mPOST /api/auth/logout [33m401[0m 0.169 ms - 101[0m
[0mPOST /api/auth/logout [33m401[0m 0.146 ms - 101[0m
[0mPOST /api/auth/logout [33m401[0m 0.128 ms - 101[0m
[0mPOST /api/auth/refresh [33m401[0m 0.246 ms - 101[0m
[0mGET / [0m-[0m - ms - -[0m
[0mGET / [0m-[0m - ms - -[0m
[0mPOST /api/auth/logout [33m401[0m 0.153 ms - 101[0m
[0mPOST /api/auth/logout [33m401[0m 0.248 ms - 101[0m
[0mPOST /api/auth/logout [33m401[0m 0.219 ms - 101[0m
[0mPOST /api/auth/logout [33m401[0m 0.200 ms - 101[0m
[0mGET / [0m-[0m - ms - -[0m
[0mPOST /api/auth/refresh [33m401[0m 0.357 ms - 101[0m
[0mGET / [0m-[0m - ms - -[0m
[0mPOST /api/auth/logout [33m401[0m 0.264 ms - 101[0m
[0mPOST /api/auth/logout [33m401[0m 0.168 ms - 101[0m
[0mPOST /api/auth/logout [33m401[0m 0.137 ms - 101[0m
[0mPOST /api/auth/logout [33m401[0m 0.148 ms - 101[0m
[0mPOST /api/auth/refresh [33m401[0m 0.284 ms - 101[0m
[0mGET / [0m-[0m - ms - -[0m
[0mGET / [0m-[0m - ms - -[0m
[0mGET / [0m-[0m - ms - -[0m
[0mPOST /api/auth/logout [33m401[0m 0.159 ms - 101[0m
[0mPOST /api/auth/logout [33m401[0m 0.140 ms - 101[0m
[0mPOST /api/auth/logout [33m401[0m 0.157 ms - 101[0m
[0mPOST /api/auth/refresh [33m401[0m 0.234 ms - 101[0m
[0mPOST /api/auth/logout [33m401[0m 0.120 ms - 101[0m
[0mGET / [0m-[0m - ms - -[0m
[0mGET / [0m-[0m - ms - -[0m
[0mPOST /api/auth/logout [33m401[0m 0.174 ms - 101[0m
[0mPOST /api/auth/logout [33m401[0m 0.136 ms - 101[0m
[0mPOST /api/auth/refresh [33m401[0m 0.245 ms - 101[0m
[0mPOST /api/auth/logout [33m401[0m 0.135 ms - 101[0m
[0mGET / [32m200[0m 1.809 ms - 21770[0m
[0mPOST /api/auth/logout [33m401[0m 0.147 ms - 101[0m
[0mPOST /api/auth/logout [33m401[0m 0.140 ms - 101[0m
[0mGET / [0m-[0m - ms - -[0m
[0mPOST /api/auth/refresh [33m401[0m 0.271 ms - 101[0m
[0mPOST /api/auth/logout [33m401[0m 0.163 ms - 101[0m
[0mPOST /api/auth/logout [33m401[0m 0.140 ms - 101[0m
[0mGET / [0m-[0m - ms - -[0m
[0mPOST /api/auth/logout [33m401[0m 0.149 ms - 101[0m
[0mPOST /api/auth/logout [33m401[0m 0.153 ms - 101[0m
[0mPOST /api/auth/refresh [33m401[0m 0.235 ms - 101[0m
[0mGET / [0m-[0m - ms - -[0m
[0mGET / [32m200[0m 2.081 ms - 21770[0m
[0mPOST /api/auth/logout [33m401[0m 0.170 ms - 101[0m
[0mPOST /api/auth/logout [33m401[0m 0.278 ms - 101[0m
[0mPOST /api/auth/logout [33m401[0m 0.190 ms - 101[0m
[0mPOST /api/auth/logout [33m401[0m 0.227 ms - 101[0m
[0mGET / [0m-[0m - ms - -[0m
[0mPOST /api/auth/refresh [33m401[0m 0.388 ms - 101[0m
[0mGET / [0m-[0m - ms - -[0m
[0mGET / [0m-[0m - ms - -[0m
[0mPOST /api/auth/logout [33m401[0m 0.272 ms - 101[0m
[0mPOST /api/auth/logout [33m401[0m 0.144 ms - 101[0m
[0mPOST /api/auth/logout [33m401[0m 0.131 ms - 101[0m
[0mPOST /api/auth/logout [33m401[0m 0.221 ms - 101[0m
[0mGET / [32m200[0m 2.744 ms - 21770[0m
[0mPOST /api/auth/refresh [33m401[0m 0.261 ms - 101[0m
[0mGET / [0m-[0m - ms - -[0m
[0mPOST /api/auth/logout [33m401[0m 0.204 ms - 101[0m
[0mGET / [32m200[0m 2.344 ms - 21770[0m
[0mPOST /api/auth/logout [33m401[0m 0.179 ms - 101[0m
[0mPOST /api/auth/logout [33m401[0m 0.121 ms - 101[0m
[0mPOST /api/auth/refresh [33m401[0m 0.247 ms - 101[0m
[0mPOST /api/auth/logout [33m401[0m 0.135 ms - 101[0m
[0mGET / [32m200[0m 2.635 ms - 21770[0m
[0mGET / [0m-[0m - ms - -[0m
[0mPOST /api/auth/logout [33m401[0m 0.172 ms - 101[0m
[0mPOST /api/auth/logout [33m401[0m 0.253 ms - 101[0m
[0mPOST /api/auth/refresh [33m401[0m 0.531 ms - 101[0m
[0mPOST /api/auth/logout [33m401[0m 0.230 ms - 101[0m
[0mGET / [0m-[0m - ms - -[0m
[0mGET / [0m-[0m - ms - -[0m
[0mPOST /api/auth/logout [33m401[0m 0.227 ms - 101[0m
[0mPOST /api/auth/logout [33m401[0m 0.191 ms - 101[0m
[0mGET / [32m200[0m 5.133 ms - 21770[0m
[0mPOST /api/auth/refresh [33m401[0m 0.275 ms - 101[0m
[0mPOST /api/auth/logout [33m401[0m 0.193 ms - 101[0m
[0mGET / [0m-[0m - ms - -[0m
[0mGET / [0m-[0m - ms - -[0m
[0mPOST /api/auth/logout [33m401[0m 0.160 ms - 101[0m
[0mGET / [0m-[0m - ms - -[0m
[0mPOST /api/auth/logout [33m401[0m 0.138 ms - 101[0m
[0mPOST /api/auth/logout [33m401[0m 0.143 ms - 101[0m
[0mPOST /api/auth/refresh [33m401[0m 0.295 ms - 101[0m
[0mGET / [0m-[0m - ms - -[0m
[0mGET / [0m-[0m - ms - -[0m
[0mPOST /api/auth/logout [33m401[0m 0.249 ms - 101[0m
[0mPOST /api/auth/logout [33m401[0m 0.194 ms - 101[0m
[0mPOST /api/auth/logout [33m401[0m 0.191 ms - 101[0m
[0mPOST /api/auth/logout [33m401[0m 0.173 ms - 101[0m
[0mGET / [32m200[0m 4.471 ms - 21770[0m
[0mPOST /api/auth/refresh [33m401[0m 0.310 ms - 101[0m
[0mGET / [32m200[0m 1.294 ms - 21770[0m
[0mPOST /api/auth/logout [33m401[0m 0.192 ms - 101[0m
[0mPOST /api/auth/logout [33m401[0m 0.191 ms - 101[0m
[0mPOST /api/auth/logout [33m401[0m 0.197 ms - 101[0m
[0mPOST /api/auth/logout [33m401[0m 0.209 ms - 101[0m
[0mPOST /api/auth/refresh [33m401[0m 0.238 ms - 101[0m
[0mGET / [0m-[0m - ms - -[0m
[0mPOST /api/auth/logout [33m401[0m 0.167 ms - 101[0m
[0mGET / [0m-[0m - ms - -[0m
[0mPOST /api/auth/logout [33m401[0m 0.169 ms - 101[0m
[0mPOST /api/auth/logout [33m401[0m 0.149 ms - 101[0m
[0mPOST /api/auth/logout [33m401[0m 0.172 ms - 101[0m
[0mGET / [32m200[0m 1.310 ms - 21770[0m
[0mPOST /api/auth/refresh [33m401[0m 0.340 ms - 101[0m
[0mGET / [0m-[0m - ms - -[0m
[0mPOST /api/auth/logout [33m401[0m 0.159 ms - 101[0m
[0mGET / [32m200[0m 2.186 ms - 21770[0m
[0mPOST /api/auth/logout [33m401[0m 0.177 ms - 101[0m
[0mPOST /api/auth/logout [33m401[0m 0.191 ms - 101[0m
[0mPOST /api/auth/logout [33m401[0m 0.238 ms - 101[0m
[0mPOST /api/auth/refresh [33m401[0m 0.326 ms - 101[0m
[0mGET / [32m200[0m 2.289 ms - 21770[0m
[0mPOST /api/auth/logout [33m401[0m 0.225 ms - 101[0m
[0mGET / [32m200[0m 2.775 ms - 21770[0m
[0mPOST /api/auth/logout [33m401[0m 0.223 ms - 101[0m
[0mPOST /api/auth/logout [33m401[0m 0.213 ms - 101[0m
[0mPOST /api/auth/logout [33m401[0m 0.223 ms - 101[0m
[0mPOST /api/auth/refresh [33m401[0m 0.354 ms - 101[0m
[0mGET / [0m-[0m - ms - -[0m
[0mGET / [0m-[0m - ms - -[0m
[0mPOST /api/auth/logout [33m401[0m 0.171 ms - 101[0m
[0mPOST /api/auth/logout [33m401[0m 0.143 ms - 101[0m
[0mPOST /api/auth/logout [33m401[0m 0.190 ms - 101[0m
[0mGET / [0m-[0m - ms - -[0m
[0mPOST /api/auth/refresh [33m401[0m 0.307 ms - 101[0m
[0mPOST /api/auth/logout [33m401[0m 0.148 ms - 101[0m
[0mGET / [0m-[0m - ms - -[0m
[0mPOST /api/auth/logout [33m401[0m 0.146 ms - 101[0m
[0mGET / [32m200[0m 2.812 ms - 21770[0m
[0mPOST /api/auth/logout [33m401[0m 0.140 ms - 101[0m
[0mPOST /api/auth/logout [33m401[0m 0.120 ms - 101[0m
[0mPOST /api/auth/refresh [33m401[0m 0.240 ms - 101[0m
[0mGET / [0m-[0m - ms - -[0m
[0mGET / [32m200[0m 2.250 ms - 21770[0m
[0mPOST /api/auth/logout [33m401[0m 0.156 ms - 101[0m
[0mPOST /api/auth/logout [33m401[0m 0.201 ms - 101[0m
[0mPOST /api/auth/logout [33m401[0m 0.165 ms - 101[0m
[0mGET / [32m200[0m 1.878 ms - 21770[0m
[0mPOST /api/auth/logout [33m401[0m 0.145 ms - 101[0m
[0mPOST /api/auth/refresh [33m401[0m 0.236 ms - 101[0m
[0mGET / [0m-[0m - ms - -[0m
[0mPOST /api/auth/logout [33m401[0m 0.142 ms - 101[0m
[0mGET / [32m200[0m 1.872 ms - 21770[0m
[0mPOST /api/auth/logout [33m401[0m 0.224 ms - 101[0m
[0mPOST /api/auth/logout [33m401[0m 0.182 ms - 101[0m
[0mPOST /api/auth/logout [33m401[0m 0.207 ms - 101[0m
[0mGET / [32m200[0m 2.514 ms - 21770[0m
[0mPOST /api/auth/refresh [33m401[0m 0.287 ms - 101[0m
[0mGET / [0m-[0m - ms - -[0m
[0mPOST /api/auth/logout [33m401[0m 0.231 ms - 101[0m
[0mGET / [32m200[0m 2.333 ms - 21770[0m
[0mPOST /api/auth/logout [33m401[0m 0.159 ms - 101[0m
[0mPOST /api/auth/logout [33m401[0m 0.131 ms - 101[0m
[0mPOST /api/auth/logout [33m401[0m 0.130 ms - 101[0m
[0mGET / [0m-[0m - ms - -[0m
[0mPOST /api/auth/refresh [33m401[0m 0.275 ms - 101[0m
[0mGET / [32m200[0m 1.153 ms - 21770[0m
[0mPOST /api/auth/logout [33m401[0m 0.209 ms - 101[0m
[0mGET / [32m200[0m 2.435 ms - 21770[0m
[0mPOST /api/auth/logout [33m401[0m 0.159 ms - 101[0m
[0mPOST /api/auth/logout [33m401[0m 0.136 ms - 101[0m
[0mPOST /api/auth/logout [33m401[0m 0.141 ms - 101[0m
[0mGET / [32m200[0m 1.275 ms - 21770[0m
[0mPOST /api/auth/refresh [33m401[0m 0.298 ms - 101[0m
[0mGET / [0m-[0m - ms - -[0m
[0mPOST /api/auth/logout [33m401[0m 0.233 ms - 101[0m
[0mPOST /api/auth/logout [33m401[0m 0.173 ms - 101[0m
[0mPOST /api/auth/logout [33m401[0m 0.175 ms - 101[0m
[0mGET / [32m200[0m 3.786 ms - 21770[0m
[0mPOST /api/auth/logout [33m401[0m 0.185 ms - 101[0m
[0mGET / [0m-[0m - ms - -[0m
[0mPOST /api/auth/refresh [33m401[0m 0.405 ms - 101[0m
[0mGET / [0m-[0m - ms - -[0m
[0mGET / [32m200[0m 3.116 ms - 21770[0m
[0mPOST /api/auth/logout [33m401[0m 0.201 ms - 101[0m
[0mPOST /api/auth/logout [33m401[0m 0.203 ms - 101[0m
[0mPOST /api/auth/logout [33m401[0m 0.171 ms - 101[0m
[0mPOST /api/auth/logout [33m401[0m 0.163 ms - 101[0m
[0mGET / [0m-[0m - ms - -[0m
[0mPOST /api/auth/refresh [33m401[0m 0.358 ms - 101[0m
[0mGET / [32m200[0m 4.386 ms - 21770[0m
[0mGET / [0m-[0m - ms - -[0m
[0mGET / [0m-[0m - ms - -[0m
[0mGET / [0m-[0m - ms - -[0m
[0mGET / [0m-[0m - ms - -[0m
[0mGET / [0m-[0m - ms - -[0m
[0mGET / [0m-[0m - ms - -[0m
[0mGET / [0m-[0m - ms - -[0m
[0mGET / [0m-[0m - ms - -[0m
[0mGET / [0m-[0m - ms - -[0m
[0mGET / [0m-[0m - ms - -[0m
[0mGET / [0m-[0m - ms - -[0m
[0mGET / [0m-[0m - ms - -[0m
[0mGET / [0m-[0m - ms - -[0m
[0mGET / [0m-[0m - ms - -[0m
[0mGET / [0m-[0m - ms - -[0m
[0mGET / [0m-[0m - ms - -[0m
[0mGET / [0m-[0m - ms - -[0m
[0mGET / [0m-[0m - ms - -[0m
[0mGET / [0m-[0m - ms - -[0m
[0mGET / [0m-[0m - ms - -[0m
[0mGET / [0m-[0m - ms - -[0m
[0mGET / [0m-[0m - ms - -[0m
[0mGET / [0m-[0m - ms - -[0m
[0mGET / [0m-[0m - ms - -[0m
[0mGET / [0m-[0m - ms - -[0m
[0mGET / [0m-[0m - ms - -[0m
[0mGET / [0m-[0m - ms - -[0m
[0mGET / [0m-[0m - ms - -[0m
[0mGET / [0m-[0m - ms - -[0m
[0mGET / [0m-[0m - ms - -[0m
[0mGET / [0m-[0m - ms - -[0m
[0mGET / [0m-[0m - ms - -[0m
[0mPOST /api/auth/logout [33m401[0m 0.186 ms - 101[0m
[0mPOST /api/auth/logout [33m401[0m 0.127 ms - 101[0m
[0mPOST /api/auth/logout [33m401[0m 0.114 ms - 101[0m
[0mPOST /api/auth/logout [33m401[0m 0.124 ms - 101[0m
[0mGET / [0m-[0m - ms - -[0m
[0mGET / [0m-[0m - ms - -[0m
[0mGET / [0m-[0m - ms - -[0m
[0mGET / [0m-[0m - ms - -[0m
[0mGET / [0m-[0m - ms - -[0m
[0mGET / [0m-[0m - ms - -[0m
[0mGET / [0m-[0m - ms - -[0m
[0mGET / [0m-[0m - ms - -[0m
[0mGET / [0m-[0m - ms - -[0m
[0mGET / [0m-[0m - ms - -[0m
[0mGET / [0m-[0m - ms - -[0m
[0mGET / [0m-[0m - ms - -[0m
[0mGET / [0m-[0m - ms - -[0m
[0mGET / [0m-[0m - ms - -[0m
[0mGET / [0m-[0m - ms - -[0m
[0mGET / [0m-[0m - ms - -[0m
[0mPOST /api/auth/refresh [33m401[0m 0.254 ms - 101[0m
[0mGET / [32m200[0m 16.839 ms - 21770[0m
[0mGET / [0m-[0m - ms - -[0m
[0mGET / [0m-[0m - ms - -[0m
[0mPOST /api/auth/logout [33m401[0m 0.147 ms - 101[0m
[0mPOST /api/auth/logout [33m401[0m 0.142 ms - 101[0m
[0mPOST /api/auth/logout [33m401[0m 0.134 ms - 101[0m
[0mPOST /api/auth/logout [33m401[0m 0.141 ms - 101[0m
[0mGET / [0m-[0m - ms - -[0m
[0mGET / [0m-[0m - ms - -[0m
[0mPOST /api/auth/refresh [33m401[0m 0.276 ms - 101[0m
[0mGET / [32m200[0m 3.882 ms - 21770[0m
[0mGET / [0m-[0m - ms - -[0m
[0mPOST /api/auth/logout [33m401[0m 0.172 ms - 101[0m
[0mPOST /api/auth/logout [33m401[0m 0.176 ms - 101[0m
[0mPOST /api/auth/logout [33m401[0m 0.164 ms - 101[0m
[0mPOST /api/auth/refresh [33m401[0m 0.222 ms - 101[0m
[0mPOST /api/auth/logout [33m401[0m 0.126 ms - 101[0m
[0mPOST /api/auth/logout [33m401[0m 0.167 ms - 101[0m
[0mGET / [32m200[0m 1.982 ms - 21770[0m
[0mPOST /api/auth/logout [33m401[0m 0.154 ms - 101[0m
[0mPOST /api/auth/logout [33m401[0m 0.129 ms - 101[0m
[0mPOST /api/auth/logout [33m401[0m 0.116 ms - 101[0m
[0mPOST /api/auth/refresh [33m401[0m 0.243 ms - 101[0m
[0mGET / [0m-[0m - ms - -[0m
[0mGET / [32m200[0m 1.017 ms - 21770[0m
[0mPOST /api/auth/logout [33m401[0m 0.150 ms - 101[0m
[0mPOST /api/auth/logout [33m401[0m 0.194 ms - 101[0m
[0mPOST /api/auth/logout [33m401[0m 0.126 ms - 101[0m
[0mPOST /api/auth/logout [33m401[0m 0.128 ms - 101[0m
[0mGET / [32m200[0m 1.760 ms - 21770[0m
[0mPOST /api/auth/refresh [33m401[0m 0.264 ms - 101[0m
[0mGET / [32m200[0m 1.183 ms - 21770[0m
[0mPOST /api/auth/logout [33m401[0m 0.174 ms - 101[0m
[0mPOST /api/auth/logout [33m401[0m 0.153 ms - 101[0m
[0mPOST /api/auth/logout [33m401[0m 0.133 ms - 101[0m
[0mGET / [32m200[0m 1.764 ms - 21770[0m
[0mPOST /api/auth/logout [33m401[0m 0.151 ms - 101[0m
[0mPOST /api/auth/refresh [33m401[0m 0.243 ms - 101[0m
[0mGET / [32m200[0m 1.881 ms - 21770[0m
[0mPOST /api/auth/logout [33m401[0m 0.149 ms - 101[0m
[0mGET / [32m200[0m 2.004 ms - 21770[0m
[0mPOST /api/auth/logout [33m401[0m 0.146 ms - 101[0m
[0mPOST /api/auth/logout [33m401[0m 0.128 ms - 101[0m
[0mPOST /api/auth/logout [33m401[0m 0.132 ms - 101[0m
[0mGET / [0m-[0m - ms - -[0m
[0mPOST /api/auth/refresh [33m401[0m 0.275 ms - 101[0m
[0mGET / [32m200[0m 1.137 ms - 21770[0m
[0mPOST /api/auth/logout [33m401[0m 0.171 ms - 101[0m
[0mPOST /api/auth/logout [33m401[0m 0.136 ms - 101[0m
[0mPOST /api/auth/logout [33m401[0m 0.139 ms - 101[0m
[0mPOST /api/auth/logout [33m401[0m 0.140 ms - 101[0m
[0mGET / [0m-[0m - ms - -[0m
[0mPOST /api/auth/refresh [33m401[0m 0.254 ms - 101[0m
[0mGET / [32m200[0m 2.261 ms - 21770[0m
[0mPOST /api/auth/logout [33m401[0m 0.165 ms - 101[0m
[0mPOST /api/auth/logout [33m401[0m 0.149 ms - 101[0m
[0mPOST /api/auth/logout [33m401[0m 0.180 ms - 101[0m
[0mPOST /api/auth/logout [33m401[0m 0.174 ms - 101[0m
[0mGET / [32m200[0m 2.989 ms - 21770[0m
[0mPOST /api/auth/refresh [33m401[0m 0.362 ms - 101[0m
[0mGET / [0m-[0m - ms - -[0m
[0mPOST /api/auth/logout [33m401[0m 0.172 ms - 101[0m
[0mGET / [32m200[0m 2.242 ms - 21770[0m
[0mPOST /api/auth/logout [33m401[0m 0.245 ms - 101[0m
[0mPOST /api/auth/logout [33m401[0m 0.207 ms - 101[0m
[0mPOST /api/auth/logout [33m401[0m 0.180 ms - 101[0m
[0mGET / [0m-[0m - ms - -[0m
[0mPOST /api/auth/refresh [33m401[0m 0.295 ms - 101[0m
[0mGET / [0m-[0m - ms - -[0m
[0mPOST /api/auth/logout [33m401[0m 0.270 ms - 101[0m
[0mGET / [0m-[0m - ms - -[0m
[0mPOST /api/auth/logout [33m401[0m 0.153 ms - 101[0m
[0mPOST /api/auth/logout [33m401[0m 0.153 ms - 101[0m
[0mPOST /api/auth/logout [33m401[0m 0.119 ms - 101[0m
[0mGET / [0m-[0m - ms - -[0m
[0mGET / [32m200[0m 1.931 ms - 21770[0m
[0mPOST /api/auth/refresh [33m401[0m 0.253 ms - 101[0m
[0mGET / [0m-[0m - ms - -[0m
[0mGET / [32m200[0m 2.206 ms - 21770[0m
[0mPOST /api/auth/logout [33m401[0m 0.157 ms - 101[0m
[0mPOST /api/auth/logout [33m401[0m 0.139 ms - 101[0m
[0mPOST /api/auth/logout [33m401[0m 0.191 ms - 101[0m
[0mGET / [32m200[0m 3.537 ms - 21770[0m
[0mPOST /api/auth/logout [33m401[0m 0.204 ms - 101[0m
[0mPOST /api/auth/refresh [33m401[0m 0.360 ms - 101[0m
[0mGET / [32m200[0m 1.200 ms - 21770[0m
[0mPOST /api/auth/logout [33m401[0m 0.186 ms - 101[0m
[0mPOST /api/auth/logout [33m401[0m 0.195 ms - 101[0m
[0mPOST /api/auth/logout [33m401[0m 0.167 ms - 101[0m
[0mPOST /api/auth/logout [33m401[0m 0.130 ms - 101[0m
[0mPOST /api/auth/refresh [33m401[0m 0.242 ms - 101[0m
[0mGET / [32m200[0m 1.056 ms - 21770[0m
[0mPOST /api/auth/logout [33m401[0m 0.151 ms - 101[0m
[0mGET / [32m200[0m 1.224 ms - 21770[0m
[0mPOST /api/auth/logout [33m401[0m 0.160 ms - 101[0m
[0mPOST /api/auth/logout [33m401[0m 0.218 ms - 101[0m
[0mPOST /api/auth/logout [33m401[0m 0.199 ms - 101[0m
[0mPOST /api/auth/refresh [33m401[0m 0.399 ms - 101[0m
[0mGET / [0m-[0m - ms - -[0m
[0mPOST /api/auth/logout [33m401[0m 0.153 ms - 101[0m
[0mGET / [32m200[0m 1.914 ms - 21770[0m
[0mPOST /api/auth/logout [33m401[0m 0.147 ms - 101[0m
[0mPOST /api/auth/logout [33m401[0m 0.140 ms - 101[0m
[0mPOST /api/auth/logout [33m401[0m 0.144 ms - 101[0m
[0mPOST /api/auth/refresh [33m401[0m 0.220 ms - 101[0m
[0mGET / [0m-[0m - ms - -[0m
[0mGET / [32m200[0m 1.920 ms - 21770[0m
[0mPOST /api/auth/logout [33m401[0m 0.216 ms - 101[0m
[0mPOST /api/auth/logout [33m401[0m 0.152 ms - 101[0m
[0mPOST /api/auth/logout [33m401[0m 0.159 ms - 101[0m
[0mPOST /api/auth/logout [33m401[0m 0.169 ms - 101[0m
[0mGET / [0m-[0m - ms - -[0m
[0mPOST /api/auth/refresh [33m401[0m 0.373 ms - 101[0m
[0mGET / [0m-[0m - ms - -[0m
[0mGET / [0m-[0m - ms - -[0m
[0mPOST /api/auth/logout [33m401[0m 0.171 ms - 101[0m
[0mGET / [32m200[0m 3.082 ms - 21770[0m
[0mPOST /api/auth/logout [33m401[0m 0.142 ms - 101[0m
[0mPOST /api/auth/logout [33m401[0m 0.144 ms - 101[0m
[0mPOST /api/auth/logout [33m401[0m 0.219 ms - 101[0m
[0mGET / [0m-[0m - ms - -[0m
[0mPOST /api/auth/refresh [33m401[0m 0.313 ms - 101[0m
[0mGET / [32m200[0m 2.892 ms - 21770[0m
[0mPOST /api/auth/logout [33m401[0m 0.182 ms - 101[0m
[0mPOST /api/auth/logout [33m401[0m 0.133 ms - 101[0m
[0mPOST /api/auth/logout [33m401[0m 0.114 ms - 101[0m
[0mGET / [32m200[0m 1.660 ms - 21770[0m
[0mPOST /api/auth/logout [33m401[0m 0.152 ms - 101[0m
[0mPOST /api/auth/refresh [33m401[0m 0.227 ms - 101[0m
[0mGET / [32m200[0m 1.102 ms - 21770[0m
[0mPOST /api/auth/logout [33m401[0m 0.176 ms - 101[0m
[0mPOST /api/auth/logout [33m401[0m 0.158 ms - 101[0m
[0mPOST /api/auth/logout [33m401[0m 0.134 ms - 101[0m
[0mPOST /api/auth/logout [33m401[0m 0.141 ms - 101[0m
[0mGET / [32m200[0m 2.455 ms - 21770[0m
[0mPOST /api/auth/refresh [33m401[0m 0.328 ms - 101[0m
[0mGET / [32m200[0m 2.188 ms - 21770[0m
[0mPOST /api/auth/logout [33m401[0m 0.202 ms - 101[0m
[0mPOST /api/auth/logout [33m401[0m 0.179 ms - 101[0m
[0mPOST /api/auth/logout [33m401[0m 0.179 ms - 101[0m
[0mPOST /api/auth/logout [33m401[0m 0.149 ms - 101[0m
[0mGET / [32m200[0m 1.962 ms - 21770[0m
[0mGET / [0m-[0m - ms - -[0m
[0mPOST /api/auth/refresh [33m401[0m 0.279 ms - 101[0m
[0mGET / [0m-[0m - ms - -[0m
[0mPOST /api/auth/logout [33m401[0m 0.189 ms - 101[0m
[0mPOST /api/auth/logout [33m401[0m 0.150 ms - 101[0m
[0mGET / [32m200[0m 2.005 ms - 21770[0m
[0mPOST /api/auth/logout [33m401[0m 0.141 ms - 101[0m
[0mPOST /api/auth/logout [33m401[0m 0.131 ms - 101[0m
[0mPOST /api/auth/refresh [33m401[0m 0.234 ms - 101[0m
[0mGET / [32m200[0m 1.932 ms - 21770[0m
[0mPOST /api/auth/logout [33m401[0m 0.223 ms - 101[0m
[0mGET / [32m200[0m 2.739 ms - 21770[0m
[0mPOST /api/auth/logout [33m401[0m 0.216 ms - 101[0m
[0mPOST /api/auth/logout [33m401[0m 0.145 ms - 101[0m
[0mPOST /api/auth/logout [33m401[0m 0.139 ms - 101[0m
[0mGET / [0m-[0m - ms - -[0m
[0mPOST /api/auth/refresh [33m401[0m 0.256 ms - 101[0m
[0mGET / [32m200[0m 2.974 ms - 21770[0m
[0mGET / [0m-[0m - ms - -[0m
[0mPOST /api/auth/logout [33m401[0m 0.195 ms - 101[0m
[0mPOST /api/auth/logout [33m401[0m 0.171 ms - 101[0m
[0mGET / [0m-[0m - ms - -[0m
[0mPOST /api/auth/refresh [33m401[0m 0.283 ms - 101[0m
[0mPOST /api/auth/logout [33m401[0m 0.189 ms - 101[0m
[0mPOST /api/auth/logout [33m401[0m 0.191 ms - 101[0m
[0mPOST /api/auth/logout [33m401[0m 0.226 ms - 101[0m
[0mPOST /api/auth/logout [33m401[0m 0.207 ms - 101[0m
[0mGET / [32m200[0m 3.862 ms - 21770[0m
[0mPOST /api/auth/refresh [33m401[0m 0.366 ms - 101[0m
[0mGET / [32m200[0m 1.615 ms - 21770[0m
[0mPOST /api/auth/logout [33m401[0m 0.221 ms - 101[0m
[0mPOST /api/auth/logout [33m401[0m 0.179 ms - 101[0m
[0mPOST /api/auth/logout [33m401[0m 0.171 ms - 101[0m
[0mPOST /api/auth/logout [33m401[0m 0.195 ms - 101[0m
[0mGET / [32m200[0m 1.094 ms - 21770[0m
[0mPOST /api/auth/refresh [33m401[0m 0.431 ms - 101[0m
[0mGET / [32m200[0m 1.291 ms - 21770[0m
[0mPOST /api/auth/logout [33m401[0m 0.199 ms - 101[0m
[0mPOST /api/auth/logout [33m401[0m 0.253 ms - 101[0m
[0mGET / [32m200[0m 2.500 ms - 21770[0m
[0mPOST /api/auth/logout [33m401[0m 0.161 ms - 101[0m
[0mPOST /api/auth/logout [33m401[0m 0.201 ms - 101[0m
[0mPOST /api/auth/refresh [33m401[0m 0.258 ms - 101[0m
[0mGET / [0m-[0m - ms - -[0m
[0mPOST /api/auth/logout [33m401[0m 0.145 ms - 101[0m
[0mGET / [32m200[0m 2.048 ms - 21770[0m
[0mPOST /api/auth/logout [33m401[0m 0.148 ms - 101[0m
[0mPOST /api/auth/logout [33m401[0m 0.153 ms - 101[0m
[0mPOST /api/auth/logout [33m401[0m 0.197 ms - 101[0m
[0mPOST /api/auth/refresh [33m401[0m 0.339 ms - 101[0m
[0mGET / [0m-[0m - ms - -[0m
[0mGET / [32m200[0m 1.715 ms - 21770[0m
[0mPOST /api/auth/logout [33m401[0m 0.246 ms - 101[0m
[0mPOST /api/auth/logout [33m401[0m 0.250 ms - 101[0m
[0mPOST /api/auth/logout [33m401[0m 0.196 ms - 101[0m
[0mPOST /api/auth/logout [33m401[0m 0.176 ms - 101[0m
[0mGET / [32m200[0m 3.419 ms - 21770[0m
[0mPOST /api/auth/refresh [33m401[0m 0.342 ms - 101[0m
[0mGET / [32m200[0m 1.188 ms - 21770[0m
[0mPOST /api/auth/logout [33m401[0m 0.183 ms - 101[0m
[0mPOST /api/auth/logout [33m401[0m 0.138 ms - 101[0m
[0mPOST /api/auth/logout [33m401[0m 0.152 ms - 101[0m
[0mPOST /api/auth/logout [33m401[0m 0.160 ms - 101[0m
[0mGET / [0m-[0m - ms - -[0m
[0mPOST /api/auth/refresh [33m401[0m 0.263 ms - 101[0m
[0mGET / [32m200[0m 1.932 ms - 21770[0m
[0mPOST /api/auth/logout [33m401[0m 0.160 ms - 101[0m
[0mPOST /api/auth/logout [33m401[0m 0.194 ms - 101[0m
[0mPOST /api/auth/logout [33m401[0m 0.164 ms - 101[0m
[0mPOST /api/auth/logout [33m401[0m 0.144 ms - 101[0m
[0mGET / [32m200[0m 1.265 ms - 21770[0m
[0mPOST /api/auth/refresh [33m401[0m 0.305 ms - 101[0m
[0mGET / [32m200[0m 2.209 ms - 21770[0m
[0mPOST /api/auth/logout [33m401[0m 0.188 ms - 101[0m
[0mPOST /api/auth/logout [33m401[0m 0.176 ms - 101[0m
[0mGET / [32m200[0m 3.660 ms - 21770[0m
[0mPOST /api/auth/logout [33m401[0m 0.223 ms - 101[0m
[0mPOST /api/auth/logout [33m401[0m 0.155 ms - 101[0m
[0mPOST /api/auth/refresh [33m401[0m 0.247 ms - 101[0m
[0mGET / [32m200[0m 3.226 ms - 21770[0m
[0mPOST /api/auth/logout [33m401[0m 0.236 ms - 101[0m
[0mGET / [0m-[0m - ms - -[0m
[0mPOST /api/auth/logout [33m401[0m 0.273 ms - 101[0m
[0mPOST /api/auth/logout [33m401[0m 0.239 ms - 101[0m
[0mPOST /api/auth/logout [33m401[0m 0.186 ms - 101[0m
[0mPOST /api/auth/refresh [33m401[0m 0.346 ms - 101[0m
[0mGET / [0m-[0m - ms - -[0m
[0mGET / [0m-[0m - ms - -[0m
[0mPOST /api/auth/logout [33m401[0m 0.149 ms - 101[0m
[0mPOST /api/auth/logout [33m401[0m 0.125 ms - 101[0m
[0mGET / [32m200[0m 2.684 ms - 21770[0m
[0mPOST /api/auth/logout [33m401[0m 0.167 ms - 101[0m
[0mPOST /api/auth/logout [33m401[0m 0.129 ms - 101[0m
[0mPOST /api/auth/refresh [33m401[0m 0.228 ms - 101[0m
[0mGET / [0m-[0m - ms - -[0m
[0mGET / [0m-[0m - ms - -[0m
[0mPOST /api/auth/logout [33m401[0m 0.148 ms - 101[0m
[0mPOST /api/auth/logout [33m401[0m 0.142 ms - 101[0m
[0mPOST /api/auth/logout [33m401[0m 0.181 ms - 101[0m
[0mGET / [0m-[0m - ms - -[0m
[0mPOST /api/auth/logout [33m401[0m 0.169 ms - 101[0m
[0mPOST /api/auth/refresh [33m401[0m 0.264 ms - 101[0m
[0mGET / [0m-[0m - ms - -[0m
[0mGET / [0m-[0m - ms - -[0m
[0mGET / [0m-[0m - ms - -[0m
[0mGET / [0m-[0m - ms - -[0m
[0mGET / [0m-[0m - ms - -[0m
[0mGET / [0m-[0m - ms - -[0m
[0mGET / [0m-[0m - ms - -[0m
[0mGET / [0m-[0m - ms - -[0m
[0mGET / [0m-[0m - ms - -[0m
[0mGET / [0m-[0m - ms - -[0m
[0mGET / [0m-[0m - ms - -[0m
[0mGET / [0m-[0m - ms - -[0m
[0mGET / [0m-[0m - ms - -[0m
[0mGET / [0m-[0m - ms - -[0m
[0mGET / [0m-[0m - ms - -[0m
[0mGET / [0m-[0m - ms - -[0m
[0mGET / [0m-[0m - ms - -[0m
[0mGET / [0m-[0m - ms - -[0m
[0mGET / [0m-[0m - ms - -[0m
[0mGET / [0m-[0m - ms - -[0m
[0mGET / [0m-[0m - ms - -[0m
[0mGET / [0m-[0m - ms - -[0m
[0mGET / [0m-[0m - ms - -[0m
[0mGET / [0m-[0m - ms - -[0m
[0mGET / [0m-[0m - ms - -[0m
[0mGET / [0m-[0m - ms - -[0m
[0mGET / [0m-[0m - ms - -[0m
[0mGET / [0m-[0m - ms - -[0m
[0mGET / [0m-[0m - ms - -[0m
[0mGET / [0m-[0m - ms - -[0m
[0mGET / [0m-[0m - ms - -[0m
[0mPOST /api/auth/logout [33m401[0m 0.136 ms - 101[0m
[0mPOST /api/auth/logout [33m401[0m 0.123 ms - 101[0m
[0mPOST /api/auth/logout [33m401[0m 0.123 ms - 101[0m
[0mPOST /api/auth/logout [33m401[0m 0.159 ms - 101[0m
[0mGET / [0m-[0m - ms - -[0m
[0mGET / [0m-[0m - ms - -[0m
[0mGET / [0m-[0m - ms - -[0m
[0mGET / [0m-[0m - ms - -[0m
[0mGET / [0m-[0m - ms - -[0m
[0mGET / [0m-[0m - ms - -[0m
[0mGET / [0m-[0m - ms - -[0m
[0mGET / [0m-[0m - ms - -[0m
[0mGET / [0m-[0m - ms - -[0m
[0mGET / [0m-[0m - ms - -[0m
[0mGET / [0m-[0m - ms - -[0m
[0mGET / [0m-[0m - ms - -[0m
[0mGET / [0m-[0m - ms - -[0m
[0mGET / [0m-[0m - ms - -[0m
[0mGET / [0m-[0m - ms - -[0m
[0mGET / [0m-[0m - ms - -[0m
[0mGET / [0m-[0m - ms - -[0m
[0mGET / [0m-[0m - ms - -[0m
[0mGET / [0m-[0m - ms - -[0m
[0mGET / [0m-[0m - ms - -[0m
[0mGET / [0m-[0m - ms - -[0m
[0mPOST /api/auth/refresh [33m401[0m 0.253 ms - 101[0m
[0mGET / [0m-[0m - ms - -[0m
[0mGET / [0m-[0m - ms - -[0m
[0mGET / [0m-[0m - ms - -[0m
[0mPOST /api/auth/logout [33m401[0m 0.146 ms - 101[0m
[0mPOST /api/auth/logout [33m401[0m 0.148 ms - 101[0m
[0mPOST /api/auth/logout [33m401[0m 0.151 ms - 101[0m
[0mPOST /api/auth/logout [33m401[0m 0.300 ms - 101[0m
[0mGET / [0m-[0m - ms - -[0m
[0mGET / [0m-[0m - ms - -[0m
[0mGET / [0m-[0m - ms - -[0m
[0mPOST /api/auth/refresh [33m401[0m 0.252 ms - 101[0m
[0mGET / [32m200[0m 5.715 ms - 21770[0m
[0mPOST /api/auth/logout [33m401[0m 0.197 ms - 101[0m
[0mPOST /api/auth/logout [33m401[0m 0.175 ms - 101[0m
[0mPOST /api/auth/logout [33m401[0m 0.174 ms - 101[0m
[0mPOST /api/auth/logout [33m401[0m 0.180 ms - 101[0m
[0mPOST /api/auth/refresh [33m401[0m 0.340 ms - 101[0m
[0mGET / [32m200[0m 1.609 ms - 21770[0m
[0mPOST /api/auth/logout [33m401[0m 0.176 ms - 101[0m
[0mPOST /api/auth/logout [33m401[0m 0.164 ms - 101[0m
[0mPOST /api/auth/logout [33m401[0m 0.139 ms - 101[0m
[0mPOST /api/auth/logout [33m401[0m 0.137 ms - 101[0m
[0mGET / [0m-[0m - ms - -[0m
[0mPOST /api/auth/refresh [33m401[0m 0.381 ms - 101[0m
[0mGET / [0m-[0m - ms - -[0m
[0mPOST /api/auth/logout [33m401[0m 0.158 ms - 101[0m
[0mGET / [32m200[0m 2.116 ms - 21770[0m
[0mPOST /api/auth/logout [33m401[0m 0.174 ms - 101[0m
[0mPOST /api/auth/logout [33m401[0m 0.163 ms - 101[0m
[0mPOST /api/auth/logout [33m401[0m 0.145 ms - 101[0m
[0mPOST /api/auth/refresh [33m401[0m 0.305 ms - 101[0m
[0mGET / [0m-[0m - ms - -[0m
[0mPOST /api/auth/logout [33m401[0m 0.148 ms - 101[0m
[0mGET / [32m200[0m 2.416 ms - 21770[0m
[0mPOST /api/auth/logout [33m401[0m 0.177 ms - 101[0m
[0mPOST /api/auth/logout [33m401[0m 0.139 ms - 101[0m
[0mPOST /api/auth/logout [33m401[0m 0.134 ms - 101[0m
[0mPOST /api/auth/refresh [33m401[0m 0.228 ms - 101[0m
[0mGET / [0m-[0m - ms - -[0m
[0mGET / [32m200[0m 1.964 ms - 21770[0m
[0mPOST /api/auth/logout [33m401[0m 0.149 ms - 101[0m
[0mPOST /api/auth/logout [33m401[0m 0.132 ms - 101[0m
[0mPOST /api/auth/logout [33m401[0m 0.141 ms - 101[0m
[0mPOST /api/auth/logout [33m401[0m 0.136 ms - 101[0m
[0mPOST /api/auth/refresh [33m401[0m 0.396 ms - 101[0m
[0mGET / [32m200[0m 2.328 ms - 21770[0m
[0mPOST /api/auth/logout [33m401[0m 0.212 ms - 101[0m
[0mPOST /api/auth/logout [33m401[0m 0.177 ms - 101[0m
[0mGET / [32m200[0m 2.071 ms - 21770[0m
[0mPOST /api/auth/logout [33m401[0m 0.175 ms - 101[0m
[0mPOST /api/auth/logout [33m401[0m 0.255 ms - 101[0m
[0mPOST /api/auth/refresh [33m401[0m 0.290 ms - 101[0m
[0mGET / [32m200[0m 1.528 ms - 21770[0m
[0mPOST /api/auth/logout [33m401[0m 0.190 ms - 101[0m
[0mPOST /api/auth/logout [33m401[0m 0.259 ms - 101[0m
[0mPOST /api/auth/logout [33m401[0m 0.140 ms - 101[0m
[0mPOST /api/auth/logout [33m401[0m 0.217 ms - 101[0m
[0mGET / [32m200[0m 2.512 ms - 21770[0m
[0mPOST /api/auth/refresh [33m401[0m 0.512 ms - 101[0m
[0mGET / [0m-[0m - ms - -[0m
[0mPOST /api/auth/logout [33m401[0m 0.178 ms - 101[0m
[0mGET / [32m200[0m 2.578 ms - 21770[0m
[0mPOST /api/auth/logout [33m401[0m 0.248 ms - 101[0m
[0mPOST /api/auth/logout [33m401[0m 0.167 ms - 101[0m
[0mPOST /api/auth/logout [33m401[0m 0.171 ms - 101[0m
[0mPOST /api/auth/refresh [33m401[0m 0.313 ms - 101[0m
[0mGET / [32m200[0m 2.863 ms - 21770[0m
[0mPOST /api/auth/logout [33m401[0m 0.157 ms - 101[0m
[0mGET / [32m200[0m 2.335 ms - 21770[0m
[0mPOST /api/auth/logout [33m401[0m 0.219 ms - 101[0m
[0mPOST /api/auth/logout [33m401[0m 0.167 ms - 101[0m
[0mPOST /api/auth/logout [33m401[0m 0.217 ms - 101[0m
[0mPOST /api/auth/refresh [33m401[0m 0.376 ms - 101[0m
[0mGET / [32m200[0m 1.272 ms - 21770[0m
[0mPOST /api/auth/logout [33m401[0m 0.153 ms - 101[0m
[0mPOST /api/auth/logout [33m401[0m 0.142 ms - 101[0m
[0mPOST /api/auth/logout [33m401[0m 0.132 ms - 101[0m
[0mPOST /api/auth/logout [33m401[0m 0.273 ms - 101[0m
[0mGET / [32m200[0m 3.075 ms - 21770[0m
[0mPOST /api/auth/refresh [33m401[0m 0.462 ms - 101[0m
[0mGET / [0m-[0m - ms - -[0m
[0mPOST /api/auth/logout [33m401[0m 0.288 ms - 101[0m
[0mPOST /api/auth/logout [33m401[0m 0.162 ms - 101[0m
[0mGET / [32m200[0m 1.990 ms - 21770[0m
[0mPOST /api/auth/logout [33m401[0m 0.162 ms - 101[0m
[0mPOST /api/auth/logout [33m401[0m 0.143 ms - 101[0m
[0mPOST /api/auth/refresh [33m401[0m 0.237 ms - 101[0m
[0mGET / [0m-[0m - ms - -[0m
[0mPOST /api/auth/logout [33m401[0m 0.262 ms - 101[0m
[0mPOST /api/auth/logout [33m401[0m 0.176 ms - 101[0m
[0mGET / [32m200[0m 3.636 ms - 21770[0m
[0mPOST /api/auth/logout [33m401[0m 0.191 ms - 101[0m
[0mPOST /api/auth/logout [33m401[0m 0.145 ms - 101[0m
[0mPOST /api/auth/refresh [33m401[0m 0.288 ms - 101[0m
[0mGET / [0m-[0m - ms - -[0m
[0mGET / [32m200[0m 2.130 ms - 21770[0m
[0mPOST /api/auth/logout [33m401[0m 0.166 ms - 101[0m
[0mPOST /api/auth/logout [33m401[0m 0.144 ms - 101[0m
[0mPOST /api/auth/logout [33m401[0m 0.143 ms - 101[0m
[0mPOST /api/auth/logout [33m401[0m 0.213 ms - 101[0m
[0mPOST /api/auth/refresh [33m401[0m 0.329 ms - 101[0m
[0mGET / [32m200[0m 2.212 ms - 21770[0m
[0mPOST /api/auth/logout [33m401[0m 0.146 ms - 101[0m
[0mGET / [32m200[0m 1.913 ms - 21770[0m
[0mPOST /api/auth/logout [33m401[0m 0.147 ms - 101[0m
[0mPOST /api/auth/logout [33m401[0m 0.144 ms - 101[0m
[0mPOST /api/auth/logout [33m401[0m 0.221 ms - 101[0m
[0mPOST /api/auth/refresh [33m401[0m 0.361 ms - 101[0m
[0mGET / [32m200[0m 2.233 ms - 21770[0m
[0mPOST /api/auth/logout [33m401[0m 0.203 ms - 101[0m
[0mPOST /api/auth/logout [33m401[0m 0.172 ms - 101[0m
[0mPOST /api/auth/logout [33m401[0m 0.169 ms - 101[0m
[0mPOST /api/auth/logout [33m401[0m 0.184 ms - 101[0m
[0mPOST /api/auth/refresh [33m401[0m 0.312 ms - 101[0m
[0mGET / [32m200[0m 1.641 ms - 21770[0m
[0mPOST /api/auth/logout [33m401[0m 0.263 ms - 101[0m
[0mPOST /api/auth/logout [33m401[0m 0.206 ms - 101[0m
[0mPOST /api/auth/logout [33m401[0m 0.185 ms - 101[0m
[0mPOST /api/auth/logout [33m401[0m 0.290 ms - 101[0m
[0mGET / [32m200[0m 1.275 ms - 21770[0m
[0mPOST /api/auth/refresh [33m401[0m 0.408 ms - 101[0m
[0mGET / [32m200[0m 2.604 ms - 21770[0m
[0mPOST /api/auth/logout [33m401[0m 0.298 ms - 101[0m
[0mGET / [32m200[0m 1.191 ms - 21770[0m
[0mPOST /api/auth/logout [33m401[0m 0.203 ms - 101[0m
[0mPOST /api/auth/logout [33m401[0m 0.145 ms - 101[0m
[0mPOST /api/auth/logout [33m401[0m 0.151 ms - 101[0m
[0mPOST /api/auth/refresh [33m401[0m 0.293 ms - 101[0m
[0mGET / [32m200[0m 1.516 ms - 21770[0m
[0mPOST /api/auth/logout [33m401[0m 0.293 ms - 101[0m
[0mPOST /api/auth/logout [33m401[0m 0.259 ms - 101[0m
[0mPOST /api/auth/logout [33m401[0m 0.249 ms - 101[0m
[0mPOST /api/auth/logout [33m401[0m 0.245 ms - 101[0m
[0mGET / [32m200[0m 4.267 ms - 21770[0m
[0mPOST /api/auth/refresh [33m401[0m 0.402 ms - 101[0m
[0mGET / [32m200[0m 1.600 ms - 21770[0m
[0mPOST /api/auth/logout [33m401[0m 0.261 ms - 101[0m
[0mPOST /api/auth/logout [33m401[0m 0.217 ms - 101[0m
[0mPOST /api/auth/logout [33m401[0m 0.205 ms - 101[0m
[0mPOST /api/auth/logout [33m401[0m 0.212 ms - 101[0m
[0mGET / [0m-[0m - ms - -[0m
[0mPOST /api/auth/refresh [33m401[0m 0.406 ms - 101[0m
[0mPOST /api/auth/logout [33m401[0m 0.233 ms - 101[0m
[0mGET / [32m200[0m 2.954 ms - 21770[0m
[0mPOST /api/auth/logout [33m401[0m 0.244 ms - 101[0m
[0mPOST /api/auth/logout [33m401[0m 0.212 ms - 101[0m
[0mPOST /api/auth/logout [33m401[0m 0.191 ms - 101[0m
[0mPOST /api/auth/refresh [33m401[0m 0.321 ms - 101[0m
[0mGET / [0m-[0m - ms - -[0m
[0mGET / [32m200[0m 2.799 ms - 21770[0m
[0mPOST /api/auth/logout [33m401[0m 0.154 ms - 101[0m
[0mPOST /api/auth/logout [33m401[0m 0.176 ms - 101[0m
[0mPOST /api/auth/logout [33m401[0m 0.180 ms - 101[0m
[0mPOST /api/auth/refresh [33m401[0m 0.235 ms - 101[0m
[0mPOST /api/auth/logout [33m401[0m 0.130 ms - 101[0m
[0mGET / [0m-[0m - ms - -[0m
[0mGET / [32m200[0m 2.538 ms - 21770[0m
[0mPOST /api/auth/logout [33m401[0m 0.157 ms - 101[0m
[0mPOST /api/auth/logout [33m401[0m 0.128 ms - 101[0m
[0mPOST /api/auth/logout [33m401[0m 0.130 ms - 101[0m
[0mPOST /api/auth/refresh [33m401[0m 0.227 ms - 101[0m
[0mGET / [0m-[0m - ms - -[0m
[0mGET / [0m-[0m - ms - -[0m
[0mPOST /api/auth/logout [33m401[0m 0.232 ms - 101[0m
[0mPOST /api/auth/logout [33m401[0m 0.233 ms - 101[0m
[0mGET / [32m200[0m 4.262 ms - 21770[0m
[0mPOST /api/auth/logout [33m401[0m 0.230 ms - 101[0m
[0mPOST /api/auth/logout [33m401[0m 0.177 ms - 101[0m
[0mPOST /api/auth/refresh [33m401[0m 0.322 ms - 101[0m
[0mGET / [0m-[0m - ms - -[0m
[0mGET / [0m-[0m - ms - -[0m
[0mPOST /api/auth/logout [33m401[0m 0.152 ms - 101[0m
[0mPOST /api/auth/logout [33m401[0m 0.139 ms - 101[0m
[0mPOST /api/auth/logout [33m401[0m 0.146 ms - 101[0m
[0mPOST /api/auth/logout [33m401[0m 0.166 ms - 101[0m
[0mGET / [0m-[0m - ms - -[0m
[0mPOST /api/auth/refresh [33m401[0m 0.233 ms - 101[0m
[0mGET / [0m-[0m - ms - -[0m
[0mPOST /api/auth/logout [33m401[0m 0.238 ms - 101[0m
[0mGET / [32m200[0m 2.903 ms - 21770[0m
[0mPOST /api/auth/logout [33m401[0m 0.224 ms - 101[0m
[0mPOST /api/auth/logout [33m401[0m 0.208 ms - 101[0m
[0mPOST /api/auth/logout [33m401[0m 0.184 ms - 101[0m
[0mPOST /api/auth/refresh [33m401[0m 0.307 ms - 101[0m
[0mGET / [0m-[0m - ms - -[0m
[0mPOST /api/auth/logout [33m401[0m 0.244 ms - 101[0m
[0mPOST /api/auth/logout [33m401[0m 0.239 ms - 101[0m
[0mPOST /api/auth/logout [33m401[0m 0.225 ms - 101[0m
[0mPOST /api/auth/logout [33m401[0m 0.218 ms - 101[0m
[0mGET / [32m200[0m 5.206 ms - 21770[0m
[0mPOST /api/auth/refresh [33m401[0m 0.360 ms - 101[0m
[0mGET / [0m-[0m - ms - -[0m
[0mPOST /api/auth/logout [33m401[0m 0.246 ms - 101[0m
[0mPOST /api/auth/logout [33m401[0m 0.210 ms - 101[0m
[0mGET / [32m200[0m 3.902 ms - 21770[0m
[0mPOST /api/auth/logout [33m401[0m 0.167 ms - 101[0m
[0mPOST /api/auth/logout [33m401[0m 0.140 ms - 101[0m
[0mPOST /api/auth/refresh [33m401[0m 0.255 ms - 101[0m
[0mGET / [0m-[0m - ms - -[0m
[0mPOST /api/auth/logout [33m401[0m 0.159 ms - 101[0m
[0mGET / [32m200[0m 2.021 ms - 21770[0m
[0mPOST /api/auth/logout [33m401[0m 0.156 ms - 101[0m
[0mPOST /api/auth/logout [33m401[0m 0.145 ms - 101[0m
[0mPOST /api/auth/logout [33m401[0m 0.143 ms - 101[0m
[0mPOST /api/auth/refresh [33m401[0m 0.281 ms - 101[0m
[0mGET / [0m-[0m - ms - -[0m
[0mPOST /api/auth/logout [33m401[0m 0.157 ms - 101[0m
[0mPOST /api/auth/logout [33m401[0m 0.168 ms - 101[0m
[0mGET / [32m200[0m 3.255 ms - 21770[0m
[0mPOST /api/auth/logout [33m401[0m 0.243 ms - 101[0m
[0mPOST /api/auth/logout [33m401[0m 0.133 ms - 101[0m
[0mPOST /api/auth/refresh [33m401[0m 0.340 ms - 101[0m
[0mGET / [0m-[0m - ms - -[0m
[0mGET / [0m-[0m - ms - -[0m
[0mPOST /api/auth/logout [33m401[0m 0.141 ms - 101[0m
[0mPOST /api/auth/logout [33m401[0m 0.138 ms - 101[0m
[0mPOST /api/auth/logout [33m401[0m 0.126 ms - 101[0m
[0mPOST /api/auth/logout [33m401[0m 0.137 ms - 101[0m
[0mGET / [32m200[0m 2.540 ms - 21770[0m
[0mPOST /api/auth/refresh [33m401[0m 0.292 ms - 101[0m
[0mGET / [0m-[0m - ms - -[0m
[0mGET / [32m200[0m 1.161 ms - 21770[0m
[0mPOST /api/auth/logout [33m401[0m 0.161 ms - 101[0m
[0mPOST /api/auth/logout [33m401[0m 0.174 ms - 101[0m
[0mPOST /api/auth/logout [33m401[0m 0.139 ms - 101[0m
[0mGET / [32m200[0m 1.165 ms - 21770[0m
[0mPOST /api/auth/logout [33m401[0m 0.175 ms - 101[0m
[0mPOST /api/auth/refresh [33m401[0m 0.249 ms - 101[0m
[0mGET / [32m200[0m 2.338 ms - 21770[0m
[0mPOST /api/auth/logout [33m401[0m 0.185 ms - 101[0m
[0mPOST /api/auth/logout [33m401[0m 0.229 ms - 101[0m
[0mGET / [0m-[0m - ms - -[0m
[0mGET / [32m200[0m 217.121 ms - 21770[0m
[0mPOST /api/auth/logout [33m401[0m 0.182 ms - 101[0m
[0mPOST /api/auth/logout [33m401[0m 0.135 ms - 101[0m
[0mPOST /api/auth/refresh [33m401[0m 0.276 ms - 101[0m
[0mGET / [0m-[0m - ms - -[0m
[0mGET / [0m-[0m - ms - -[0m
[0mGET / [0m-[0m - ms - -[0m
[0mGET / [0m-[0m - ms - -[0m
[0mGET / [0m-[0m - ms - -[0m
[0mGET / [0m-[0m - ms - -[0m
[0mGET / [0m-[0m - ms - -[0m
[0mGET / [0m-[0m - ms - -[0m
[0mGET / [0m-[0m - ms - -[0m
[0mGET / [0m-[0m - ms - -[0m
[0mGET / [0m-[0m - ms - -[0m
[0mGET / [0m-[0m - ms - -[0m
[0mGET / [0m-[0m - ms - -[0m
[0mGET / [0m-[0m - ms - -[0m
[0mGET / [0m-[0m - ms - -[0m
[0mGET / [0m-[0m - ms - -[0m
[0mGET / [0m-[0m - ms - -[0m
[0mGET / [0m-[0m - ms - -[0m
[0mGET / [0m-[0m - ms - -[0m
[0mGET / [0m-[0m - ms - -[0m
[0mGET / [0m-[0m - ms - -[0m
[0mGET / [0m-[0m - ms - -[0m
[0mGET / [0m-[0m - ms - -[0m
[0mGET / [0m-[0m - ms - -[0m
[0mGET / [0m-[0m - ms - -[0m
[0mGET / [0m-[0m - ms - -[0m
[0mGET / [0m-[0m - ms - -[0m
[0mGET / [0m-[0m - ms - -[0m
[0mGET / [0m-[0m - ms - -[0m
[0mPOST /api/auth/logout [33m401[0m 0.147 ms - 101[0m
[0mPOST /api/auth/logout [33m401[0m 0.130 ms - 101[0m
[0mPOST /api/auth/logout [33m401[0m 0.131 ms - 101[0m
[0mGET / [0m-[0m - ms - -[0m
[0mGET / [0m-[0m - ms - -[0m
[0mGET / [0m-[0m - ms - -[0m
[0mGET / [0m-[0m - ms - -[0m
[0mGET / [0m-[0m - ms - -[0m
[0mGET / [0m-[0m - ms - -[0m
[0mGET / [0m-[0m - ms - -[0m
[0mGET / [0m-[0m - ms - -[0m
[0mGET / [0m-[0m - ms - -[0m
[0mGET / [0m-[0m - ms - -[0m
[0mGET / [0m-[0m - ms - -[0m
[0mGET / [0m-[0m - ms - -[0m
[0mGET / [0m-[0m - ms - -[0m
[0mGET / [0m-[0m - ms - -[0m
[0mGET / [0m-[0m - ms - -[0m
[0mGET / [0m-[0m - ms - -[0m
[0mGET / [0m-[0m - ms - -[0m
[0mGET / [0m-[0m - ms - -[0m
[0mGET / [0m-[0m - ms - -[0m
[0mGET / [0m-[0m - ms - -[0m
[0mGET / [0m-[0m - ms - -[0m
[0mGET / [0m-[0m - ms - -[0m
[0mGET / [0m-[0m - ms - -[0m
[0mGET / [0m-[0m - ms - -[0m
[0mGET / [0m-[0m - ms - -[0m
[0mGET / [0m-[0m - ms - -[0m
[0mGET / [0m-[0m - ms - -[0m
[0mGET / [0m-[0m - ms - -[0m
[0mGET / [0m-[0m - ms - -[0m
[0mGET / [0m-[0m - ms - -[0m
[0mGET / [0m-[0m - ms - -[0m
[0mGET / [0m-[0m - ms - -[0m
[0mPOST /api/auth/refresh [33m401[0m 0.364 ms - 101[0m
[0mPOST /api/auth/logout [33m401[0m 0.146 ms - 101[0m
[0mGET / [0m-[0m - ms - -[0m
[0mGET / [0m-[0m - ms - -[0m
[0mGET / [0m-[0m - ms - -[0m
[0mGET / [0m-[0m - ms - -[0m
[0mGET / [0m-[0m - ms - -[0m
[0mPOST /api/auth/logout [33m401[0m 0.153 ms - 101[0m
[0mPOST /api/auth/logout [33m401[0m 0.120 ms - 101[0m
[0mPOST /api/auth/logout [33m401[0m 0.111 ms - 101[0m
[0mGET / [0m-[0m - ms - -[0m
[0mGET / [0m-[0m - ms - -[0m
[0mPOST /api/auth/refresh [33m401[0m 0.282 ms - 101[0m
[0mGET / [32m200[0m 6.221 ms - 21770[0m
[0mPOST /api/auth/logout [33m401[0m 0.146 ms - 101[0m
[0mPOST /api/auth/logout [33m401[0m 0.158 ms - 101[0m
[0mPOST /api/auth/logout [33m401[0m 0.156 ms - 101[0m
[0mPOST /api/auth/logout [33m401[0m 0.132 ms - 101[0m
[0mPOST /api/auth/refresh [33m401[0m 0.223 ms - 101[0m
[0mPOST /api/auth/logout [33m401[0m 0.186 ms - 101[0m
[0mPOST /api/auth/logout [33m401[0m 0.177 ms - 101[0m
[0mGET / [32m200[0m 2.701 ms - 21770[0m
[0mPOST /api/auth/logout [33m401[0m 0.206 ms - 101[0m
[0mPOST /api/auth/logout [33m401[0m 0.180 ms - 101[0m
[0mPOST /api/auth/refresh [33m401[0m 0.312 ms - 101[0m
[0mGET / [0m-[0m - ms - -[0m
[0mPOST /api/auth/logout [33m401[0m 0.225 ms - 101[0m
[0mGET / [32m200[0m 3.998 ms - 21770[0m
[0mPOST /api/auth/logout [33m401[0m 0.260 ms - 101[0m
[0mPOST /api/auth/logout [33m401[0m 0.141 ms - 101[0m
[0mPOST /api/auth/logout [33m401[0m 0.126 ms - 101[0m
[0mPOST /api/auth/refresh [33m401[0m 0.319 ms - 101[0m
[0mGET / [0m-[0m - ms - -[0m
[0mGET / [0m-[0m - ms - -[0m
[0mPOST /api/auth/logout [33m401[0m 0.176 ms - 101[0m
[0mPOST /api/auth/logout [33m401[0m 0.152 ms - 101[0m
[0mGET / [32m200[0m 2.785 ms - 21770[0m
[0mPOST /api/auth/logout [33m401[0m 0.155 ms - 101[0m
[0mPOST /api/auth/logout [33m401[0m 0.123 ms - 101[0m
[0mGET / [0m-[0m - ms - -[0m
[0mPOST /api/auth/refresh [33m401[0m 0.244 ms - 101[0m
[0mGET / [32m200[0m 1.180 ms - 21770[0m
[0mPOST /api/auth/logout [33m401[0m 0.175 ms - 101[0m
[0mGET / [32m200[0m 1.200 ms - 21770[0m
[0mPOST /api/auth/logout [33m401[0m 0.163 ms - 101[0m
[0mPOST /api/auth/logout [33m401[0m 0.140 ms - 101[0m
[0mPOST /api/auth/logout [33m401[0m 0.220 ms - 101[0m
[0mPOST /api/auth/refresh [33m401[0m 0.242 ms - 101[0m
[0mGET / [32m200[0m 2.807 ms - 21770[0m
[0mPOST /api/auth/logout [33m401[0m 0.226 ms - 101[0m
[0mGET / [0m-[0m - ms - -[0m
[0mPOST /api/auth/logout [33m401[0m 0.151 ms - 101[0m
[0mPOST /api/auth/logout [33m401[0m 0.127 ms - 101[0m
[0mPOST /api/auth/logout [33m401[0m 0.118 ms - 101[0m
[0mPOST /api/auth/refresh [33m401[0m 0.224 ms - 101[0m
[0mGET / [32m200[0m 2.415 ms - 21770[0m
[0mPOST /api/auth/logout [33m401[0m 0.137 ms - 101[0m
[0mGET / [32m200[0m 1.778 ms - 21770[0m
[0mPOST /api/auth/logout [33m401[0m 0.230 ms - 101[0m
[0mPOST /api/auth/logout [33m401[0m 0.163 ms - 101[0m
[0mPOST /api/auth/logout [33m401[0m 0.136 ms - 101[0m
[0mPOST /api/auth/refresh [33m401[0m 0.227 ms - 101[0m
[0mGET / [32m200[0m 1.843 ms - 21770[0m
[0mGET / [0m-[0m - ms - -[0m
[0mPOST /api/auth/logout [33m401[0m 0.147 ms - 101[0m
[0mPOST /api/auth/logout [33m401[0m 0.146 ms - 101[0m
[0mPOST /api/auth/logout [33m401[0m 0.130 ms - 101[0m
[0mGET / [32m200[0m 1.653 ms - 21770[0m
[0mPOST /api/auth/logout [33m401[0m 0.158 ms - 101[0m
[0mPOST /api/auth/refresh [33m401[0m 0.227 ms - 101[0m
[0mGET / [0m-[0m - ms - -[0m
[0mPOST /api/auth/logout [33m401[0m 0.200 ms - 101[0m
[0mGET / [32m200[0m 2.411 ms - 21770[0m
[0mPOST /api/auth/logout [33m401[0m 0.239 ms - 101[0m
[0mPOST /api/auth/logout [33m401[0m 0.165 ms - 101[0m
[0mPOST /api/auth/logout [33m401[0m 0.159 ms - 101[0m
[0mGET / [0m-[0m - ms - -[0m
[0mPOST /api/auth/refresh [33m401[0m 0.278 ms - 101[0m
[0mGET / [32m200[0m 2.800 ms - 21770[0m
[0mPOST /api/auth/logout [33m401[0m 0.147 ms - 101[0m
[0mGET / [32m200[0m 1.722 ms - 21770[0m
[0mPOST /api/auth/logout [33m401[0m 0.255 ms - 101[0m
[0mPOST /api/auth/logout [33m401[0m 0.151 ms - 101[0m
[0mPOST /api/auth/logout [33m401[0m 0.166 ms - 101[0m
[0mPOST /api/auth/refresh [33m401[0m 0.342 ms - 101[0m
[0mGET / [0m-[0m - ms - -[0m
[0mGET / [32m200[0m 1.969 ms - 21770[0m
[0mPOST /api/auth/logout [33m401[0m 0.150 ms - 101[0m
[0mPOST /api/auth/logout [33m401[0m 0.154 ms - 101[0m
[0mPOST /api/auth/logout [33m401[0m 0.131 ms - 101[0m
[0mPOST /api/auth/logout [33m401[0m 0.184 ms - 101[0m
[0mPOST /api/auth/refresh [33m401[0m 0.297 ms - 101[0m
[0mGET / [32m200[0m 2.017 ms - 21770[0m
[0mPOST /api/auth/logout [33m401[0m 0.247 ms - 101[0m
[0mPOST /api/auth/logout [33m401[0m 0.219 ms - 101[0m
[0mPOST /api/auth/logout [33m401[0m 0.211 ms - 101[0m
[0mPOST /api/auth/logout [33m401[0m 0.213 ms - 101[0m
[0mGET / [0m-[0m - ms - -[0m
[0mPOST /api/auth/refresh [33m401[0m 0.340 ms - 101[0m
[0mGET / [32m200[0m 1.386 ms - 21770[0m
[0mPOST /api/auth/logout [33m401[0m 0.270 ms - 101[0m
[0mPOST /api/auth/logout [33m401[0m 0.148 ms - 101[0m
[0mPOST /api/auth/logout [33m401[0m 0.185 ms - 101[0m
[0mGET / [32m200[0m 2.204 ms - 21770[0m
[0mPOST /api/auth/logout [33m401[0m 0.163 ms - 101[0m
[0mPOST /api/auth/refresh [33m401[0m 0.263 ms - 101[0m
[0mGET / [32m200[0m 2.233 ms - 21770[0m
[0mPOST /api/auth/logout [33m401[0m 0.178 ms - 101[0m
[0mGET / [32m200[0m 2.117 ms - 21770[0m
[0mPOST /api/auth/logout [33m401[0m 0.216 ms - 101[0m
[0mPOST /api/auth/logout [33m401[0m 0.160 ms - 101[0m
[0mPOST /api/auth/logout [33m401[0m 0.162 ms - 101[0m
[0mGET / [32m200[0m 1.184 ms - 21770[0m
[0mPOST /api/auth/refresh [33m401[0m 0.264 ms - 101[0m
[0mGET / [0m-[0m - ms - -[0m
[0mGET / [32m200[0m 1.038 ms - 21770[0m
[0mPOST /api/auth/logout [33m401[0m 0.169 ms - 101[0m
[0mPOST /api/auth/logout [33m401[0m 0.188 ms - 101[0m
[0mPOST /api/auth/logout [33m401[0m 0.157 ms - 101[0m
[0mPOST /api/auth/logout [33m401[0m 0.210 ms - 101[0m
[0mGET / [0m-[0m - ms - -[0m
[0mPOST /api/auth/refresh [33m401[0m 0.290 ms - 101[0m
[0mGET / [32m200[0m 3.471 ms - 21770[0m
[0mGET / [32m200[0m 2.946 ms - 21770[0m
[0mPOST /api/auth/logout [33m401[0m 0.211 ms - 101[0m
[0mPOST /api/auth/logout [33m401[0m 0.198 ms - 101[0m
[0mPOST /api/auth/logout [33m401[0m 0.163 ms - 101[0m
[0mPOST /api/auth/logout [33m401[0m 0.155 ms - 101[0m
[0mGET / [32m200[0m 2.302 ms - 21770[0m
[0mGET / [0m-[0m - ms - -[0m
[0mPOST /api/auth/refresh [33m401[0m 0.344 ms - 101[0m
[0mGET / [32m200[0m 1.188 ms - 21770[0m
[0mPOST /api/auth/logout [33m401[0m 0.199 ms - 101[0m
[0mPOST /api/auth/logout [33m401[0m 0.141 ms - 101[0m
[0mPOST /api/auth/logout [33m401[0m 0.144 ms - 101[0m
[0mPOST /api/auth/logout [33m401[0m 0.127 ms - 101[0m
[0mGET / [0m-[0m - ms - -[0m
[0mGET / [32m200[0m 1.871 ms - 21770[0m
[0mPOST /api/auth/refresh [33m401[0m 0.246 ms - 101[0m
[0mPOST /api/auth/logout [33m401[0m 0.168 ms - 101[0m
[0mPOST /api/auth/logout [33m401[0m 0.151 ms - 101[0m
[0mPOST /api/auth/logout [33m401[0m 0.128 ms - 101[0m
[0mPOST /api/auth/logout [33m401[0m 0.229 ms - 101[0m
[0mPOST /api/auth/refresh [33m401[0m 0.431 ms - 101[0m
[0mGET / [0m-[0m - ms - -[0m
[0mGET / [0m-[0m - ms - -[0m
[0mPOST /api/auth/logout [33m401[0m 0.248 ms - 101[0m
[0mPOST /api/auth/logout [33m401[0m 0.205 ms - 101[0m
[0mPOST /api/auth/logout [33m401[0m 0.140 ms - 101[0m
[0mPOST /api/auth/logout [33m401[0m 0.147 ms - 101[0m
[0mGET / [0m-[0m - ms - -[0m
[0mPOST /api/auth/refresh [33m401[0m 0.224 ms - 101[0m
[0mGET / [0m-[0m - ms - -[0m
[0mPOST /api/auth/logout [33m401[0m 0.168 ms - 101[0m
[0mPOST /api/auth/logout [33m401[0m 0.135 ms - 101[0m
[0mGET / [32m200[0m 2.592 ms - 21770[0m
[0mPOST /api/auth/logout [33m401[0m 0.169 ms - 101[0m
[0mPOST /api/auth/logout [33m401[0m 0.123 ms - 101[0m
[0mPOST /api/auth/refresh [33m401[0m 0.257 ms - 101[0m
[0mGET / [0m-[0m - ms - -[0m
[0mGET / [0m-[0m - ms - -[0m
[0mPOST /api/auth/logout [33m401[0m 0.181 ms - 101[0m
[0mPOST /api/auth/logout [33m401[0m 0.155 ms - 101[0m
[0mPOST /api/auth/logout [33m401[0m 0.155 ms - 101[0m
[0mPOST /api/auth/logout [33m401[0m 0.144 ms - 101[0m
[0mGET / [32m200[0m 2.644 ms - 21770[0m
[0mPOST /api/auth/refresh [33m401[0m 0.254 ms - 101[0m
[0mGET / [0m-[0m - ms - -[0m
[0mPOST /api/auth/logout [33m401[0m 0.199 ms - 101[0m
[0mGET / [32m200[0m 2.598 ms - 21770[0m
[0mPOST /api/auth/logout [33m401[0m 0.228 ms - 101[0m
[0mPOST /api/auth/logout [33m401[0m 0.180 ms - 101[0m
[0mPOST /api/auth/logout [33m401[0m 0.191 ms - 101[0m
[0mPOST /api/auth/refresh [33m401[0m 0.327 ms - 101[0m
[0mGET / [0m-[0m - ms - -[0m
[0mGET / [0m-[0m - ms - -[0m
[0mPOST /api/auth/logout [33m401[0m 0.138 ms - 101[0m
[0mPOST /api/auth/logout [33m401[0m 0.134 ms - 101[0m
[0mGET / [0m-[0m - ms - -[0m
[0mPOST /api/auth/logout [33m401[0m 0.136 ms - 101[0m
[0mPOST /api/auth/logout [33m401[0m 0.121 ms - 101[0m
[0mGET / [0m-[0m - ms - -[0m
[0mPOST /api/auth/refresh [33m401[0m 0.260 ms - 101[0m
[0mGET / [0m-[0m - ms - -[0m
[0mGET / [32m200[0m 1.870 ms - 21770[0m
[0mPOST /api/auth/logout [33m401[0m 0.158 ms - 101[0m
[0mPOST /api/auth/logout [33m401[0m 0.137 ms - 101[0m
[0mPOST /api/auth/logout [33m401[0m 0.132 ms - 101[0m
[0mPOST /api/auth/logout [33m401[0m 0.123 ms - 101[0m
[0mGET / [0m-[0m - ms - -[0m
[0mPOST /api/auth/refresh [33m401[0m 0.253 ms - 101[0m
[0mGET / [0m-[0m - ms - -[0m
[0mPOST /api/auth/logout [33m401[0m 0.159 ms - 101[0m
[0mGET / [32m200[0m 2.351 ms - 21770[0m
[0mPOST /api/auth/logout [33m401[0m 0.307 ms - 101[0m
[0mPOST /api/auth/logout [33m401[0m 0.249 ms - 101[0m
[0mPOST /api/auth/logout [33m401[0m 0.232 ms - 101[0m
[0mGET / [0m-[0m - ms - -[0m
[0mPOST /api/auth/refresh [33m401[0m 0.430 ms - 101[0m
[0mGET / [0m-[0m - ms - -[0m
[0mPOST /api/auth/logout [33m401[0m 0.210 ms - 101[0m
[0mPOST /api/auth/logout [33m401[0m 0.762 ms - 101[0m
[0mPOST /api/auth/refresh [33m401[0m 0.626 ms - 101[0m
[0mPOST /api/auth/logout [33m401[0m 0.196 ms - 101[0m
[0mGET / [0m-[0m - ms - -[0m
[0mPOST /api/auth/logout [33m401[0m 0.270 ms - 101[0m
[0mGET / [0m-[0m - ms - -[0m
[0mPOST /api/auth/logout [33m401[0m 0.224 ms - 101[0m
[0mGET / [32m200[0m 4.343 ms - 21770[0m
[0mPOST /api/auth/logout [33m401[0m 0.306 ms - 101[0m
[0mPOST /api/auth/refresh [33m401[0m 0.298 ms - 101[0m
[0mGET / [0m-[0m - ms - -[0m
[0mPOST /api/auth/logout [33m401[0m 0.219 ms - 101[0m
[0mGET / [32m200[0m 2.787 ms - 21770[0m
[0mPOST /api/auth/logout [33m401[0m 0.237 ms - 101[0m
[0mPOST /api/auth/logout [33m401[0m 0.168 ms - 101[0m
[0mPOST /api/auth/logout [33m401[0m 0.234 ms - 101[0m
[0mGET / [0m-[0m - ms - -[0m
[0mPOST /api/auth/refresh [33m401[0m 0.315 ms - 101[0m
[0mGET / [32m200[0m 1.480 ms - 21770[0m
[0mPOST /api/auth/logout [33m401[0m 0.247 ms - 101[0m
[0mPOST /api/auth/logout [33m401[0m 0.243 ms - 101[0m
[0mPOST /api/auth/logout [33m401[0m 0.241 ms - 101[0m
[0mPOST /api/auth/logout [33m401[0m 0.238 ms - 101[0m
[0mPOST /api/auth/refresh [33m401[0m 0.377 ms - 101[0m
[0mGET / [32m200[0m 1.700 ms - 21770[0m
[0mPOST /api/auth/logout [33m401[0m 0.153 ms - 101[0m
[0mPOST /api/auth/logout [33m401[0m 0.151 ms - 101[0m
[0mPOST /api/auth/logout [33m401[0m 0.169 ms - 101[0m
[0mPOST /api/auth/logout [33m401[0m 0.217 ms - 101[0m
[0mGET / [0m-[0m - ms - -[0m
[0mPOST /api/auth/refresh [33m401[0m 0.345 ms - 101[0m
[0mGET / [32m200[0m 4.383 ms - 21770[0m
[0mPOST /api/auth/logout [33m401[0m 0.240 ms - 101[0m
[0mGET / [32m200[0m 3.140 ms - 21770[0m
[0mPOST /api/auth/logout [33m401[0m 0.146 ms - 101[0m
[0mPOST /api/auth/logout [33m401[0m 0.131 ms - 101[0m
[0mPOST /api/auth/logout [33m401[0m 0.123 ms - 101[0m
[0mGET / [0m-[0m - ms - -[0m
[0mPOST /api/auth/refresh [33m401[0m 0.226 ms - 101[0m
[0mGET / [0m-[0m - ms - -[0m
[0mPOST /api/auth/logout [33m401[0m 0.157 ms - 101[0m
[0mGET / [32m200[0m 3.039 ms - 21770[0m
[0mPOST /api/auth/logout [33m401[0m 0.250 ms - 101[0m
[0mPOST /api/auth/logout [33m401[0m 0.254 ms - 101[0m
[0mPOST /api/auth/logout [33m401[0m 0.188 ms - 101[0m
[0mPOST /api/auth/refresh [33m401[0m 0.253 ms - 101[0m
[0mGET / [32m200[0m 1.951 ms - 21770[0m
[0mPOST /api/auth/logout [33m401[0m 0.169 ms - 101[0m
[0mGET / [32m200[0m 2.018 ms - 21770[0m
[0mPOST /api/auth/logout [33m401[0m 0.303 ms - 101[0m
[0mPOST /api/auth/logout [33m401[0m 0.155 ms - 101[0m
[0mPOST /api/auth/logout [33m401[0m 0.208 ms - 101[0m
[0mGET / [0m-[0m - ms - -[0m
[0mGET / [0m-[0m - ms - -[0m
[0mPOST /api/auth/refresh [33m401[0m 0.282 ms - 101[0m
[0mGET / [0m-[0m - ms - -[0m
[0mGET / [0m-[0m - ms - -[0m
[0mGET / [0m-[0m - ms - -[0m
[0mGET / [0m-[0m - ms - -[0m
[0mGET / [0m-[0m - ms - -[0m
[0mGET / [0m-[0m - ms - -[0m
[0mGET / [0m-[0m - ms - -[0m
[0mGET / [0m-[0m - ms - -[0m
[0mGET / [0m-[0m - ms - -[0m
[0mGET / [0m-[0m - ms - -[0m
[0mGET / [0m-[0m - ms - -[0m
[0mGET / [0m-[0m - ms - -[0m
[0mGET / [0m-[0m - ms - -[0m
[0mGET / [0m-[0m - ms - -[0m
[0mGET / [0m-[0m - ms - -[0m
[0mGET / [0m-[0m - ms - -[0m
[0mGET / [0m-[0m - ms - -[0m
[0mGET / [0m-[0m - ms - -[0m
[0mGET / [0m-[0m - ms - -[0m
[0mGET / [0m-[0m - ms - -[0m
[0mGET / [0m-[0m - ms - -[0m
[0mGET / [0m-[0m - ms - -[0m
[0mGET / [0m-[0m - ms - -[0m
[0mGET / [0m-[0m - ms - -[0m
[0mGET / [0m-[0m - ms - -[0m
[0mGET / [0m-[0m - ms - -[0m
[0mGET / [0m-[0m - ms - -[0m
[0mGET / [0m-[0m - ms - -[0m
[0mGET / [0m-[0m - ms - -[0m
[0mGET / [0m-[0m - ms - -[0m
[0mGET / [0m-[0m - ms - -[0m
[0mGET / [0m-[0m - ms - -[0m
[0mPOST /api/auth/logout [33m401[0m 0.169 ms - 101[0m
[0mPOST /api/auth/logout [33m401[0m 0.128 ms - 101[0m
[0mPOST /api/auth/logout [33m401[0m 0.123 ms - 101[0m
[0mPOST /api/auth/logout [33m401[0m 0.111 ms - 101[0m
[0mGET / [0m-[0m - ms - -[0m
[0mGET / [0m-[0m - ms - -[0m
[0mGET / [0m-[0m - ms - -[0m
[0mGET / [0m-[0m - ms - -[0m
[0mGET / [0m-[0m - ms - -[0m
[0mGET / [0m-[0m - ms - -[0m
[0mGET / [0m-[0m - ms - -[0m
[0mGET / [0m-[0m - ms - -[0m
[0mGET / [0m-[0m - ms - -[0m
[0mGET / [0m-[0m - ms - -[0m
[0mGET / [0m-[0m - ms - -[0m
[0mGET / [0m-[0m - ms - -[0m
[0mGET / [0m-[0m - ms - -[0m
[0mGET / [0m-[0m - ms - -[0m
[0mGET / [0m-[0m - ms - -[0m
[0mGET / [0m-[0m - ms - -[0m
[0mGET / [0m-[0m - ms - -[0m
[0mGET / [0m-[0m - ms - -[0m
[0mGET / [0m-[0m - ms - -[0m
[0mGET / [32m200[0m 17.254 ms - 21770[0m
[0mPOST /api/auth/refresh [33m401[0m 0.233 ms - 101[0m
[0mGET / [0m-[0m - ms - -[0m
[0mGET / [0m-[0m - ms - -[0m
[0mGET / [32m200[0m 3.468 ms - 21770[0m
[0mPOST /api/auth/logout [33m401[0m 0.166 ms - 101[0m
[0mPOST /api/auth/logout [33m401[0m 0.197 ms - 101[0m
[0mPOST /api/auth/logout [33m401[0m 0.191 ms - 101[0m
[0mPOST /api/auth/logout [33m401[0m 0.132 ms - 101[0m
[0mPOST /api/auth/refresh [33m401[0m 0.222 ms - 101[0m
[0mPOST /api/auth/logout [33m401[0m 0.157 ms - 101[0m
[0mPOST /api/auth/logout [33m401[0m 0.139 ms - 101[0m
[0mPOST /api/auth/logout [33m401[0m 0.158 ms - 101[0m
[0mPOST /api/auth/logout [33m401[0m 0.127 ms - 101[0m
[0mGET / [32m200[0m 1.857 ms - 21770[0m
[0mPOST /api/auth/refresh [33m401[0m 0.250 ms - 101[0m
[0mGET / [32m200[0m 1.188 ms - 21770[0m
[0mPOST /api/auth/logout [33m401[0m 0.268 ms - 101[0m
[0mPOST /api/auth/logout [33m401[0m 0.218 ms - 101[0m
[0mPOST /api/auth/logout [33m401[0m 0.165 ms - 101[0m
[0mGET / [32m200[0m 2.201 ms - 21770[0m
[0mPOST /api/auth/logout [33m401[0m 0.198 ms - 101[0m
[0mPOST /api/auth/refresh [33m401[0m 0.239 ms - 101[0m
[0mGET / [32m200[0m 1.916 ms - 21770[0m
[0mPOST /api/auth/logout [33m401[0m 0.174 ms - 101[0m
[0mGET / [32m200[0m 1.131 ms - 21770[0m
[0mPOST /api/auth/logout [33m401[0m 0.155 ms - 101[0m
[0mPOST /api/auth/logout [33m401[0m 0.142 ms - 101[0m
[0mPOST /api/auth/logout [33m401[0m 0.155 ms - 101[0m
[0mPOST /api/auth/refresh [33m401[0m 0.311 ms - 101[0m
[0mGET / [32m200[0m 1.512 ms - 21770[0m
[0mPOST /api/auth/logout [33m401[0m 0.253 ms - 101[0m
[0mPOST /api/auth/logout [33m401[0m 0.255 ms - 101[0m
[0mPOST /api/auth/logout [33m401[0m 0.234 ms - 101[0m
[0mPOST /api/auth/logout [33m401[0m 0.172 ms - 101[0m
[0mGET / [32m200[0m 3.331 ms - 21770[0m
[0mPOST /api/auth/refresh [33m401[0m 0.315 ms - 101[0m
[0mGET / [0m-[0m - ms - -[0m
[0mPOST /api/auth/logout [33m401[0m 0.250 ms - 101[0m
[0mGET / [0m-[0m - ms - -[0m
[0mPOST /api/auth/logout [33m401[0m 0.254 ms - 101[0m
[0mPOST /api/auth/logout [33m401[0m 0.241 ms - 101[0m
[0mPOST /api/auth/logout [33m401[0m 0.187 ms - 101[0m
[0mPOST /api/auth/refresh [33m401[0m 0.262 ms - 101[0m
[0mGET / [0m-[0m - ms - -[0m
[0mGET / [32m200[0m 3.073 ms - 21770[0m
[0mPOST /api/auth/logout [33m401[0m 0.182 ms - 101[0m
[0mPOST /api/auth/logout [33m401[0m 0.152 ms - 101[0m
[0mPOST /api/auth/logout [33m401[0m 0.152 ms - 101[0m
[0mPOST /api/auth/logout [33m401[0m 0.184 ms - 101[0m
[0mGET / [32m200[0m 3.340 ms - 21770[0m
[0mPOST /api/auth/refresh [33m401[0m 0.374 ms - 101[0m
[0mGET / [0m-[0m - ms - -[0m
[0mGET / [0m-[0m - ms - -[0m
[0mPOST /api/auth/logout [33m401[0m 0.231 ms - 101[0m
[0mGET / [32m200[0m 3.023 ms - 21770[0m
[0mPOST /api/auth/logout [33m401[0m 0.157 ms - 101[0m
[0mPOST /api/auth/logout [33m401[0m 0.133 ms - 101[0m
[0mPOST /api/auth/logout [33m401[0m 0.153 ms - 101[0m
[0mPOST /api/auth/refresh [33m401[0m 0.235 ms - 101[0m
[0mGET / [0m-[0m - ms - -[0m
[0mGET / [32m200[0m 3.106 ms - 21770[0m
[0mPOST /api/auth/logout [33m401[0m 0.157 ms - 101[0m
[0mPOST /api/auth/logout [33m401[0m 0.183 ms - 101[0m
[0mPOST /api/auth/logout [33m401[0m 0.150 ms - 101[0m
[0mGET / [32m200[0m 2.784 ms - 21770[0m
[0mPOST /api/auth/logout [33m401[0m 0.142 ms - 101[0m
[0mGET / [32m200[0m 1.913 ms - 21770[0m
[0mPOST /api/auth/refresh [33m401[0m 0.286 ms - 101[0m
[0mGET / [0m-[0m - ms - -[0m
[0mPOST /api/auth/logout [33m401[0m 0.158 ms - 101[0m
[0mGET / [32m200[0m 1.980 ms - 21770[0m
[0mPOST /api/auth/logout [33m401[0m 0.184 ms - 101[0m
[0mPOST /api/auth/logout [33m401[0m 0.146 ms - 101[0m
[0mPOST /api/auth/logout [33m401[0m 0.135 ms - 101[0m
[0mGET / [0m-[0m - ms - -[0m
[0mPOST /api/auth/refresh [33m401[0m 0.267 ms - 101[0m
[0mGET / [32m200[0m 1.534 ms - 21770[0m
[0mPOST /api/auth/logout [33m401[0m 0.224 ms - 101[0m
[0mPOST /api/auth/logout [33m401[0m 0.144 ms - 101[0m
[0mPOST /api/auth/logout [33m401[0m 0.149 ms - 101[0m
[0mPOST /api/auth/logout [33m401[0m 0.124 ms - 101[0m
[0mPOST /api/auth/refresh [33m401[0m 0.230 ms - 101[0m
[0mGET / [32m200[0m 1.145 ms - 21770[0m
[0mPOST /api/auth/logout [33m401[0m 0.189 ms - 101[0m
[0mPOST /api/auth/logout [33m401[0m 0.131 ms - 101[0m
[0mPOST /api/auth/logout [33m401[0m 0.115 ms - 101[0m
[0mPOST /api/auth/logout [33m401[0m 0.117 ms - 101[0m
[0mGET / [0m-[0m - ms - -[0m
[0mPOST /api/auth/refresh [33m401[0m 0.282 ms - 101[0m
[0mGET / [32m200[0m 1.125 ms - 21770[0m
[0mPOST /api/auth/logout [33m401[0m 0.174 ms - 101[0m
[0mPOST /api/auth/logout [33m401[0m 0.134 ms - 101[0m
[0mGET / [32m200[0m 3.079 ms - 21770[0m
[0mPOST /api/auth/logout [33m401[0m 0.142 ms - 101[0m
[0mPOST /api/auth/logout [33m401[0m 0.130 ms - 101[0m
[0mPOST /api/auth/refresh [33m401[0m 0.252 ms - 101[0m
[0mGET / [0m-[0m - ms - -[0m
[0mGET / [32m200[0m 1.919 ms - 21770[0m
[0mPOST /api/auth/logout [33m401[0m 0.154 ms - 101[0m
[0mPOST /api/auth/logout [33m401[0m 0.153 ms - 101[0m
[0mPOST /api/auth/logout [33m401[0m 0.141 ms - 101[0m
[0mPOST /api/auth/logout [33m401[0m 0.134 ms - 101[0m
[0mGET / [0m-[0m - ms - -[0m
[0mGET / [32m200[0m 2.014 ms - 21770[0m
[0mPOST /api/auth/refresh [33m401[0m 0.434 ms - 101[0m
[0mGET / [32m200[0m 1.462 ms - 21770[0m
[0mGET / [32m200[0m 1.112 ms - 21770[0m
[0mGET / [32m200[0m 1.301 ms - 21770[0m
[0mPOST /api/auth/logout [33m401[0m 0.189 ms - 101[0m
[0mPOST /api/auth/logout [33m401[0m 0.221 ms - 101[0m
[0mPOST /api/auth/logout [33m401[0m 0.160 ms - 101[0m
[0mPOST /api/auth/logout [33m401[0m 0.158 ms - 101[0m
[0mGET / [32m200[0m 2.197 ms - 21770[0m
[0mGET / [32m200[0m 1.305 ms - 21770[0m
[0mGET / [32m200[0m 1.201 ms - 21770[0m
[0mPOST /api/auth/refresh [33m401[0m 0.334 ms - 101[0m
[0mGET / [0m-[0m - ms - -[0m
[0mGET / [32m200[0m 1.153 ms - 21770[0m
[0mGET / [32m200[0m 1.243 ms - 21770[0m
[0mPOST /api/auth/logout [33m401[0m 0.188 ms - 101[0m
[0mPOST /api/auth/logout [33m401[0m 0.139 ms - 101[0m
[0mPOST /api/auth/logout [33m401[0m 0.121 ms - 101[0m
[0mPOST /api/auth/logout [33m401[0m 0.237 ms - 101[0m
[0mGET / [0m-[0m - ms - -[0m
[0mGET / [32m200[0m 1.232 ms - 21770[0m
[0mPOST /api/auth/refresh [33m401[0m 0.335 ms - 101[0m
[0mGET / [32m200[0m 1.188 ms - 21770[0m
[0mGET / [32m200[0m 1.167 ms - 21770[0m
[0mGET / [32m200[0m 1.277 ms - 21770[0m
[0mPOST /api/auth/logout [33m401[0m 0.260 ms - 101[0m
[0mPOST /api/auth/logout [33m401[0m 0.210 ms - 101[0m
[0mPOST /api/auth/logout [33m401[0m 0.174 ms - 101[0m
[0mPOST /api/auth/logout [33m401[0m 0.138 ms - 101[0m
[0mGET / [32m200[0m 1.556 ms - 21770[0m
[0mGET / [0m-[0m - ms - -[0m
[0mPOST /api/auth/refresh [33m401[0m 0.294 ms - 101[0m
[0mGET / [32m200[0m 1.006 ms - 21770[0m
[0mGET / [32m200[0m 1.263 ms - 21770[0m
[0mPOST /api/auth/logout [33m401[0m 0.186 ms - 101[0m
[0mPOST /api/auth/logout [33m401[0m 0.186 ms - 101[0m
[0mPOST /api/auth/logout [33m401[0m 0.234 ms - 101[0m
[0mPOST /api/auth/logout [33m401[0m 0.146 ms - 101[0m
[0mPOST /api/auth/refresh [33m401[0m 0.423 ms - 101[0m
[0mGET / [0m-[0m - ms - -[0m
[0mPOST /api/auth/logout [33m401[0m 0.260 ms - 101[0m
[0mPOST /api/auth/logout [33m401[0m 0.216 ms - 101[0m
[0mGET / [32m200[0m 4.136 ms - 21770[0m
[0mPOST /api/auth/logout [33m401[0m 0.204 ms - 101[0m
[0mPOST /api/auth/logout [33m401[0m 0.191 ms - 101[0m
[0mPOST /api/auth/refresh [33m401[0m 0.312 ms - 101[0m
[0mGET / [0m-[0m - ms - -[0m
[0mGET / [32m200[0m 3.277 ms - 21770[0m
[0mPOST /api/auth/logout [33m401[0m 0.158 ms - 101[0m
[0mPOST /api/auth/logout [33m401[0m 0.132 ms - 101[0m
[0mPOST /api/auth/logout [33m401[0m 0.137 ms - 101[0m
[0mPOST /api/auth/logout [33m401[0m 0.139 ms - 101[0m
[0mGET / [0m-[0m - ms - -[0m
[0mPOST /api/auth/refresh [33m401[0m 0.301 ms - 101[0m
[0mGET / [32m200[0m 3.479 ms - 21770[0m
[0mPOST /api/auth/logout [33m401[0m 0.164 ms - 101[0m
[0mPOST /api/auth/logout [33m401[0m 0.176 ms - 101[0m
[0mPOST /api/auth/logout [33m401[0m 0.192 ms - 101[0m
[0mPOST /api/auth/logout [33m401[0m 0.187 ms - 101[0m
[0mGET / [32m200[0m 3.342 ms - 21770[0m
[0mGET / [0m-[0m - ms - -[0m
[0mPOST /api/auth/refresh [33m401[0m 0.298 ms - 101[0m
[0mGET / [0m-[0m - ms - -[0m
[0mPOST /api/auth/logout [33m401[0m 0.186 ms - 101[0m
[0mPOST /api/auth/logout [33m401[0m 0.160 ms - 101[0m
[0mGET / [32m200[0m 2.387 ms - 21770[0m
[0mPOST /api/auth/logout [33m401[0m 0.212 ms - 101[0m
[0mPOST /api/auth/refresh [33m401[0m 0.348 ms - 101[0m
[0mPOST /api/auth/logout [33m401[0m 0.179 ms - 101[0m
[0mPOST /api/auth/logout [33m401[0m 0.183 ms - 101[0m
[0mPOST /api/auth/logout [33m401[0m 0.157 ms - 101[0m
[0mPOST /api/auth/logout [33m401[0m 0.180 ms - 101[0m
[0mPOST /api/auth/refresh [33m401[0m 0.252 ms - 101[0m
[0mGET / [32m200[0m 1.872 ms - 21770[0m
[0mGET / [32m200[0m 1.226 ms - 21770[0m
[0mPOST /api/auth/logout [33m401[0m 0.161 ms - 101[0m
[0mPOST /api/auth/logout [33m401[0m 0.151 ms - 101[0m
[0mPOST /api/auth/logout [33m401[0m 0.152 ms - 101[0m
[0mPOST /api/auth/logout [33m401[0m 0.169 ms - 101[0m
[0mGET / [0m-[0m - ms - -[0m
[0mPOST /api/auth/refresh [33m401[0m 0.262 ms - 101[0m
[0mGET / [32m200[0m 1.857 ms - 21770[0m
[0mPOST /api/auth/logout [33m401[0m 0.161 ms - 101[0m
[0mPOST /api/auth/logout [33m401[0m 0.260 ms - 101[0m
[0mPOST /api/auth/logout [33m401[0m 0.295 ms - 101[0m
[0mPOST /api/auth/logout [33m401[0m 0.241 ms - 101[0m
[0mGET / [0m-[0m - ms - -[0m
[0mPOST /api/auth/refresh [33m401[0m 0.307 ms - 101[0m
[0mGET / [0m-[0m - ms - -[0m
[0mGET / [0m-[0m - ms - -[0m
[0mGET / [32m200[0m 2.334 ms - 21770[0m
[0mPOST /api/auth/logout [33m401[0m 0.173 ms - 101[0m
[0mPOST /api/auth/logout [33m401[0m 0.221 ms - 101[0m
[0mPOST /api/auth/logout [33m401[0m 0.239 ms - 101[0m
[0mPOST /api/auth/logout [33m401[0m 0.165 ms - 101[0m
[0mGET / [0m-[0m - ms - -[0m
[0mPOST /api/auth/refresh [33m401[0m 0.276 ms - 101[0m
[0mGET / [0m-[0m - ms - -[0m
[0mPOST /api/auth/logout [33m401[0m 0.171 ms - 101[0m
[0mGET / [0m-[0m - ms - -[0m
[0mPOST /api/auth/logout [33m401[0m 0.138 ms - 101[0m
[0mPOST /api/auth/logout [33m401[0m 0.145 ms - 101[0m
[0mPOST /api/auth/logout [33m401[0m 0.131 ms - 101[0m
[0mPOST /api/auth/refresh [33m401[0m 0.241 ms - 101[0m
[0mGET / [0m-[0m - ms - -[0m
[0mGET / [0m-[0m - ms - -[0m
[0mPOST /api/auth/logout [33m401[0m 0.271 ms - 101[0m
[0mPOST /api/auth/logout [33m401[0m 0.165 ms - 101[0m
[0mPOST /api/auth/logout [33m401[0m 0.144 ms - 101[0m
[0mPOST /api/auth/logout [33m401[0m 0.131 ms - 101[0m
[0mGET / [0m-[0m - ms - -[0m
[0mPOST /api/auth/refresh [33m401[0m 0.257 ms - 101[0m
[0mGET / [32m200[0m 2.814 ms - 21770[0m
[0mPOST /api/auth/logout [33m401[0m 0.177 ms - 101[0m
[0mGET / [32m200[0m 1.952 ms - 21770[0m
[0mPOST /api/auth/logout [33m401[0m 0.145 ms - 101[0m
[0mPOST /api/auth/logout [33m401[0m 0.121 ms - 101[0m
[0mPOST /api/auth/logout [33m401[0m 0.118 ms - 101[0m
[0mGET / [32m200[0m 1.330 ms - 21770[0m
[0mPOST /api/auth/refresh [33m401[0m 0.464 ms - 101[0m
[0mPOST /api/auth/logout [33m401[0m 0.168 ms - 101[0m
[0mPOST /api/auth/logout [33m401[0m 0.126 ms - 101[0m
[0mPOST /api/auth/logout [33m401[0m 0.162 ms - 101[0m
[0mPOST /api/auth/logout [33m401[0m 0.122 ms - 101[0m
[0mPOST /api/auth/refresh [33m401[0m 0.235 ms - 101[0m
[0mPOST /api/auth/logout [33m401[0m 0.173 ms - 101[0m
[0mPOST /api/auth/logout [33m401[0m 0.171 ms - 101[0m
[0mPOST /api/auth/logout [33m401[0m 0.125 ms - 101[0m
[0mGET / [32m200[0m 1.178 ms - 21770[0m
[0mPOST /api/auth/logout [33m401[0m 0.231 ms - 101[0m
[0mGET / [0m-[0m - ms - -[0m
[0mGET / [32m200[0m 2.802 ms - 21770[0m
[0mPOST /api/auth/refresh [33m401[0m 0.440 ms - 101[0m
[0mGET / [32m200[0m 1.619 ms - 21770[0m
[0mGET / [32m200[0m 1.529 ms - 21770[0m
[0mPOST /api/auth/logout [33m401[0m 0.237 ms - 101[0m
[0mPOST /api/auth/logout [33m401[0m 0.164 ms - 101[0m
[0mPOST /api/auth/logout [33m401[0m 0.146 ms - 101[0m
[0mPOST /api/auth/logout [33m401[0m 0.141 ms - 101[0m
[0mGET / [32m200[0m 2.549 ms - 21770[0m
[0mPOST /api/auth/refresh [33m401[0m 0.424 ms - 101[0m
[0mPOST /api/auth/logout [33m401[0m 0.178 ms - 101[0m
[0mPOST /api/auth/refresh [33m401[0m 0.265 ms - 101[0m
[0mGET / [32m200[0m 250.667 ms - 21770[0m
[0mPOST /api/auth/logout [33m401[0m 0.205 ms - 101[0m
[0mPOST /api/auth/logout [33m401[0m 0.216 ms - 101[0m
[0mPOST /api/auth/logout [33m401[0m 0.149 ms - 101[0m
[0mGET / [0m-[0m - ms - -[0m
[0mGET / [0m-[0m - ms - -[0m
[0mGET / [0m-[0m - ms - -[0m
[0mGET / [0m-[0m - ms - -[0m
[0mGET / [0m-[0m - ms - -[0m
[0mGET / [0m-[0m - ms - -[0m
[0mGET / [0m-[0m - ms - -[0m
[0mGET / [0m-[0m - ms - -[0m
[0mGET / [0m-[0m - ms - -[0m
[0mGET / [0m-[0m - ms - -[0m
[0mGET / [0m-[0m - ms - -[0m
[0mGET / [0m-[0m - ms - -[0m
[0mGET / [0m-[0m - ms - -[0m
[0mGET / [0m-[0m - ms - -[0m
[0mGET / [0m-[0m - ms - -[0m
[0mGET / [0m-[0m - ms - -[0m
[0mGET / [0m-[0m - ms - -[0m
[0mGET / [0m-[0m - ms - -[0m
[0mGET / [0m-[0m - ms - -[0m
[0mGET / [0m-[0m - ms - -[0m
[0mGET / [0m-[0m - ms - -[0m
[0mGET / [0m-[0m - ms - -[0m
[0mGET / [0m-[0m - ms - -[0m
[0mGET / [0m-[0m - ms - -[0m
[0mGET / [0m-[0m - ms - -[0m
[0mGET / [0m-[0m - ms - -[0m
[0mGET / [0m-[0m - ms - -[0m
[0mGET / [0m-[0m - ms - -[0m
[0mGET / [0m-[0m - ms - -[0m
[0mPOST /api/auth/logout [33m401[0m 0.183 ms - 101[0m
[0mPOST /api/auth/refresh [33m401[0m 0.263 ms - 101[0m
[0mGET / [0m-[0m - ms - -[0m
[0mGET / [0m-[0m - ms - -[0m
[0mGET / [0m-[0m - ms - -[0m
[0mGET / [0m-[0m - ms - -[0m
[0mGET / [0m-[0m - ms - -[0m
[0mGET / [0m-[0m - ms - -[0m
[0mGET / [0m-[0m - ms - -[0m
[0mGET / [0m-[0m - ms - -[0m
[0mGET / [0m-[0m - ms - -[0m
[0mGET / [0m-[0m - ms - -[0m
[0mGET / [0m-[0m - ms - -[0m
[0mGET / [0m-[0m - ms - -[0m
[0mGET / [0m-[0m - ms - -[0m
[0mGET / [0m-[0m - ms - -[0m
[0mGET / [0m-[0m - ms - -[0m
[0mGET / [0m-[0m - ms - -[0m
[0mGET / [0m-[0m - ms - -[0m
[0mGET / [0m-[0m - ms - -[0m
[0mGET / [32m200[0m 7.510 ms - 21770[0m
[0mPOST /api/auth/logout [33m401[0m 0.154 ms - 101[0m
[0mPOST /api/auth/logout [33m401[0m 0.134 ms - 101[0m
[0mPOST /api/auth/logout [33m401[0m 0.143 ms - 101[0m
[0mPOST /api/auth/logout [33m401[0m 0.133 ms - 101[0m
[0mPOST /api/auth/refresh [33m401[0m 0.368 ms - 101[0m
[0mGET / [0m-[0m - ms - -[0m
[0mGET / [0m-[0m - ms - -[0m
[0mGET / [0m-[0m - ms - -[0m
[0mGET / [32m200[0m 5.366 ms - 21770[0m
[0mPOST /api/auth/logout [33m401[0m 0.136 ms - 101[0m
[0mPOST /api/auth/logout [33m401[0m 0.112 ms - 101[0m
[0mPOST /api/auth/logout [33m401[0m 0.146 ms - 101[0m
[0mPOST /api/auth/logout [33m401[0m 0.120 ms - 101[0m
[0mPOST /api/auth/refresh [33m401[0m 0.223 ms - 101[0m
[0mGET / [32m200[0m 1.168 ms - 21770[0m
[0mPOST /api/auth/logout [33m401[0m 0.171 ms - 101[0m
[0mPOST /api/auth/logout [33m401[0m 0.190 ms - 101[0m
[0mPOST /api/auth/logout [33m401[0m 0.132 ms - 101[0m
[0mPOST /api/auth/logout [33m401[0m 0.124 ms - 101[0m
[0mPOST /api/auth/refresh [33m401[0m 0.230 ms - 101[0m
[0mGET / [32m200[0m 1.801 ms - 21770[0m
[0mPOST /api/auth/logout [33m401[0m 0.146 ms - 101[0m
[0mGET / [32m200[0m 2.017 ms - 21770[0m
[0mPOST /api/auth/logout [33m401[0m 0.254 ms - 101[0m
[0mPOST /api/auth/logout [33m401[0m 0.148 ms - 101[0m
[0mPOST /api/auth/logout [33m401[0m 0.175 ms - 101[0m
[0mPOST /api/auth/refresh [33m401[0m 0.425 ms - 101[0m
[0mGET / [32m200[0m 2.709 ms - 21770[0m
[0mPOST /api/auth/logout [33m401[0m 0.230 ms - 101[0m
[0mGET / [0m-[0m - ms - -[0m
[0mPOST /api/auth/logout [33m401[0m 0.227 ms - 101[0m
[0mPOST /api/auth/logout [33m401[0m 0.241 ms - 101[0m
[0mPOST /api/auth/logout [33m401[0m 0.219 ms - 101[0m
[0mPOST /api/auth/refresh [33m401[0m 0.389 ms - 101[0m
[0mGET / [0m-[0m - ms - -[0m
[0mGET / [0m-[0m - ms - -[0m
[0mGET / [0m-[0m - ms - -[0m
[0mPOST /api/auth/logout [33m401[0m 0.167 ms - 101[0m
[0mPOST /api/auth/logout [33m401[0m 0.125 ms - 101[0m
[0mPOST /api/auth/logout [33m401[0m 0.146 ms - 101[0m
[0mPOST /api/auth/logout [33m401[0m 0.127 ms - 101[0m
[0mGET / [0m-[0m - ms - -[0m
[0mPOST /api/auth/refresh [33m401[0m 0.243 ms - 101[0m
[0mGET / [32m200[0m 2.631 ms - 21770[0m
[0mPOST /api/auth/logout [33m401[0m 0.146 ms - 101[0m
[0mGET / [0m-[0m - ms - -[0m
[0mGET / [32m200[0m 2.107 ms - 21770[0m
[0mPOST /api/auth/logout [33m401[0m 0.139 ms - 101[0m
[0mPOST /api/auth/logout [33m401[0m 0.121 ms - 101[0m
[0mPOST /api/auth/logout [33m401[0m 0.137 ms - 101[0m
[0mPOST /api/auth/refresh [33m401[0m 0.292 ms - 101[0m
[0mGET / [0m-[0m - ms - -[0m
[0mGET / [32m200[0m 1.046 ms - 21770[0m
[0mPOST /api/auth/logout [33m401[0m 0.144 ms - 101[0m
[0mPOST /api/auth/logout [33m401[0m 0.159 ms - 101[0m
[0mPOST /api/auth/logout [33m401[0m 0.191 ms - 101[0m
[0mPOST /api/auth/logout [33m401[0m 0.168 ms - 101[0m
[0mGET / [0m-[0m - ms - -[0m
[0mPOST /api/auth/refresh [33m401[0m 0.434 ms - 101[0m
[0mGET / [32m200[0m 4.199 ms - 21770[0m
[0mPOST /api/auth/logout [33m401[0m 0.293 ms - 101[0m
[0mPOST /api/auth/logout [33m401[0m 0.167 ms - 101[0m
[0mPOST /api/auth/logout [33m401[0m 0.152 ms - 101[0m
[0mPOST /api/auth/logout [33m401[0m 0.155 ms - 101[0m
[0mPOST /api/auth/refresh [33m401[0m 0.227 ms - 101[0m
[0mGET / [0m-[0m - ms - -[0m
[0mPOST /api/auth/logout [33m401[0m 0.221 ms - 101[0m
[0mPOST /api/auth/logout [33m401[0m 0.150 ms - 101[0m
[0mPOST /api/auth/logout [33m401[0m 0.135 ms - 101[0m
[0mGET / [32m200[0m 2.176 ms - 21770[0m
[0mPOST /api/auth/logout [33m401[0m 0.148 ms - 101[0m
[0mPOST /api/auth/refresh [33m401[0m 0.289 ms - 101[0m
[0mGET / [32m200[0m 1.944 ms - 21770[0m
[0mPOST /api/auth/logout [33m401[0m 0.224 ms - 101[0m
[0mGET / [32m200[0m 2.722 ms - 21770[0m
[0mPOST /api/auth/logout [33m401[0m 0.242 ms - 101[0m
[0mPOST /api/auth/logout [33m401[0m 0.189 ms - 101[0m
[0mPOST /api/auth/logout [33m401[0m 0.165 ms - 101[0m
[0mPOST /api/auth/refresh [33m401[0m 0.279 ms - 101[0m
[0mGET / [0m-[0m - ms - -[0m
[0mPOST /api/auth/logout [33m401[0m 0.235 ms - 101[0m
[0mPOST /api/auth/logout [33m401[0m 0.152 ms - 101[0m
[0mGET / [32m200[0m 2.761 ms - 21770[0m
[0mPOST /api/auth/logout [33m401[0m 0.141 ms - 101[0m
[0mPOST /api/auth/logout [33m401[0m 0.153 ms - 101[0m
[0mGET / [0m-[0m - ms - -[0m
[0mPOST /api/auth/refresh [33m401[0m 0.318 ms - 101[0m
[0mGET / [0m-[0m - ms - -[0m
[0mPOST /api/auth/logout [33m401[0m 0.215 ms - 101[0m
[0mGET / [32m200[0m 2.909 ms - 21770[0m
[0mPOST /api/auth/logout [33m401[0m 0.222 ms - 101[0m
[0mPOST /api/auth/logout [33m401[0m 0.194 ms - 101[0m
[0mPOST /api/auth/logout [33m401[0m 0.201 ms - 101[0m
[0mGET / [0m-[0m - ms - -[0m
[0mPOST /api/auth/refresh [33m401[0m 0.310 ms - 101[0m
[0mGET / [0m-[0m - ms - -[0m
[0mPOST /api/auth/logout [33m401[0m 0.171 ms - 101[0m
[0mPOST /api/auth/logout [33m401[0m 0.247 ms - 101[0m
[0mPOST /api/auth/logout [33m401[0m 0.132 ms - 101[0m
[0mGET / [32m200[0m 1.481 ms - 21770[0m
[0mPOST /api/auth/logout [33m401[0m 0.228 ms - 101[0m
[0mGET / [0m-[0m - ms - -[0m
[0mPOST /api/auth/refresh [33m401[0m 0.279 ms - 101[0m
[0mGET / [32m200[0m 1.315 ms - 21770[0m
[0mPOST /api/auth/logout [33m401[0m 0.343 ms - 101[0m
[0mPOST /api/auth/logout [33m401[0m 0.376 ms - 101[0m
[0mPOST /api/auth/logout [33m401[0m 0.174 ms - 101[0m
[0mGET / [32m200[0m 2.060 ms - 21770[0m
[0mPOST /api/auth/logout [33m401[0m 0.162 ms - 101[0m
[0mPOST /api/auth/refresh [33m401[0m 0.351 ms - 101[0m
[0mGET / [0m-[0m - ms - -[0m
[0mPOST /api/auth/logout [33m401[0m 0.205 ms - 101[0m
[0mGET / [32m200[0m 2.835 ms - 21770[0m
[0mPOST /api/auth/logout [33m401[0m 0.213 ms - 101[0m
[0mPOST /api/auth/logout [33m401[0m 0.177 ms - 101[0m
[0mPOST /api/auth/logout [33m401[0m 0.169 ms - 101[0m
[0mPOST /api/auth/refresh [33m401[0m 0.292 ms - 101[0m
[0mGET / [0m-[0m - ms - -[0m
[0mGET / [32m200[0m 2.866 ms - 21770[0m
[0mPOST /api/auth/logout [33m401[0m 0.161 ms - 101[0m
[0mPOST /api/auth/logout [33m401[0m 0.139 ms - 101[0m
[0mPOST /api/auth/logout [33m401[0m 0.135 ms - 101[0m
[0mPOST /api/auth/logout [33m401[0m 0.136 ms - 101[0m
[0mGET / [0m-[0m - ms - -[0m
[0mPOST /api/auth/refresh [33m401[0m 0.291 ms - 101[0m
[0mGET / [0m-[0m - ms - -[0m
[0mPOST /api/auth/logout [33m401[0m 0.148 ms - 101[0m
[0mGET / [32m200[0m 2.101 ms - 21770[0m
[0mPOST /api/auth/logout [33m401[0m 0.181 ms - 101[0m
[0mPOST /api/auth/logout [33m401[0m 0.147 ms - 101[0m
[0mPOST /api/auth/logout [33m401[0m 0.132 ms - 101[0m
[0mPOST /api/auth/refresh [33m401[0m 0.242 ms - 101[0m
[0mPOST /api/auth/logout [33m401[0m 0.163 ms - 101[0m
[0mPOST /api/auth/logout [33m401[0m 0.170 ms - 101[0m
[0mPOST /api/auth/logout [33m401[0m 0.238 ms - 101[0m
[0mPOST /api/auth/logout [33m401[0m 0.213 ms - 101[0m
[0mGET / [32m200[0m 1.740 ms - 21770[0m
[0mGET / [32m200[0m 1.444 ms - 21770[0m
[0mPOST /api/auth/refresh [33m401[0m 0.301 ms - 101[0m
[0mGET / [32m200[0m 1.202 ms - 21770[0m
[0mPOST /api/auth/logout [33m401[0m 0.178 ms - 101[0m
[0mPOST /api/auth/logout [33m401[0m 0.181 ms - 101[0m
[0mPOST /api/auth/logout [33m401[0m 0.206 ms - 101[0m
[0mPOST /api/auth/logout [33m401[0m 0.222 ms - 101[0m
[0mGET / [32m200[0m 2.322 ms - 21770[0m
[0mPOST /api/auth/refresh [33m401[0m 0.273 ms - 101[0m
[0mGET / [32m200[0m 2.398 ms - 21770[0m
[0mPOST /api/auth/logout [33m401[0m 0.174 ms - 101[0m
[0mPOST /api/auth/logout [33m401[0m 0.209 ms - 101[0m
[0mGET / [32m200[0m 2.321 ms - 21770[0m
[0mPOST /api/auth/logout [33m401[0m 0.147 ms - 101[0m
[0mPOST /api/auth/logout [33m401[0m 0.137 ms - 101[0m
[0mPOST /api/auth/refresh [33m401[0m 0.247 ms - 101[0m
[0mGET / [0m-[0m - ms - -[0m
[0mGET / [0m-[0m - ms - -[0m
[0mPOST /api/auth/logout [33m401[0m 0.209 ms - 101[0m
[0mPOST /api/auth/logout [33m401[0m 0.188 ms - 101[0m
[0mGET / [32m200[0m 1.262 ms - 21770[0m
[0mPOST /api/auth/logout [33m401[0m 0.173 ms - 101[0m
[0mPOST /api/auth/logout [33m401[0m 0.139 ms - 101[0m
[0mPOST /api/auth/refresh [33m401[0m 0.245 ms - 101[0m
[0mGET / [0m-[0m - ms - -[0m
[0mPOST /api/auth/logout [33m401[0m 0.159 ms - 101[0m
[0mGET / [32m200[0m 1.358 ms - 21770[0m
[0mPOST /api/auth/logout [33m401[0m 0.160 ms - 101[0m
[0mPOST /api/auth/logout [33m401[0m 0.133 ms - 101[0m
[0mPOST /api/auth/logout [33m401[0m 0.140 ms - 101[0m
[0mGET / [0m-[0m - ms - -[0m
[0mPOST /api/auth/refresh [33m401[0m 0.344 ms - 101[0m
[0mGET / [32m200[0m 1.172 ms - 21770[0m
[0mPOST /api/auth/logout [33m401[0m 0.186 ms - 101[0m
[0mPOST /api/auth/logout [33m401[0m 0.175 ms - 101[0m
[0mPOST /api/auth/logout [33m401[0m 0.150 ms - 101[0m
[0mGET / [32m200[0m 1.217 ms - 21770[0m
[0mPOST /api/auth/logout [33m401[0m 0.185 ms - 101[0m
[0mGET / [32m200[0m 2.525 ms - 21770[0m
[0mPOST /api/auth/refresh [33m401[0m 0.310 ms - 101[0m
[0mGET / [0m-[0m - ms - -[0m
[0mGET / [32m200[0m 1.076 ms - 21770[0m
[0mPOST /api/auth/logout [33m401[0m 0.174 ms - 101[0m
[0mPOST /api/auth/logout [33m401[0m 0.149 ms - 101[0m
[0mPOST /api/auth/logout [33m401[0m 0.142 ms - 101[0m
[0mPOST /api/auth/logout [33m401[0m 0.140 ms - 101[0m
[0mPOST /api/auth/refresh [33m401[0m 0.295 ms - 101[0m
[0mGET / [32m200[0m 2.018 ms - 21770[0m
[0mPOST /api/auth/logout [33m401[0m 0.197 ms - 101[0m
[0mPOST /api/auth/logout [33m401[0m 0.137 ms - 101[0m
[0mGET / [32m200[0m 1.818 ms - 21770[0m
[0mPOST /api/auth/logout [33m401[0m 0.146 ms - 101[0m
[0mPOST /api/auth/logout [33m401[0m 0.134 ms - 101[0m
[0mPOST /api/auth/refresh [33m401[0m 0.211 ms - 101[0m
[0mGET / [32m200[0m 1.067 ms - 21770[0m
[0mPOST /api/auth/logout [33m401[0m 0.243 ms - 101[0m
[0mPOST /api/auth/logout [33m401[0m 0.277 ms - 101[0m
[0mPOST /api/auth/logout [33m401[0m 0.276 ms - 101[0m
[0mPOST /api/auth/logout [33m401[0m 0.163 ms - 101[0m
[0mPOST /api/auth/refresh [33m401[0m 0.354 ms - 101[0m
[0mPOST /api/auth/logout [33m401[0m 0.184 ms - 101[0m
[0mGET / [32m200[0m 2.086 ms - 21770[0m
[0mPOST /api/auth/logout [33m401[0m 0.159 ms - 101[0m
[0mPOST /api/auth/logout [33m401[0m 0.156 ms - 101[0m
[0mPOST /api/auth/logout [33m401[0m 0.129 ms - 101[0m
[0mPOST /api/auth/refresh [33m401[0m 0.249 ms - 101[0m
[0mGET / [0m-[0m - ms - -[0m
[0mGET / [0m-[0m - ms - -[0m
[0mPOST /api/auth/logout [33m401[0m 0.222 ms - 101[0m
[0mPOST /api/auth/logout [33m401[0m 0.139 ms - 101[0m
[0mPOST /api/auth/logout [33m401[0m 0.129 ms - 101[0m
[0mPOST /api/auth/logout [33m401[0m 0.121 ms - 101[0m
[0mGET / [32m200[0m 2.459 ms - 21770[0m
[0mPOST /api/auth/refresh [33m401[0m 0.258 ms - 101[0m
[0mGET / [0m-[0m - ms - -[0m
[0mPOST /api/auth/logout [33m401[0m 0.141 ms - 101[0m
[0mGET / [32m200[0m 1.840 ms - 21770[0m
[0mPOST /api/auth/logout [33m401[0m 0.149 ms - 101[0m
[0mPOST /api/auth/logout [33m401[0m 0.129 ms - 101[0m
[0mPOST /api/auth/logout [33m401[0m 0.156 ms - 101[0m
[0mPOST /api/auth/refresh [33m401[0m 0.339 ms - 101[0m
[0mGET / [32m200[0m 1.254 ms - 21770[0m
[0mPOST /api/auth/logout [33m401[0m 0.302 ms - 101[0m
[0mPOST /api/auth/logout [33m401[0m 0.143 ms - 101[0m
[0mPOST /api/auth/logout [33m401[0m 0.178 ms - 101[0m
[0mGET / [32m200[0m 1.071 ms - 21770[0m
[0mPOST /api/auth/logout [33m401[0m 0.142 ms - 101[0m
[0mPOST /api/auth/refresh [33m401[0m 0.225 ms - 101[0m
[0mGET / [0m-[0m - ms - -[0m
[0mPOST /api/auth/logout [33m401[0m 0.148 ms - 101[0m
[0mGET / [32m200[0m 1.797 ms - 21770[0m
[0mPOST /api/auth/logout [33m401[0m 0.142 ms - 101[0m
[0mPOST /api/auth/logout [33m401[0m 0.125 ms - 101[0m
[0mPOST /api/auth/logout [33m401[0m 0.143 ms - 101[0m
[0mGET / [32m200[0m 1.155 ms - 21770[0m
[0mPOST /api/auth/refresh [33m401[0m 0.305 ms - 101[0m
[0mPOST /api/auth/logout [33m401[0m 0.176 ms - 101[0m
[0mPOST /api/auth/refresh [33m401[0m 0.320 ms - 101[0m
[0mPOST /api/auth/logout [33m401[0m 0.240 ms - 101[0m
[0mPOST /api/auth/logout [33m401[0m 0.163 ms - 101[0m
[0mPOST /api/auth/logout [33m401[0m 0.157 ms - 101[0m
[0mGET / [0m-[0m - ms - -[0m
[0mGET / [0m-[0m - ms - -[0m
[0mGET / [0m-[0m - ms - -[0m
[0mGET / [0m-[0m - ms - -[0m
[0mGET / [0m-[0m - ms - -[0m
[0mGET / [0m-[0m - ms - -[0m
[0mGET / [0m-[0m - ms - -[0m
[0mGET / [0m-[0m - ms - -[0m
[0mGET / [0m-[0m - ms - -[0m
[0mGET / [0m-[0m - ms - -[0m
[0mGET / [0m-[0m - ms - -[0m
[0mGET / [0m-[0m - ms - -[0m
[0mGET / [0m-[0m - ms - -[0m
[0mGET / [0m-[0m - ms - -[0m
[0mGET / [0m-[0m - ms - -[0m
[0mGET / [0m-[0m - ms - -[0m
[0mGET / [0m-[0m - ms - -[0m
[0mGET / [0m-[0m - ms - -[0m
[0mGET / [0m-[0m - ms - -[0m
[0mGET / [0m-[0m - ms - -[0m
[0mGET / [0m-[0m - ms - -[0m
[0mGET / [0m-[0m - ms - -[0m
[0mGET / [0m-[0m - ms - -[0m
[0mGET / [0m-[0m - ms - -[0m
[0mGET / [0m-[0m - ms - -[0m
[0mGET / [0m-[0m - ms - -[0m
[0mGET / [0m-[0m - ms - -[0m
[0mGET / [0m-[0m - ms - -[0m
[0mGET / [0m-[0m - ms - -[0m
[0mGET / [0m-[0m - ms - -[0m
[0mPOST /api/auth/logout [33m401[0m 0.157 ms - 101[0m
[0mPOST /api/auth/refresh [33m401[0m 0.247 ms - 101[0m
[0mGET / [0m-[0m - ms - -[0m
[0mGET / [0m-[0m - ms - -[0m
[0mGET / [0m-[0m - ms - -[0m
[0mGET / [0m-[0m - ms - -[0m
[0mGET / [0m-[0m - ms - -[0m
[0mGET / [0m-[0m - ms - -[0m
[0mGET / [0m-[0m - ms - -[0m
[0mGET / [0m-[0m - ms - -[0m
[0mGET / [0m-[0m - ms - -[0m
[0mGET / [0m-[0m - ms - -[0m
[0mGET / [0m-[0m - ms - -[0m
[0mGET / [0m-[0m - ms - -[0m
[0mGET / [0m-[0m - ms - -[0m
[0mGET / [0m-[0m - ms - -[0m
[0mGET / [0m-[0m - ms - -[0m
[0mGET / [0m-[0m - ms - -[0m
[0mGET / [0m-[0m - ms - -[0m
[0mGET / [0m-[0m - ms - -[0m
[0mGET / [0m-[0m - ms - -[0m
[0mGET / [0m-[0m - ms - -[0m
[0mGET / [0m-[0m - ms - -[0m
[0mGET / [0m-[0m - ms - -[0m
[0mGET / [0m-[0m - ms - -[0m
[0mGET / [0m-[0m - ms - -[0m
[0mGET / [0m-[0m - ms - -[0m
[0mGET / [0m-[0m - ms - -[0m
[0mGET / [32m200[0m 9.367 ms - 21770[0m
[0mPOST /api/auth/logout [33m401[0m 0.141 ms - 101[0m
[0mPOST /api/auth/logout [33m401[0m 0.112 ms - 101[0m
[0mPOST /api/auth/logout [33m401[0m 0.119 ms - 101[0m
[0mPOST /api/auth/logout [33m401[0m 0.151 ms - 101[0m
[0mPOST /api/auth/refresh [33m401[0m 0.257 ms - 101[0m
[0mGET / [0m-[0m - ms - -[0m
[0mGET / [0m-[0m - ms - -[0m
[0mGET / [0m-[0m - ms - -[0m
[0mGET / [32m200[0m 4.859 ms - 21770[0m
[0mPOST /api/auth/logout [33m401[0m 0.157 ms - 101[0m
[0mPOST /api/auth/logout [33m401[0m 0.167 ms - 101[0m
[0mPOST /api/auth/logout [33m401[0m 0.226 ms - 101[0m
[0mPOST /api/auth/logout [33m401[0m 0.242 ms - 101[0m
[0mPOST /api/auth/refresh [33m401[0m 0.427 ms - 101[0m
[0mGET / [32m200[0m 2.018 ms - 21770[0m
[0mPOST /api/auth/logout [33m401[0m 0.259 ms - 101[0m
[0mPOST /api/auth/logout [33m401[0m 0.203 ms - 101[0m
[0mPOST /api/auth/logout [33m401[0m 0.248 ms - 101[0m
[0mPOST /api/auth/refresh [33m401[0m 0.471 ms - 101[0m
[0mPOST /api/auth/logout [33m401[0m 0.257 ms - 101[0m
[0mGET / [0m-[0m - ms - -[0m
[0mGET / [0m-[0m - ms - -[0m
[0mGET / [0m-[0m - ms - -[0m
[0mPOST /api/auth/logout [33m401[0m 0.138 ms - 101[0m
[0mPOST /api/auth/logout [33m401[0m 0.116 ms - 101[0m
[0mPOST /api/auth/logout [33m401[0m 0.158 ms - 101[0m
[0mPOST /api/auth/refresh [33m401[0m 0.213 ms - 101[0m
[0mGET / [0m-[0m - ms - -[0m
[0mPOST /api/auth/logout [33m401[0m 0.181 ms - 101[0m
[0mGET / [32m200[0m 2.312 ms - 21770[0m
[0mPOST /api/auth/logout [33m401[0m 0.185 ms - 101[0m
[0mPOST /api/auth/logout [33m401[0m 0.177 ms - 101[0m
[0mPOST /api/auth/logout [33m401[0m 0.168 ms - 101[0m
[0mPOST /api/auth/refresh [33m401[0m 0.303 ms - 101[0m
[0mGET / [32m200[0m 1.147 ms - 21770[0m
[0mPOST /api/auth/logout [33m401[0m 0.200 ms - 101[0m
[0mPOST /api/auth/logout [33m401[0m 0.170 ms - 101[0m
[0mPOST /api/auth/logout [33m401[0m 0.234 ms - 101[0m
[0mPOST /api/auth/logout [33m401[0m 0.170 ms - 101[0m
[0mPOST /api/auth/refresh [33m401[0m 0.300 ms - 101[0m
[0mGET / [32m200[0m 2.239 ms - 21770[0m
[0mPOST /api/auth/logout [33m401[0m 0.163 ms - 101[0m
[0mPOST /api/auth/logout [33m401[0m 0.133 ms - 101[0m
[0mGET / [32m200[0m 2.876 ms - 21770[0m
[0mPOST /api/auth/logout [33m401[0m 0.162 ms - 101[0m
[0mPOST /api/auth/logout [33m401[0m 0.154 ms - 101[0m
[0mPOST /api/auth/refresh [33m401[0m 0.259 ms - 101[0m
[0mGET / [0m-[0m - ms - -[0m
[0mGET / [32m200[0m 1.219 ms - 21770[0m
[0mPOST /api/auth/logout [33m401[0m 0.164 ms - 101[0m
[0mPOST /api/auth/logout [33m401[0m 0.262 ms - 101[0m
[0mPOST /api/auth/logout [33m401[0m 0.150 ms - 101[0m
[0mPOST /api/auth/logout [33m401[0m 0.131 ms - 101[0m
[0mGET / [32m200[0m 2.715 ms - 21770[0m
[0mPOST /api/auth/refresh [33m401[0m 0.312 ms - 101[0m
[0mGET / [0m-[0m - ms - -[0m
[0mPOST /api/auth/logout [33m401[0m 0.147 ms - 101[0m
[0mGET / [32m200[0m 1.918 ms - 21770[0m
[0mPOST /api/auth/logout [33m401[0m 0.165 ms - 101[0m
[0mPOST /api/auth/logout [33m401[0m 0.133 ms - 101[0m
[0mPOST /api/auth/logout [33m401[0m 0.164 ms - 101[0m
[0mPOST /api/auth/refresh [33m401[0m 0.322 ms - 101[0m
[0mGET / [32m200[0m 2.305 ms - 21770[0m
[0mPOST /api/auth/logout [33m401[0m 0.149 ms - 101[0m
[0mPOST /api/auth/logout [33m401[0m 0.145 ms - 101[0m
[0mGET / [32m200[0m 1.831 ms - 21770[0m
[0mPOST /api/auth/logout [33m401[0m 0.139 ms - 101[0m
[0mPOST /api/auth/logout [33m401[0m 0.117 ms - 101[0m
[0mPOST /api/auth/refresh [33m401[0m 0.226 ms - 101[0m
[0mGET / [32m200[0m 2.272 ms - 21770[0m
[0mGET / [32m200[0m 1.110 ms - 21770[0m
[0mPOST /api/auth/logout [33m401[0m 0.210 ms - 101[0m
[0mPOST /api/auth/logout [33m401[0m 0.165 ms - 101[0m
[0mPOST /api/auth/logout [33m401[0m 0.283 ms - 101[0m
[0mPOST /api/auth/logout [33m401[0m 0.168 ms - 101[0m
[0mGET / [0m-[0m - ms - -[0m
[0mPOST /api/auth/refresh [33m401[0m 0.290 ms - 101[0m
[0mGET / [32m200[0m 3.154 ms - 21770[0m
[0mGET / [0m-[0m - ms - -[0m
[0mPOST /api/auth/logout [33m401[0m 0.156 ms - 101[0m
[0mPOST /api/auth/logout [33m401[0m 0.189 ms - 101[0m
[0mGET / [0m-[0m - ms - -[0m
[0mPOST /api/auth/logout [33m401[0m 0.157 ms - 101[0m
[0mPOST /api/auth/refresh [33m401[0m 0.290 ms - 101[0m
[0mPOST /api/auth/logout [33m401[0m 0.147 ms - 101[0m
[0mPOST /api/auth/logout [33m401[0m 0.157 ms - 101[0m
[0mGET / [0m-[0m - ms - -[0m
[0mPOST /api/auth/logout [33m401[0m 0.148 ms - 101[0m
[0mGET / [32m200[0m 2.738 ms - 21770[0m
[0mPOST /api/auth/logout [33m401[0m 0.134 ms - 101[0m
[0mPOST /api/auth/refresh [33m401[0m 0.220 ms - 101[0m
[0mGET / [32m200[0m 1.755 ms - 21770[0m
[0mPOST /api/auth/logout [33m401[0m 0.183 ms - 101[0m
[0mGET / [32m200[0m 1.333 ms - 21770[0m
[0mPOST /api/auth/logout [33m401[0m 0.182 ms - 101[0m
[0mPOST /api/auth/logout [33m401[0m 0.263 ms - 101[0m
[0mPOST /api/auth/logout [33m401[0m 0.167 ms - 101[0m
[0mPOST /api/auth/refresh [33m401[0m 0.236 ms - 101[0m
[0mPOST /api/auth/logout [33m401[0m 0.162 ms - 101[0m
[0mGET / [32m200[0m 1.885 ms - 21770[0m
[0mPOST /api/auth/logout [33m401[0m 0.168 ms - 101[0m
[0mPOST /api/auth/logout [33m401[0m 0.152 ms - 101[0m
[0mPOST /api/auth/logout [33m401[0m 0.126 ms - 101[0m
[0mPOST /api/auth/refresh [33m401[0m 0.244 ms - 101[0m
[0mGET / [0m-[0m - ms - -[0m
[0mPOST /api/auth/logout [33m401[0m 0.153 ms - 101[0m
[0mGET / [32m200[0m 1.755 ms - 21770[0m
[0mPOST /api/auth/logout [33m401[0m 0.155 ms - 101[0m
[0mPOST /api/auth/logout [33m401[0m 0.134 ms - 101[0m
[0mPOST /api/auth/logout [33m401[0m 0.127 ms - 101[0m
[0mGET / [0m-[0m - ms - -[0m
[0mPOST /api/auth/refresh [33m401[0m 0.305 ms - 101[0m
[0mGET / [32m200[0m 1.308 ms - 21770[0m
[0mPOST /api/auth/logout [33m401[0m 0.241 ms - 101[0m
[0mPOST /api/auth/logout [33m401[0m 0.214 ms - 101[0m
[0mPOST /api/auth/logout [33m401[0m 0.134 ms - 101[0m
[0mGET / [0m-[0m - ms - -[0m
[0mPOST /api/auth/logout [33m401[0m 0.158 ms - 101[0m
[0mPOST /api/auth/refresh [33m401[0m 0.404 ms - 101[0m
[0mGET / [0m-[0m - ms - -[0m
[0mGET / [32m200[0m 1.614 ms - 21770[0m
[0mPOST /api/auth/logout [33m401[0m 0.281 ms - 101[0m
[0mPOST /api/auth/logout [33m401[0m 0.246 ms - 101[0m
[0mPOST /api/auth/logout [33m401[0m 0.284 ms - 101[0m
[0mPOST /api/auth/logout [33m401[0m 0.159 ms - 101[0m
[0mGET / [0m-[0m - ms - -[0m
[0mPOST /api/auth/refresh [33m401[0m 0.371 ms - 101[0m
[0mGET / [0m-[0m - ms - -[0m
[0mPOST /api/auth/logout [33m401[0m 0.162 ms - 101[0m
[0mGET / [0m-[0m - ms - -[0m
[0mPOST /api/auth/logout [33m401[0m 0.282 ms - 101[0m
[0mPOST /api/auth/logout [33m401[0m 0.136 ms - 101[0m
[0mPOST /api/auth/logout [33m401[0m 0.177 ms - 101[0m
[0mGET / [32m200[0m 2.557 ms - 21770[0m
[0mPOST /api/auth/refresh [33m401[0m 0.295 ms - 101[0m
[0mGET / [32m200[0m 3.532 ms - 21770[0m
[0mPOST /api/auth/logout [33m401[0m 0.156 ms - 101[0m
[0mPOST /api/auth/logout [33m401[0m 0.131 ms - 101[0m
[0mGET / [32m200[0m 2.656 ms - 21770[0m
[0mPOST /api/auth/logout [33m401[0m 0.160 ms - 101[0m
[0mPOST /api/auth/logout [33m401[0m 0.144 ms - 101[0m
[0mPOST /api/auth/refresh [33m401[0m 0.335 ms - 101[0m
[0mGET / [0m-[0m - ms - -[0m
[0mGET / [0m-[0m - ms - -[0m
[0mPOST /api/auth/logout [33m401[0m 0.242 ms - 101[0m
[0mPOST /api/auth/logout [33m401[0m 0.239 ms - 101[0m
[0mPOST /api/auth/logout [33m401[0m 0.194 ms - 101[0m
[0mPOST /api/auth/logout [33m401[0m 0.179 ms - 101[0m
[0mGET / [0m-[0m - ms - -[0m
[0mPOST /api/auth/refresh [33m401[0m 0.327 ms - 101[0m
[0mGET / [0m-[0m - ms - -[0m
[0mGET / [0m-[0m - ms - -[0m
[0mPOST /api/auth/logout [33m401[0m 0.161 ms - 101[0m
[0mGET / [32m200[0m 2.038 ms - 21770[0m
[0mPOST /api/auth/logout [33m401[0m 0.162 ms - 101[0m
[0mPOST /api/auth/logout [33m401[0m 0.121 ms - 101[0m
[0mPOST /api/auth/logout [33m401[0m 0.117 ms - 101[0m
[0mPOST /api/auth/refresh [33m401[0m 0.220 ms - 101[0m
[0mGET / [0m-[0m - ms - -[0m
[0mGET / [32m200[0m 2.792 ms - 21770[0m
[0mPOST /api/auth/logout [33m401[0m 0.248 ms - 101[0m
[0mPOST /api/auth/logout [33m401[0m 0.176 ms - 101[0m
[0mPOST /api/auth/logout [33m401[0m 0.202 ms - 101[0m
[0mPOST /api/auth/logout [33m401[0m 0.200 ms - 101[0m
[0mPOST /api/auth/refresh [33m401[0m 0.340 ms - 101[0m
[0mGET / [32m200[0m 3.830 ms - 21770[0m
[0mPOST /api/auth/logout [33m401[0m 0.243 ms - 101[0m
[0mGET / [32m200[0m 2.965 ms - 21770[0m
[0mPOST /api/auth/logout [33m401[0m 0.283 ms - 101[0m
[0mPOST /api/auth/logout [33m401[0m 0.260 ms - 101[0m
[0mPOST /api/auth/logout [33m401[0m 0.228 ms - 101[0m
[0mPOST /api/auth/refresh [33m401[0m 0.403 ms - 101[0m
[0mGET / [0m-[0m - ms - -[0m
[0mGET / [0m-[0m - ms - -[0m
[0mPOST /api/auth/logout [33m401[0m 0.167 ms - 101[0m
[0mPOST /api/auth/logout [33m401[0m 0.207 ms - 101[0m
[0mPOST /api/auth/logout [33m401[0m 0.141 ms - 101[0m
[0mPOST /api/auth/logout [33m401[0m 0.155 ms - 101[0m
[0mGET / [0m-[0m - ms - -[0m
[0mPOST /api/auth/refresh [33m401[0m 0.264 ms - 101[0m
[0mGET / [32m200[0m 1.946 ms - 21770[0m
[0mGET / [32m200[0m 1.252 ms - 21770[0m
[0mPOST /api/auth/logout [33m401[0m 0.215 ms - 101[0m
[0mPOST /api/auth/logout [33m401[0m 0.193 ms - 101[0m
[0mPOST /api/auth/logout [33m401[0m 0.232 ms - 101[0m
[0mPOST /api/auth/logout [33m401[0m 0.194 ms - 101[0m
[0mPOST /api/auth/refresh [33m401[0m 0.327 ms - 101[0m
[0mGET / [32m200[0m 1.334 ms - 21770[0m
[0mPOST /api/auth/logout [33m401[0m 0.260 ms - 101[0m
[0mPOST /api/auth/logout [33m401[0m 0.171 ms - 101[0m
[0mPOST /api/auth/logout [33m401[0m 0.143 ms - 101[0m
[0mGET / [0m-[0m - ms - -[0m
[0mPOST /api/auth/logout [33m401[0m 0.231 ms - 101[0m
[0mGET / [0m-[0m - ms - -[0m
[0mPOST /api/auth/refresh [33m401[0m 0.365 ms - 101[0m
[0mGET / [0m-[0m - ms - -[0m
[0mPOST /api/auth/logout [33m401[0m 0.175 ms - 101[0m
[0mPOST /api/auth/logout [33m401[0m 0.276 ms - 101[0m
[0mPOST /api/auth/logout [33m401[0m 0.271 ms - 101[0m
[0mGET / [32m200[0m 4.295 ms - 21770[0m
[0mPOST /api/auth/logout [33m401[0m 0.257 ms - 101[0m
[0mPOST /api/auth/refresh [33m401[0m 0.351 ms - 101[0m
[0mGET / [0m-[0m - ms - -[0m
[0mGET / [32m200[0m 3.032 ms - 21770[0m
[0mPOST /api/auth/logout [33m401[0m 0.239 ms - 101[0m
[0mPOST /api/auth/logout [33m401[0m 0.279 ms - 101[0m
[0mPOST /api/auth/logout [33m401[0m 0.161 ms - 101[0m
[0mPOST /api/auth/logout [33m401[0m 0.158 ms - 101[0m
[0mGET / [0m-[0m - ms - -[0m
[0mPOST /api/auth/refresh [33m401[0m 0.270 ms - 101[0m
[0mPOST /api/auth/logout [33m401[0m 0.244 ms - 101[0m
[0mGET / [32m200[0m 2.786 ms - 21770[0m
[0mPOST /api/auth/logout [33m401[0m 0.240 ms - 101[0m
[0mPOST /api/auth/logout [33m401[0m 0.210 ms - 101[0m
[0mPOST /api/auth/logout [33m401[0m 0.260 ms - 101[0m
[0mPOST /api/auth/refresh [33m401[0m 0.381 ms - 101[0m
[0mGET / [0m-[0m - ms - -[0m
[0mGET / [32m200[0m 2.267 ms - 21770[0m
[0mPOST /api/auth/logout [33m401[0m 0.158 ms - 101[0m
[0mPOST /api/auth/logout [33m401[0m 0.139 ms - 101[0m
[0mPOST /api/auth/logout [33m401[0m 0.132 ms - 101[0m
[0mPOST /api/auth/logout [33m401[0m 0.156 ms - 101[0m
[0mGET / [0m-[0m - ms - -[0m
[0mPOST /api/auth/refresh [33m401[0m 0.288 ms - 101[0m
[0mGET / [32m200[0m 1.626 ms - 21770[0m
[0mPOST /api/auth/logout [33m401[0m 0.273 ms - 101[0m
[0mPOST /api/auth/logout [33m401[0m 0.244 ms - 101[0m
[0mPOST /api/auth/logout [33m401[0m 0.223 ms - 101[0m
[0mPOST /api/auth/logout [33m401[0m 0.179 ms - 101[0m
[0mGET / [0m-[0m - ms - -[0m
[0mPOST /api/auth/refresh [33m401[0m 0.271 ms - 101[0m
[0mGET / [32m200[0m 1.232 ms - 21770[0m
[0mPOST /api/auth/logout [33m401[0m 0.146 ms - 101[0m
[0mPOST /api/auth/logout [33m401[0m 0.164 ms - 101[0m
[0mPOST /api/auth/logout [33m401[0m 0.145 ms - 101[0m
[0mGET / [0m-[0m - ms - -[0m
[0mPOST /api/auth/logout [33m401[0m 0.139 ms - 101[0m
[0mPOST /api/auth/refresh [33m401[0m 0.247 ms - 101[0m
[0mGET / [32m200[0m 1.860 ms - 21770[0m
[0mPOST /api/auth/logout [33m401[0m 0.144 ms - 101[0m
[0mGET / [32m200[0m 1.968 ms - 21770[0m
[0mPOST /api/auth/logout [33m401[0m 0.185 ms - 101[0m
[0mGET / [0m-[0m - ms - -[0m
[0mPOST /api/auth/logout [33m401[0m 0.164 ms - 101[0m
[0mPOST /api/auth/logout [33m401[0m 0.148 ms - 101[0m
[0mPOST /api/auth/refresh [33m401[0m 0.221 ms - 101[0m
[0mGET / [0m-[0m - ms - -[0m
[0mGET / [0m-[0m - ms - -[0m
[0mGET / [0m-[0m - ms - -[0m
[0mGET / [0m-[0m - ms - -[0m
[0mGET / [0m-[0m - ms - -[0m
[0mGET / [0m-[0m - ms - -[0m
[0mGET / [0m-[0m - ms - -[0m
[0mGET / [0m-[0m - ms - -[0m
[0mGET / [0m-[0m - ms - -[0m
[0mGET / [0m-[0m - ms - -[0m
[0mGET / [0m-[0m - ms - -[0m
[0mGET / [0m-[0m - ms - -[0m
[0mGET / [0m-[0m - ms - -[0m
[0mGET / [0m-[0m - ms - -[0m
[0mGET / [0m-[0m - ms - -[0m
[0mGET / [0m-[0m - ms - -[0m
[0mGET / [0m-[0m - ms - -[0m
[0mGET / [0m-[0m - ms - -[0m
[0mGET / [0m-[0m - ms - -[0m
[0mGET / [0m-[0m - ms - -[0m
[0mGET / [0m-[0m - ms - -[0m
[0mGET / [0m-[0m - ms - -[0m
[0mGET / [0m-[0m - ms - -[0m
[0mGET / [0m-[0m - ms - -[0m
[0mGET / [0m-[0m - ms - -[0m
[0mGET / [0m-[0m - ms - -[0m
[0mGET / [0m-[0m - ms - -[0m
[0mGET / [0m-[0m - ms - -[0m
[0mGET / [0m-[0m - ms - -[0m
[0mGET / [0m-[0m - ms - -[0m
[0mPOST /api/auth/logout [33m401[0m 0.144 ms - 101[0m
[0mPOST /api/auth/logout [33m401[0m 0.126 ms - 101[0m
[0mPOST /api/auth/logout [33m401[0m 0.119 ms - 101[0m
[0mPOST /api/auth/logout [33m401[0m 0.157 ms - 101[0m
[0mGET / [0m-[0m - ms - -[0m
[0mGET / [0m-[0m - ms - -[0m
[0mGET / [0m-[0m - ms - -[0m
[0mGET / [0m-[0m - ms - -[0m
[0mGET / [0m-[0m - ms - -[0m
[0mGET / [0m-[0m - ms - -[0m
[0mGET / [0m-[0m - ms - -[0m
[0mGET / [0m-[0m - ms - -[0m
[0mGET / [0m-[0m - ms - -[0m
[0mGET / [0m-[0m - ms - -[0m
[0mGET / [0m-[0m - ms - -[0m
[0mGET / [0m-[0m - ms - -[0m
[0mGET / [0m-[0m - ms - -[0m
[0mGET / [0m-[0m - ms - -[0m
[0mGET / [0m-[0m - ms - -[0m
[0mGET / [0m-[0m - ms - -[0m
[0mGET / [0m-[0m - ms - -[0m
[0mGET / [0m-[0m - ms - -[0m
[0mGET / [0m-[0m - ms - -[0m
[0mGET / [0m-[0m - ms - -[0m
[0mGET / [0m-[0m - ms - -[0m
[0mGET / [0m-[0m - ms - -[0m
[0mGET / [0m-[0m - ms - -[0m
[0mGET / [0m-[0m - ms - -[0m
[0mPOST /api/auth/refresh [33m401[0m 0.284 ms - 101[0m
[0mGET / [0m-[0m - ms - -[0m
[0mGET / [0m-[0m - ms - -[0m
[0mGET / [0m-[0m - ms - -[0m
[0mGET / [32m200[0m 5.241 ms - 21770[0m
[0mPOST /api/auth/logout [33m401[0m 0.154 ms - 101[0m
[0mPOST /api/auth/logout [33m401[0m 0.187 ms - 101[0m
[0mPOST /api/auth/logout [33m401[0m 0.173 ms - 101[0m
[0mPOST /api/auth/logout [33m401[0m 0.125 ms - 101[0m
[0mPOST /api/auth/refresh [33m401[0m 0.235 ms - 101[0m
[0mPOST /api/auth/logout [33m401[0m 0.200 ms - 101[0m
[0mPOST /api/auth/logout [33m401[0m 0.226 ms - 101[0m
[0mGET / [32m200[0m 3.382 ms - 21770[0m
[0mPOST /api/auth/logout [33m401[0m 0.149 ms - 101[0m
[0mPOST /api/auth/logout [33m401[0m 0.115 ms - 101[0m
[0mPOST /api/auth/refresh [33m401[0m 0.264 ms - 101[0m
[0mGET / [0m-[0m - ms - -[0m
[0mGET / [0m-[0m - ms - -[0m
[0mPOST /api/auth/logout [33m401[0m 0.144 ms - 101[0m
[0mPOST /api/auth/logout [33m401[0m 0.140 ms - 101[0m
[0mPOST /api/auth/logout [33m401[0m 0.149 ms - 101[0m
[0mPOST /api/auth/logout [33m401[0m 0.145 ms - 101[0m
[0mGET / [32m200[0m 1.998 ms - 21770[0m
[0mPOST /api/auth/refresh [33m401[0m 0.298 ms - 101[0m
[0mGET / [0m-[0m - ms - -[0m
[0mPOST /api/auth/logout [33m401[0m 0.223 ms - 101[0m
[0mGET / [32m200[0m 2.537 ms - 21770[0m
[0mPOST /api/auth/logout [33m401[0m 0.236 ms - 101[0m
[0mPOST /api/auth/logout [33m401[0m 0.197 ms - 101[0m
[0mPOST /api/auth/logout [33m401[0m 0.188 ms - 101[0m
[0mPOST /api/auth/refresh [33m401[0m 0.249 ms - 101[0m
[0mGET / [0m-[0m - ms - -[0m
[0mPOST /api/auth/logout [33m401[0m 0.164 ms - 101[0m
[0mGET / [32m200[0m 2.006 ms - 21770[0m
[0mPOST /api/auth/logout [33m401[0m 0.155 ms - 101[0m
[0mPOST /api/auth/logout [33m401[0m 0.149 ms - 101[0m
[0mPOST /api/auth/logout [33m401[0m 0.197 ms - 101[0m
[0mPOST /api/auth/refresh [33m401[0m 0.404 ms - 101[0m
[0mGET / [0m-[0m - ms - -[0m
[0mGET / [32m200[0m 1.109 ms - 21770[0m
[0mPOST /api/auth/logout [33m401[0m 0.179 ms - 101[0m
[0mPOST /api/auth/logout [33m401[0m 0.142 ms - 101[0m
[0mPOST /api/auth/logout [33m401[0m 0.205 ms - 101[0m
[0mPOST /api/auth/logout [33m401[0m 0.193 ms - 101[0m
[0mPOST /api/auth/refresh [33m401[0m 0.322 ms - 101[0m
[0mGET / [32m200[0m 1.446 ms - 21770[0m
[0mPOST /api/auth/logout [33m401[0m 0.164 ms - 101[0m
[0mPOST /api/auth/logout [33m401[0m 0.157 ms - 101[0m
[0mPOST /api/auth/logout [33m401[0m 0.147 ms - 101[0m
[0mGET / [32m200[0m 2.063 ms - 21770[0m
[0mPOST /api/auth/logout [33m401[0m 0.189 ms - 101[0m
[0mPOST /api/auth/refresh [33m401[0m 0.275 ms - 101[0m
[0mGET / [32m200[0m 2.093 ms - 21770[0m
[0mPOST /api/auth/logout [33m401[0m 0.162 ms - 101[0m
[0mGET / [32m200[0m 2.001 ms - 21770[0m
[0mPOST /api/auth/logout [33m401[0m 0.154 ms - 101[0m
[0mPOST /api/auth/logout [33m401[0m 0.128 ms - 101[0m
[0mPOST /api/auth/logout [33m401[0m 0.140 ms - 101[0m
[0mGET / [0m-[0m - ms - -[0m
[0mPOST /api/auth/refresh [33m401[0m 0.286 ms - 101[0m
[0mGET / [32m200[0m 3.307 ms - 21770[0m
[0mPOST /api/auth/logout [33m401[0m 0.266 ms - 101[0m
[0mPOST /api/auth/logout [33m401[0m 0.186 ms - 101[0m
[0mPOST /api/auth/logout [33m401[0m 0.174 ms - 101[0m
[0mGET / [32m200[0m 2.974 ms - 21770[0m
[0mPOST /api/auth/logout [33m401[0m 0.156 ms - 101[0m
[0mGET / [0m-[0m - ms - -[0m
[0mPOST /api/auth/refresh [33m401[0m 0.277 ms - 101[0m
[0mGET / [32m200[0m 3.426 ms - 21770[0m
[0mGET / [32m200[0m 1.343 ms - 21770[0m
[0mPOST /api/auth/logout [33m401[0m 0.172 ms - 101[0m
[0mPOST /api/auth/logout [33m401[0m 0.267 ms - 101[0m
[0mPOST /api/auth/logout [33m401[0m 0.271 ms - 101[0m
[0mPOST /api/auth/logout [33m401[0m 0.297 ms - 101[0m
[0mPOST /api/auth/refresh [33m401[0m 0.311 ms - 101[0m
[0mGET / [0m-[0m - ms - -[0m
[0mGET / [0m-[0m - ms - -[0m
[0mPOST /api/auth/logout [33m401[0m 0.271 ms - 101[0m
[0mPOST /api/auth/logout [33m401[0m 0.212 ms - 101[0m
[0mPOST /api/auth/logout [33m401[0m 0.215 ms - 101[0m
[0mPOST /api/auth/logout [33m401[0m 0.194 ms - 101[0m
[0mPOST /api/auth/refresh [33m401[0m 0.329 ms - 101[0m
[0mGET / [0m-[0m - ms - -[0m
[0mGET / [32m200[0m 2.328 ms - 21770[0m
[0mPOST /api/auth/logout [33m401[0m 0.155 ms - 101[0m
[0mPOST /api/auth/logout [33m401[0m 0.146 ms - 101[0m
[0mPOST /api/auth/logout [33m401[0m 0.128 ms - 101[0m
[0mPOST /api/auth/logout [33m401[0m 0.193 ms - 101[0m
[0mGET / [0m-[0m - ms - -[0m
[0mPOST /api/auth/refresh [33m401[0m 0.299 ms - 101[0m
[0mGET / [0m-[0m - ms - -[0m
[0mGET / [32m200[0m 1.154 ms - 21770[0m
[0mGET / [32m200[0m 1.231 ms - 21770[0m
[0mPOST /api/auth/logout [33m401[0m 0.330 ms - 101[0m
[0mPOST /api/auth/logout [33m401[0m 0.316 ms - 101[0m
[0mPOST /api/auth/logout [33m401[0m 0.236 ms - 101[0m
[0mPOST /api/auth/logout [33m401[0m 0.249 ms - 101[0m
[0mGET / [0m-[0m - ms - -[0m
[0mPOST /api/auth/refresh [33m401[0m 0.406 ms - 101[0m
[0mGET / [0m-[0m - ms - -[0m
[0mPOST /api/auth/logout [33m401[0m 0.215 ms - 101[0m
[0mPOST /api/auth/logout [33m401[0m 0.188 ms - 101[0m
[0mGET / [32m200[0m 2.205 ms - 21770[0m
[0mPOST /api/auth/logout [33m401[0m 0.152 ms - 101[0m
[0mPOST /api/auth/logout [33m401[0m 0.128 ms - 101[0m
[0mPOST /api/auth/refresh [33m401[0m 0.230 ms - 101[0m
[0mGET / [32m200[0m 2.018 ms - 21770[0m
[0mPOST /api/auth/logout [33m401[0m 0.150 ms - 101[0m
[0mGET / [32m200[0m 1.833 ms - 21770[0m
[0mPOST /api/auth/logout [33m401[0m 0.178 ms - 101[0m
[0mPOST /api/auth/logout [33m401[0m 0.130 ms - 101[0m
[0mPOST /api/auth/logout [33m401[0m 0.130 ms - 101[0m
[0mPOST /api/auth/refresh [33m401[0m 0.400 ms - 101[0m
[0mGET / [32m200[0m 4.786 ms - 21770[0m
[0mGET / [0m-[0m - ms - -[0m
[0mPOST /api/auth/logout [33m401[0m 0.226 ms - 101[0m
[0mPOST /api/auth/logout [33m401[0m 0.222 ms - 101[0m
[0mPOST /api/auth/logout [33m401[0m 0.179 ms - 101[0m
[0mPOST /api/auth/logout [33m401[0m 0.138 ms - 101[0m
[0mGET / [0m-[0m - ms - -[0m
[0mPOST /api/auth/refresh [33m401[0m 0.267 ms - 101[0m
[0mGET / [32m200[0m 4.119 ms - 21770[0m
[0mGET / [0m-[0m - ms - -[0m
[0mPOST /api/auth/logout [33m401[0m 0.160 ms - 101[0m
[0mGET / [32m200[0m 1.978 ms - 21770[0m
[0mPOST /api/auth/logout [33m401[0m 0.139 ms - 101[0m
[0mPOST /api/auth/logout [33m401[0m 0.128 ms - 101[0m
[0mPOST /api/auth/logout [33m401[0m 0.124 ms - 101[0m
[0mPOST /api/auth/refresh [33m401[0m 0.203 ms - 101[0m
[0mGET / [0m-[0m - ms - -[0m
[0mGET / [0m-[0m - ms - -[0m
[0mPOST /api/auth/logout [33m401[0m 0.151 ms - 101[0m
[0mPOST /api/auth/logout [33m401[0m 0.126 ms - 101[0m
[0mPOST /api/auth/logout [33m401[0m 0.119 ms - 101[0m
[0mGET / [32m200[0m 2.393 ms - 21770[0m
[0mPOST /api/auth/logout [33m401[0m 0.126 ms - 101[0m
[0mPOST /api/auth/refresh [33m401[0m 0.220 ms - 101[0m
[0mGET / [32m200[0m 1.909 ms - 21770[0m
[0mPOST /api/auth/logout [33m401[0m 0.235 ms - 101[0m
[0mPOST /api/auth/logout [33m401[0m 0.240 ms - 101[0m
[0mPOST /api/auth/logout [33m401[0m 0.170 ms - 101[0m
[0mPOST /api/auth/logout [33m401[0m 0.185 ms - 101[0m
[0mPOST /api/auth/refresh [33m401[0m 0.311 ms - 101[0m
[0mGET / [0m-[0m - ms - -[0m
[0mGET / [0m-[0m - ms - -[0m
[0mPOST /api/auth/logout [33m401[0m 0.176 ms - 101[0m
[0mPOST /api/auth/logout [33m401[0m 0.138 ms - 101[0m
[0mPOST /api/auth/logout [33m401[0m 0.123 ms - 101[0m
[0mPOST /api/auth/logout [33m401[0m 0.120 ms - 101[0m
[0mGET / [0m-[0m - ms - -[0m
[0mPOST /api/auth/refresh [33m401[0m 0.255 ms - 101[0m
[0mGET / [32m200[0m 2.843 ms - 21770[0m
[0mPOST /api/auth/logout [33m401[0m 0.163 ms - 101[0m
[0mGET / [32m200[0m 1.351 ms - 21770[0m
[0mPOST /api/auth/logout [33m401[0m 0.177 ms - 101[0m
[0mPOST /api/auth/logout [33m401[0m 0.125 ms - 101[0m
[0mPOST /api/auth/logout [33m401[0m 0.129 ms - 101[0m
[0mGET / [0m-[0m - ms - -[0m
[0mPOST /api/auth/refresh [33m401[0m 0.295 ms - 101[0m
[0mGET / [32m200[0m 1.894 ms - 21770[0m
[0mPOST /api/auth/logout [33m401[0m 0.253 ms - 101[0m
[0mGET / [32m200[0m 2.830 ms - 21770[0m
[0mPOST /api/auth/logout [33m401[0m 0.269 ms - 101[0m
[0mPOST /api/auth/logout [33m401[0m 0.229 ms - 101[0m
[0mPOST /api/auth/logout [33m401[0m 0.168 ms - 101[0m
[0mPOST /api/auth/refresh [33m401[0m 0.241 ms - 101[0m
[0mGET / [32m200[0m 2.821 ms - 21770[0m
[0mPOST /api/auth/logout [33m401[0m 0.202 ms - 101[0m
[0mPOST /api/auth/logout [33m401[0m 0.180 ms - 101[0m
[0mGET / [32m200[0m 2.132 ms - 21770[0m
[0mPOST /api/auth/logout [33m401[0m 0.166 ms - 101[0m
[0mPOST /api/auth/logout [33m401[0m 0.138 ms - 101[0m
[0mPOST /api/auth/refresh [33m401[0m 0.514 ms - 101[0m
[0mGET / [0m-[0m - ms - -[0m
[0mGET / [32m200[0m 2.842 ms - 21770[0m
[0mPOST /api/auth/logout [33m401[0m 0.298 ms - 101[0m
[0mPOST /api/auth/logout [33m401[0m 0.249 ms - 101[0m
[0mPOST /api/auth/logout [33m401[0m 0.246 ms - 101[0m
[0mGET / [0m-[0m - ms - -[0m
[0mPOST /api/auth/refresh [33m401[0m 0.431 ms - 101[0m
[0mPOST /api/auth/logout [33m401[0m 0.236 ms - 101[0m
[0mGET / [32m200[0m 4.198 ms - 21770[0m
[0mPOST /api/auth/logout [33m401[0m 0.278 ms - 101[0m
[0mPOST /api/auth/logout [33m401[0m 0.232 ms - 101[0m
[0mPOST /api/auth/logout [33m401[0m 0.210 ms - 101[0m
[0mGET / [0m-[0m - ms - -[0m
[0mPOST /api/auth/refresh [33m401[0m 0.373 ms - 101[0m
[0mGET / [32m200[0m 2.544 ms - 21770[0m
[0mPOST /api/auth/logout [33m401[0m 0.176 ms - 101[0m
[0mPOST /api/auth/logout [33m401[0m 0.158 ms - 101[0m
[0mPOST /api/auth/logout [33m401[0m 0.140 ms - 101[0m
[0mPOST /api/auth/logout [33m401[0m 0.134 ms - 101[0m
[0mGET / [32m200[0m 2.655 ms - 21770[0m
[0mPOST /api/auth/refresh [33m401[0m 0.326 ms - 101[0m
[0mGET / [32m200[0m 1.503 ms - 21770[0m
[0mGET / [32m200[0m 1.774 ms - 21770[0m
[0mPOST /api/auth/logout [33m401[0m 0.249 ms - 101[0m
[0mPOST /api/auth/logout [33m401[0m 0.256 ms - 101[0m
[0mPOST /api/auth/logout [33m401[0m 0.203 ms - 101[0m
[0mGET / [0m-[0m - ms - -[0m
[0mPOST /api/auth/logout [33m401[0m 0.242 ms - 101[0m
[0mPOST /api/auth/refresh [33m401[0m 0.364 ms - 101[0m
[0mGET / [0m-[0m - ms - -[0m
[0mGET / [0m-[0m - ms - -[0m
[0mPOST /api/auth/logout [33m401[0m 0.219 ms - 101[0m
[0mPOST /api/auth/logout [33m401[0m 0.262 ms - 101[0m
[0mPOST /api/auth/logout [33m401[0m 0.205 ms - 101[0m
[0mPOST /api/auth/logout [33m401[0m 0.239 ms - 101[0m
[0mGET / [0m-[0m - ms - -[0m
[0mPOST /api/auth/refresh [33m401[0m 0.357 ms - 101[0m
[0mGET / [0m-[0m - ms - -[0m
[0mGET / [0m-[0m - ms - -[0m
[0mPOST /api/auth/logout [33m401[0m 0.290 ms - 101[0m
[0mPOST /api/auth/logout [33m401[0m 0.171 ms - 101[0m
[0mPOST /api/auth/logout [33m401[0m 0.148 ms - 101[0m
[0mPOST /api/auth/logout [33m401[0m 0.144 ms - 101[0m
[0mGET / [0m-[0m - ms - -[0m
[0mGET / [0m-[0m - ms - -[0m
[0mPOST /api/auth/refresh [33m401[0m 0.282 ms - 101[0m
[0mGET / [32m200[0m 2.344 ms - 21770[0m
[0mPOST /api/auth/logout [33m401[0m 0.175 ms - 101[0m
[0mPOST /api/auth/logout [33m401[0m 0.191 ms - 101[0m
[0mPOST /api/auth/logout [33m401[0m 0.358 ms - 101[0m
[0mPOST /api/auth/logout [33m401[0m 0.205 ms - 101[0m
[0mPOST /api/auth/refresh [33m401[0m 0.266 ms - 101[0m
[0mGET / [32m200[0m 1.139 ms - 21770[0m
[0mPOST /api/auth/logout [33m401[0m 0.367 ms - 101[0m
[0mGET / [32m200[0m 1.547 ms - 21770[0m
[0mPOST /api/auth/logout [33m401[0m 0.291 ms - 101[0m
[0mPOST /api/auth/logout [33m401[0m 0.152 ms - 101[0m
[0mPOST /api/auth/logout [33m401[0m 0.237 ms - 101[0m
[0mPOST /api/auth/refresh [33m401[0m 0.342 ms - 101[0m
[0mGET / [0m-[0m - ms - -[0m
[0mGET / [0m-[0m - ms - -[0m
[0mPOST /api/auth/logout [33m401[0m 0.169 ms - 101[0m
[0mPOST /api/auth/logout [33m401[0m 0.144 ms - 101[0m
[0mPOST /api/auth/logout [33m401[0m 0.131 ms - 101[0m
[0mGET / [32m200[0m 1.778 ms - 21770[0m
[0mPOST /api/auth/logout [33m401[0m 0.162 ms - 101[0m
[0mPOST /api/auth/refresh [33m401[0m 0.250 ms - 101[0m
[0mGET / [0m-[0m - ms - -[0m
[0mPOST /api/auth/logout [33m401[0m 0.139 ms - 101[0m
[0mPOST /api/auth/logout [33m401[0m 0.189 ms - 101[0m
[0mGET / [32m200[0m 220.675 ms - 21770[0m
[0mPOST /api/auth/logout [33m401[0m 0.145 ms - 101[0m
[0mPOST /api/auth/logout [33m401[0m 0.206 ms - 101[0m
[0mPOST /api/auth/refresh [33m401[0m 0.364 ms - 101[0m
[0mGET / [0m-[0m - ms - -[0m
[0mGET / [0m-[0m - ms - -[0m
[0mGET / [0m-[0m - ms - -[0m
[0mGET / [0m-[0m - ms - -[0m
[0mGET / [0m-[0m - ms - -[0m
[0mGET / [0m-[0m - ms - -[0m
[0mGET / [0m-[0m - ms - -[0m
[0mGET / [0m-[0m - ms - -[0m
[0mGET / [0m-[0m - ms - -[0m
[0mGET / [0m-[0m - ms - -[0m
[0mGET / [0m-[0m - ms - -[0m
[0mGET / [0m-[0m - ms - -[0m
[0mGET / [0m-[0m - ms - -[0m
[0mGET / [0m-[0m - ms - -[0m
[0mGET / [0m-[0m - ms - -[0m
[0mGET / [0m-[0m - ms - -[0m
[0mGET / [0m-[0m - ms - -[0m
[0mGET / [0m-[0m - ms - -[0m
[0mGET / [0m-[0m - ms - -[0m
[0mGET / [0m-[0m - ms - -[0m
[0mGET / [0m-[0m - ms - -[0m
[0mGET / [0m-[0m - ms - -[0m
[0mGET / [0m-[0m - ms - -[0m
[0mGET / [0m-[0m - ms - -[0m
[0mGET / [0m-[0m - ms - -[0m
[0mGET / [0m-[0m - ms - -[0m
[0mGET / [0m-[0m - ms - -[0m
[0mGET / [0m-[0m - ms - -[0m
[0mGET / [0m-[0m - ms - -[0m
[0mPOST /api/auth/logout [33m401[0m 0.145 ms - 101[0m
[0mPOST /api/auth/logout [33m401[0m 0.127 ms - 101[0m
[0mPOST /api/auth/logout [33m401[0m 0.177 ms - 101[0m
[0mPOST /api/auth/logout [33m401[0m 0.147 ms - 101[0m
[0mGET / [0m-[0m - ms - -[0m
[0mGET / [0m-[0m - ms - -[0m
[0mGET / [0m-[0m - ms - -[0m
[0mGET / [0m-[0m - ms - -[0m
[0mGET / [0m-[0m - ms - -[0m
[0mGET / [0m-[0m - ms - -[0m
[0mGET / [0m-[0m - ms - -[0m
[0mGET / [0m-[0m - ms - -[0m
[0mGET / [0m-[0m - ms - -[0m
[0mGET / [0m-[0m - ms - -[0m
[0mGET / [0m-[0m - ms - -[0m
[0mGET / [0m-[0m - ms - -[0m
[0mGET / [0m-[0m - ms - -[0m
[0mGET / [0m-[0m - ms - -[0m
[0mGET / [0m-[0m - ms - -[0m
[0mGET / [0m-[0m - ms - -[0m
[0mGET / [0m-[0m - ms - -[0m
[0mGET / [0m-[0m - ms - -[0m
[0mGET / [0m-[0m - ms - -[0m
[0mGET / [0m-[0m - ms - -[0m
[0mGET / [0m-[0m - ms - -[0m
[0mGET / [0m-[0m - ms - -[0m
[0mGET / [0m-[0m - ms - -[0m
[0mPOST /api/auth/refresh [33m401[0m 0.313 ms - 101[0m
[0mGET / [0m-[0m - ms - -[0m
[0mGET / [0m-[0m - ms - -[0m
[0mGET / [0m-[0m - ms - -[0m
[0mGET / [0m-[0m - ms - -[0m
[0mPOST /api/auth/logout [33m401[0m 0.173 ms - 101[0m
[0mPOST /api/auth/logout [33m401[0m 0.153 ms - 101[0m
[0mPOST /api/auth/logout [33m401[0m 0.131 ms - 101[0m
[0mPOST /api/auth/logout [33m401[0m 0.138 ms - 101[0m
[0mGET / [0m-[0m - ms - -[0m
[0mGET / [0m-[0m - ms - -[0m
[0mGET / [0m-[0m - ms - -[0m
[0mPOST /api/auth/refresh [33m401[0m 0.243 ms - 101[0m
[0mGET / [32m200[0m 5.366 ms - 21770[0m
[0mPOST /api/auth/logout [33m401[0m 0.144 ms - 101[0m
[0mPOST /api/auth/logout [33m401[0m 0.127 ms - 101[0m
[0mPOST /api/auth/logout [33m401[0m 0.155 ms - 101[0m
[0mPOST /api/auth/logout [33m401[0m 0.150 ms - 101[0m
[0mPOST /api/auth/refresh [33m401[0m 0.225 ms - 101[0m
[0mPOST /api/auth/logout [33m401[0m 0.174 ms - 101[0m
[0mPOST /api/auth/logout [33m401[0m 0.151 ms - 101[0m
[0mGET / [32m200[0m 1.913 ms - 21770[0m
[0mPOST /api/auth/logout [33m401[0m 0.160 ms - 101[0m
[0mPOST /api/auth/logout [33m401[0m 0.140 ms - 101[0m
[0mPOST /api/auth/refresh [33m401[0m 0.241 ms - 101[0m
[0mGET / [32m200[0m 1.415 ms - 21770[0m
[0mPOST /api/auth/logout [33m401[0m 0.196 ms - 101[0m
[0mPOST /api/auth/logout [33m401[0m 0.217 ms - 101[0m
[0mPOST /api/auth/logout [33m401[0m 0.161 ms - 101[0m
[0mGET / [0m-[0m - ms - -[0m
[0mPOST /api/auth/logout [33m401[0m 0.158 ms - 101[0m
[0mGET / [0m-[0m - ms - -[0m
[0mPOST /api/auth/refresh [33m401[0m 0.289 ms - 101[0m
[0mGET / [0m-[0m - ms - -[0m
[0mPOST /api/auth/logout [33m401[0m 0.172 ms - 101[0m
[0mPOST /api/auth/logout [33m401[0m 0.164 ms - 101[0m
[0mPOST /api/auth/logout [33m401[0m 0.179 ms - 101[0m
[0mGET / [32m200[0m 2.052 ms - 21770[0m
[0mPOST /api/auth/logout [33m401[0m 0.188 ms - 101[0m
[0mGET / [0m-[0m - ms - -[0m
[0mPOST /api/auth/refresh [33m401[0m 0.344 ms - 101[0m
[0mGET / [32m200[0m 1.325 ms - 21770[0m
[0mPOST /api/auth/logout [33m401[0m 0.287 ms - 101[0m
[0mPOST /api/auth/logout [33m401[0m 0.203 ms - 101[0m
[0mGET / [32m200[0m 2.042 ms - 21770[0m
[0mPOST /api/auth/logout [33m401[0m 0.173 ms - 101[0m
[0mPOST /api/auth/logout [33m401[0m 0.142 ms - 101[0m
[0mGET / [0m-[0m - ms - -[0m
[0mPOST /api/auth/refresh [33m401[0m 0.277 ms - 101[0m
[0mGET / [0m-[0m - ms - -[0m
[0mPOST /api/auth/logout [33m401[0m 0.178 ms - 101[0m
[0mGET / [32m200[0m 2.017 ms - 21770[0m
[0mPOST /api/auth/logout [33m401[0m 0.167 ms - 101[0m
[0mPOST /api/auth/logout [33m401[0m 0.139 ms - 101[0m
[0mPOST /api/auth/logout [33m401[0m 0.130 ms - 101[0m
[0mPOST /api/auth/refresh [33m401[0m 0.604 ms - 101[0m
[0mGET / [0m-[0m - ms - -[0m
[0mPOST /api/auth/logout [33m401[0m 0.246 ms - 101[0m
[0mPOST /api/auth/logout [33m401[0m 0.205 ms - 101[0m
[0mGET / [32m200[0m 3.373 ms - 21770[0m
[0mPOST /api/auth/logout [33m401[0m 0.165 ms - 101[0m
[0mPOST /api/auth/logout [33m401[0m 0.136 ms - 101[0m
[0mPOST /api/auth/refresh [33m401[0m 0.251 ms - 101[0m
[0mGET / [0m-[0m - ms - -[0m
[0mGET / [32m200[0m 2.183 ms - 21770[0m
[0mPOST /api/auth/logout [33m401[0m 0.187 ms - 101[0m
[0mPOST /api/auth/logout [33m401[0m 0.141 ms - 101[0m
[0mPOST /api/auth/logout [33m401[0m 0.149 ms - 101[0m
[0mPOST /api/auth/logout [33m401[0m 0.129 ms - 101[0m
[0mGET / [0m-[0m - ms - -[0m
[0mPOST /api/auth/refresh [33m401[0m 0.329 ms - 101[0m
[0mGET / [32m200[0m 1.990 ms - 21770[0m
[0mPOST /api/auth/logout [33m401[0m 0.146 ms - 101[0m
[0mGET / [32m200[0m 1.817 ms - 21770[0m
[0mPOST /api/auth/logout [33m401[0m 0.222 ms - 101[0m
[0mPOST /api/auth/logout [33m401[0m 0.205 ms - 101[0m
[0mPOST /api/auth/logout [33m401[0m 0.130 ms - 101[0m
[0mGET / [32m200[0m 1.264 ms - 21770[0m
[0mPOST /api/auth/refresh [33m401[0m 0.344 ms - 101[0m
[0mPOST /api/auth/logout [33m401[0m 0.190 ms - 101[0m
[0mGET / [32m200[0m 2.228 ms - 21770[0m
[0mPOST /api/auth/logout [33m401[0m 0.164 ms - 101[0m
[0mPOST /api/auth/logout [33m401[0m 0.149 ms - 101[0m
[0mPOST /api/auth/logout [33m401[0m 0.140 ms - 101[0m
[0mGET / [32m200[0m 1.462 ms - 21770[0m
[0mPOST /api/auth/refresh [33m401[0m 0.407 ms - 101[0m
[0mPOST /api/auth/logout [33m401[0m 0.179 ms - 101[0m
[0mGET / [0m-[0m - ms - -[0m
[0mPOST /api/auth/logout [33m401[0m 0.187 ms - 101[0m
[0mPOST /api/auth/logout [33m401[0m 0.150 ms - 101[0m
[0mPOST /api/auth/logout [33m401[0m 0.171 ms - 101[0m
[0mGET / [0m-[0m - ms - -[0m
[0mPOST /api/auth/refresh [33m401[0m 0.298 ms - 101[0m
[0mGET / [32m200[0m 1.491 ms - 21770[0m
[0mPOST /api/auth/logout [33m401[0m 0.252 ms - 101[0m
[0mPOST /api/auth/logout [33m401[0m 0.245 ms - 101[0m
[0mGET / [32m200[0m 3.008 ms - 21770[0m
[0mPOST /api/auth/logout [33m401[0m 0.288 ms - 101[0m
[0mPOST /api/auth/logout [33m401[0m 0.228 ms - 101[0m
[0mPOST /api/auth/refresh [33m401[0m 0.317 ms - 101[0m
[0mGET / [0m-[0m - ms - -[0m
[0mGET / [32m200[0m 2.971 ms - 21770[0m
[0mPOST /api/auth/logout [33m401[0m 0.231 ms - 101[0m
[0mPOST /api/auth/logout [33m401[0m 0.191 ms - 101[0m
[0mPOST /api/auth/logout [33m401[0m 0.206 ms - 101[0m
[0mPOST /api/auth/logout [33m401[0m 0.197 ms - 101[0m
[0mGET / [0m-[0m - ms - -[0m
[0mPOST /api/auth/refresh [33m401[0m 0.350 ms - 101[0m
[0mGET / [32m200[0m 3.667 ms - 21770[0m
[0mPOST /api/auth/logout [33m401[0m 0.155 ms - 101[0m
[0mGET / [0m-[0m - ms - -[0m
[0mPOST /api/auth/logout [33m401[0m 0.179 ms - 101[0m
[0mPOST /api/auth/logout [33m401[0m 0.222 ms - 101[0m
[0mPOST /api/auth/logout [33m401[0m 0.237 ms - 101[0m
[0mGET / [32m200[0m 2.778 ms - 21770[0m
[0mPOST /api/auth/refresh [33m401[0m 0.422 ms - 101[0m
[0mGET / [0m-[0m - ms - -[0m
[0mGET / [0m-[0m - ms - -[0m
[0mPOST /api/auth/logout [33m401[0m 0.154 ms - 101[0m
[0mPOST /api/auth/logout [33m401[0m 0.147 ms - 101[0m
[0mPOST /api/auth/logout [33m401[0m 0.124 ms - 101[0m
[0mPOST /api/auth/logout [33m401[0m 0.119 ms - 101[0m
[0mGET / [32m200[0m 2.397 ms - 21770[0m
[0mPOST /api/auth/refresh [33m401[0m 0.289 ms - 101[0m
[0mGET / [32m200[0m 1.886 ms - 21770[0m
[0mPOST /api/auth/logout [33m401[0m 0.146 ms - 101[0m
[0mPOST /api/auth/logout [33m401[0m 0.130 ms - 101[0m
[0mPOST /api/auth/logout [33m401[0m 0.145 ms - 101[0m
[0mPOST /api/auth/logout [33m401[0m 0.137 ms - 101[0m
[0mGET / [32m200[0m 1.994 ms - 21770[0m
[0mPOST /api/auth/refresh [33m401[0m 0.268 ms - 101[0m
[0mGET / [32m200[0m 2.015 ms - 21770[0m
[0mGET / [32m200[0m 1.531 ms - 21770[0m
[0mPOST /api/auth/logout [33m401[0m 0.170 ms - 101[0m
[0mPOST /api/auth/logout [33m401[0m 0.160 ms - 101[0m
[0mPOST /api/auth/logout [33m401[0m 0.154 ms - 101[0m
[0mPOST /api/auth/logout [33m401[0m 0.142 ms - 101[0m
[0mPOST /api/auth/refresh [33m401[0m 0.318 ms - 101[0m
[0mGET / [32m200[0m 2.091 ms - 21770[0m
[0mPOST /api/auth/logout [33m401[0m 0.195 ms - 101[0m
[0mPOST /api/auth/logout [33m401[0m 0.150 ms - 101[0m
[0mGET / [32m200[0m 3.406 ms - 21770[0m
[0mPOST /api/auth/logout [33m401[0m 0.236 ms - 101[0m
[0mPOST /api/auth/logout [33m401[0m 0.136 ms - 101[0m
[0mPOST /api/auth/refresh [33m401[0m 0.296 ms - 101[0m
[0mGET / [0m-[0m - ms - -[0m
[0mGET / [0m-[0m - ms - -[0m
[0mGET / [0m-[0m - ms - -[0m
[0mPOST /api/auth/logout [33m401[0m 0.238 ms - 101[0m
[0mPOST /api/auth/logout [33m401[0m 0.228 ms - 101[0m
[0mPOST /api/auth/logout [33m401[0m 0.145 ms - 101[0m
[0mPOST /api/auth/logout [33m401[0m 0.137 ms - 101[0m
[0mPOST /api/auth/refresh [33m401[0m 0.255 ms - 101[0m
[0mGET / [0m-[0m - ms - -[0m
[0mGET / [32m200[0m 1.818 ms - 21770[0m
[0mPOST /api/auth/logout [33m401[0m 0.156 ms - 101[0m
[0mPOST /api/auth/logout [33m401[0m 0.144 ms - 101[0m
[0mGET / [32m200[0m 2.857 ms - 21770[0m
[0mPOST /api/auth/logout [33m401[0m 0.181 ms - 101[0m
[0mPOST /api/auth/logout [33m401[0m 0.161 ms - 101[0m
[0mPOST /api/auth/refresh [33m401[0m 0.296 ms - 101[0m
[0mGET / [0m-[0m - ms - -[0m
[0mGET / [32m200[0m 1.242 ms - 21770[0m
[0mPOST /api/auth/logout [33m401[0m 0.188 ms - 101[0m
[0mPOST /api/auth/logout [33m401[0m 0.246 ms - 101[0m
[0mPOST /api/auth/logout [33m401[0m 0.149 ms - 101[0m
[0mPOST /api/auth/logout [33m401[0m 0.156 ms - 101[0m
[0mGET / [0m-[0m - ms - -[0m
[0mGET / [0m-[0m - ms - -[0m
[0mPOST /api/auth/refresh [33m401[0m 0.440 ms - 101[0m
[0mGET / [0m-[0m - ms - -[0m
[0mPOST /api/auth/logout [33m401[0m 0.234 ms - 101[0m
[0mPOST /api/auth/logout [33m401[0m 0.223 ms - 101[0m
[0mPOST /api/auth/logout [33m401[0m 0.181 ms - 101[0m
[0mPOST /api/auth/logout [33m401[0m 0.187 ms - 101[0m
[0mGET / [0m-[0m - ms - -[0m
[0mPOST /api/auth/refresh [33m401[0m 0.293 ms - 101[0m
[0mGET / [0m-[0m - ms - -[0m
[0mPOST /api/auth/logout [33m401[0m 0.168 ms - 101[0m
[0mPOST /api/auth/logout [33m401[0m 0.133 ms - 101[0m
[0mPOST /api/auth/logout [33m401[0m 0.134 ms - 101[0m
[0mPOST /api/auth/logout [33m401[0m 0.137 ms - 101[0m
[0mGET / [32m200[0m 3.324 ms - 21770[0m
[0mPOST /api/auth/refresh [33m401[0m 0.246 ms - 101[0m
[0mGET / [32m200[0m 1.690 ms - 21770[0m
[0mPOST /api/auth/logout [33m401[0m 0.240 ms - 101[0m
[0mPOST /api/auth/logout [33m401[0m 0.231 ms - 101[0m
[0mGET / [32m200[0m 2.524 ms - 21770[0m
[0mPOST /api/auth/logout [33m401[0m 0.177 ms - 101[0m
[0mPOST /api/auth/logout [33m401[0m 0.238 ms - 101[0m
[0mPOST /api/auth/refresh [33m401[0m 0.413 ms - 101[0m
[0mGET / [0m-[0m - ms - -[0m
[0mGET / [0m-[0m - ms - -[0m
[0mPOST /api/auth/logout [33m401[0m 0.208 ms - 101[0m
[0mGET / [32m200[0m 6.296 ms - 21770[0m
[0mPOST /api/auth/refresh [33m401[0m 0.426 ms - 101[0m
[0mPOST /api/auth/logout [33m401[0m 0.260 ms - 101[0m
[0mPOST /api/auth/logout [33m401[0m 0.227 ms - 101[0m
[0mPOST /api/auth/logout [33m401[0m 0.205 ms - 101[0m
[0mPOST /api/auth/logout [33m401[0m 0.190 ms - 101[0m
[0mPOST /api/auth/refresh [33m401[0m 0.327 ms - 101[0m
[0mGET / [0m-[0m - ms - -[0m
[0mGET / [0m-[0m - ms - -[0m
[0mPOST /api/auth/logout [33m401[0m 0.236 ms - 101[0m
[0mGET / [32m200[0m 4.177 ms - 21770[0m
[0mPOST /api/auth/logout [33m401[0m 0.196 ms - 101[0m
[0mPOST /api/auth/logout [33m401[0m 0.134 ms - 101[0m
[0mPOST /api/auth/logout [33m401[0m 0.216 ms - 101[0m
[0mPOST /api/auth/refresh [33m401[0m 0.347 ms - 101[0m
[0mGET / [0m-[0m - ms - -[0m
[0mGET / [0m-[0m - ms - -[0m
[0mPOST /api/auth/logout [33m401[0m 0.243 ms - 101[0m
[0mGET / [0m-[0m - ms - -[0m
[0mPOST /api/auth/logout [33m401[0m 0.251 ms - 101[0m
[0mPOST /api/auth/logout [33m401[0m 0.209 ms - 101[0m
[0mPOST /api/auth/logout [33m401[0m 0.209 ms - 101[0m
[0mGET / [0m-[0m - ms - -[0m
[0mPOST /api/auth/refresh [33m401[0m 0.358 ms - 101[0m
[0mGET / [32m200[0m 3.903 ms - 21770[0m
[0mPOST /api/auth/logout [33m401[0m 0.186 ms - 101[0m
[0mPOST /api/auth/logout [33m401[0m 0.170 ms - 101[0m
[0mGET / [0m-[0m - ms - -[0m
[0mPOST /api/auth/logout [33m401[0m 0.206 ms - 101[0m
[0mPOST /api/auth/logout [33m401[0m 0.190 ms - 101[0m
[0mPOST /api/auth/refresh [33m401[0m 0.316 ms - 101[0m
[0mGET / [32m200[0m 1.478 ms - 21770[0m
[0mPOST /api/auth/logout [33m401[0m 0.155 ms - 101[0m
[0mPOST /api/auth/logout [33m401[0m 0.166 ms - 101[0m
[0mPOST /api/auth/logout [33m401[0m 0.159 ms - 101[0m
[0mPOST /api/auth/logout [33m401[0m 0.122 ms - 101[0m
[0mGET / [32m200[0m 1.176 ms - 21770[0m
[0mGET / [32m200[0m 1.050 ms - 21770[0m
[0mPOST /api/auth/refresh [33m401[0m 0.324 ms - 101[0m
[0mPOST /api/auth/logout [33m401[0m 0.216 ms - 101[0m
[0mGET / [32m200[0m 1.255 ms - 21770[0m
[0mPOST /api/auth/logout [33m401[0m 0.170 ms - 101[0m
[0mPOST /api/auth/logout [33m401[0m 0.196 ms - 101[0m
[0mPOST /api/auth/logout [33m401[0m 0.147 ms - 101[0m
[0mPOST /api/auth/refresh [33m401[0m 0.283 ms - 101[0m
[0mGET / [32m200[0m 1.190 ms - 21770[0m
[0mPOST /api/auth/logout [33m401[0m 0.236 ms - 101[0m
[0mPOST /api/auth/logout [33m401[0m 0.173 ms - 101[0m
[0mPOST /api/auth/logout [33m401[0m 0.179 ms - 101[0m
[0mGET / [32m200[0m 2.730 ms - 21770[0m
[0mPOST /api/auth/refresh [33m401[0m 0.303 ms - 101[0m
[0mPOST /api/auth/logout [33m401[0m 0.162 ms - 101[0m
[0mGET / [32m200[0m 2.506 ms - 21770[0m
[0mPOST /api/auth/logout [33m401[0m 0.386 ms - 101[0m
[0mPOST /api/auth/logout [33m401[0m 0.169 ms - 101[0m
[0mGET / [0m-[0m - ms - -[0m
[0mPOST /api/auth/logout [33m401[0m 0.138 ms - 101[0m
[0mPOST /api/auth/refresh [33m401[0m 0.244 ms - 101[0m
[0mGET / [0m-[0m - ms - -[0m
[0mGET / [0m-[0m - ms - -[0m
[0mGET / [0m-[0m - ms - -[0m
[0mGET / [0m-[0m - ms - -[0m
[0mGET / [0m-[0m - ms - -[0m
[0mGET / [0m-[0m - ms - -[0m
[0mGET / [0m-[0m - ms - -[0m
[0mGET / [0m-[0m - ms - -[0m
[0mGET / [0m-[0m - ms - -[0m
[0mGET / [0m-[0m - ms - -[0m
[0mGET / [0m-[0m - ms - -[0m
[0mGET / [0m-[0m - ms - -[0m
[0mGET / [0m-[0m - ms - -[0m
[0mGET / [0m-[0m - ms - -[0m
[0mGET / [0m-[0m - ms - -[0m
[0mGET / [0m-[0m - ms - -[0m
[0mGET / [0m-[0m - ms - -[0m
[0mGET / [0m-[0m - ms - -[0m
[0mGET / [0m-[0m - ms - -[0m
[0mGET / [0m-[0m - ms - -[0m
[0mGET / [0m-[0m - ms - -[0m
[0mGET / [0m-[0m - ms - -[0m
[0mGET / [0m-[0m - ms - -[0m
[0mGET / [0m-[0m - ms - -[0m
[0mGET / [0m-[0m - ms - -[0m
[0mGET / [0m-[0m - ms - -[0m
[0mGET / [0m-[0m - ms - -[0m
[0mGET / [0m-[0m - ms - -[0m
[0mGET / [0m-[0m - ms - -[0m
[0mGET / [0m-[0m - ms - -[0m
[0mPOST /api/auth/logout [33m401[0m 0.180 ms - 101[0m
[0mPOST /api/auth/logout [33m401[0m 0.156 ms - 101[0m
[0mPOST /api/auth/logout [33m401[0m 0.153 ms - 101[0m
[0mPOST /api/auth/logout [33m401[0m 0.169 ms - 101[0m
[0mGET / [0m-[0m - ms - -[0m
[0mGET / [0m-[0m - ms - -[0m
[0mGET / [0m-[0m - ms - -[0m
[0mGET / [0m-[0m - ms - -[0m
[0mGET / [0m-[0m - ms - -[0m
[0mGET / [0m-[0m - ms - -[0m
[0mGET / [0m-[0m - ms - -[0m
[0mGET / [0m-[0m - ms - -[0m
[0mGET / [0m-[0m - ms - -[0m
[0mGET / [0m-[0m - ms - -[0m
[0mGET / [0m-[0m - ms - -[0m
[0mGET / [0m-[0m - ms - -[0m
[0mGET / [0m-[0m - ms - -[0m
[0mGET / [0m-[0m - ms - -[0m
[0mGET / [0m-[0m - ms - -[0m
[0mGET / [0m-[0m - ms - -[0m
[0mGET / [0m-[0m - ms - -[0m
[0mGET / [0m-[0m - ms - -[0m
[0mGET / [0m-[0m - ms - -[0m
[0mGET / [0m-[0m - ms - -[0m
[0mGET / [0m-[0m - ms - -[0m
[0mPOST /api/auth/refresh [33m401[0m 0.255 ms - 101[0m
[0mGET / [0m-[0m - ms - -[0m
[0mGET / [0m-[0m - ms - -[0m
[0mGET / [0m-[0m - ms - -[0m
[0mGET / [0m-[0m - ms - -[0m
[0mPOST /api/auth/logout [33m401[0m 0.144 ms - 101[0m
[0mPOST /api/auth/logout [33m401[0m 0.124 ms - 101[0m
[0mPOST /api/auth/logout [33m401[0m 0.131 ms - 101[0m
[0mPOST /api/auth/logout [33m401[0m 0.124 ms - 101[0m
[0mGET / [0m-[0m - ms - -[0m
[0mGET / [0m-[0m - ms - -[0m
[0mGET / [0m-[0m - ms - -[0m
[0mPOST /api/auth/refresh [33m401[0m 0.289 ms - 101[0m
[0mGET / [32m200[0m 6.150 ms - 21770[0m
[0mPOST /api/auth/logout [33m401[0m 0.137 ms - 101[0m
[0mPOST /api/auth/logout [33m401[0m 0.138 ms - 101[0m
[0mPOST /api/auth/logout [33m401[0m 0.130 ms - 101[0m
[0mPOST /api/auth/logout [33m401[0m 0.122 ms - 101[0m
[0mPOST /api/auth/refresh [33m401[0m 0.237 ms - 101[0m
[0mPOST /api/auth/logout [33m401[0m 0.178 ms - 101[0m
[0mPOST /api/auth/logout [33m401[0m 0.130 ms - 101[0m
[0mPOST /api/auth/logout [33m401[0m 0.206 ms - 101[0m
[0mGET / [32m200[0m 3.433 ms - 21770[0m
[0mPOST /api/auth/logout [33m401[0m 0.214 ms - 101[0m
[0mPOST /api/auth/refresh [33m401[0m 0.341 ms - 101[0m
[0mGET / [0m-[0m - ms - -[0m
[0mPOST /api/auth/logout [33m401[0m 0.223 ms - 101[0m
[0mPOST /api/auth/logout [33m401[0m 0.205 ms - 101[0m
[0mPOST /api/auth/logout [33m401[0m 0.189 ms - 101[0m
[0mGET / [32m200[0m 3.707 ms - 21770[0m
[0mPOST /api/auth/logout [33m401[0m 0.194 ms - 101[0m
[0mPOST /api/auth/refresh [33m401[0m 0.305 ms - 101[0m
[0mGET / [0m-[0m - ms - -[0m
[0mPOST /api/auth/logout [33m401[0m 0.183 ms - 101[0m
[0mPOST /api/auth/logout [33m401[0m 0.174 ms - 101[0m
[0mGET / [0m-[0m - ms - -[0m
[0mPOST /api/auth/logout [33m401[0m 0.173 ms - 101[0m
[0mPOST /api/auth/logout [33m401[0m 0.125 ms - 101[0m
[0mPOST /api/auth/refresh [33m401[0m 0.224 ms - 101[0m
[0mGET / [0m-[0m - ms - -[0m
[0mGET / [32m200[0m 2.200 ms - 21770[0m
[0mPOST /api/auth/logout [33m401[0m 0.145 ms - 101[0m
[0mPOST /api/auth/logout [33m401[0m 0.175 ms - 101[0m
[0mGET / [32m200[0m 1.973 ms - 21770[0m
[0mPOST /api/auth/logout [33m401[0m 0.206 ms - 101[0m
[0mPOST /api/auth/logout [33m401[0m 0.151 ms - 101[0m
[0mPOST /api/auth/refresh [33m401[0m 0.248 ms - 101[0m
[0mGET / [0m-[0m - ms - -[0m
[0mPOST /api/auth/logout [33m401[0m 0.151 ms - 101[0m
[0mGET / [32m200[0m 1.746 ms - 21770[0m
[0mPOST /api/auth/logout [33m401[0m 0.139 ms - 101[0m
[0mPOST /api/auth/logout [33m401[0m 0.141 ms - 101[0m
[0mPOST /api/auth/logout [33m401[0m 0.121 ms - 101[0m
[0mPOST /api/auth/refresh [33m401[0m 0.236 ms - 101[0m
[0mPOST /api/auth/logout [33m401[0m 0.190 ms - 101[0m
[0mPOST /api/auth/logout [33m401[0m 0.127 ms - 101[0m
[0mPOST /api/auth/logout [33m401[0m 0.175 ms - 101[0m
[0mPOST /api/auth/logout [33m401[0m 0.127 ms - 101[0m
[0mGET / [32m200[0m 1.684 ms - 21770[0m
[0mPOST /api/auth/refresh [33m401[0m 0.449 ms - 101[0m
[0mGET / [32m200[0m 1.357 ms - 21770[0m
[0mPOST /api/auth/logout [33m401[0m 0.248 ms - 101[0m
[0mPOST /api/auth/logout [33m401[0m 0.213 ms - 101[0m
[0mGET / [32m200[0m 2.221 ms - 21770[0m
[0mPOST /api/auth/logout [33m401[0m 0.147 ms - 101[0m
[0mPOST /api/auth/logout [33m401[0m 0.198 ms - 101[0m
[0mPOST /api/auth/refresh [33m401[0m 0.346 ms - 101[0m
[0mGET / [0m-[0m - ms - -[0m
[0mGET / [0m-[0m - ms - -[0m
[0mPOST /api/auth/logout [33m401[0m 0.212 ms - 101[0m
[0mPOST /api/auth/logout [33m401[0m 0.235 ms - 101[0m
[0mPOST /api/auth/logout [33m401[0m 0.148 ms - 101[0m
[0mPOST /api/auth/logout [33m401[0m 0.116 ms - 101[0m
[0mGET / [0m-[0m - ms - -[0m
[0mPOST /api/auth/refresh [33m401[0m 0.216 ms - 101[0m
[0mGET / [32m200[0m 3.249 ms - 21770[0m
[0mPOST /api/auth/logout [33m401[0m 0.243 ms - 101[0m
[0mPOST /api/auth/logout [33m401[0m 0.217 ms - 101[0m
[0mPOST /api/auth/logout [33m401[0m 0.138 ms - 101[0m
[0mPOST /api/auth/logout [33m401[0m 0.138 ms - 101[0m
[0mGET / [0m-[0m - ms - -[0m
[0mPOST /api/auth/refresh [33m401[0m 0.259 ms - 101[0m
[0mGET / [0m-[0m - ms - -[0m
[0mPOST /api/auth/logout [33m401[0m 0.226 ms - 101[0m
[0mPOST /api/auth/logout [33m401[0m 0.145 ms - 101[0m
[0mGET / [32m200[0m 2.992 ms - 21770[0m
[0mPOST /api/auth/logout [33m401[0m 0.144 ms - 101[0m
[0mPOST /api/auth/logout [33m401[0m 0.128 ms - 101[0m
[0mPOST /api/auth/refresh [33m401[0m 0.213 ms - 101[0m
[0mGET / [0m-[0m - ms - -[0m
[0mGET / [0m-[0m - ms - -[0m
[0mPOST /api/auth/logout [33m401[0m 0.165 ms - 101[0m
[0mPOST /api/auth/logout [33m401[0m 0.154 ms - 101[0m
[0mPOST /api/auth/logout [33m401[0m 0.133 ms - 101[0m
[0mPOST /api/auth/logout [33m401[0m 0.127 ms - 101[0m
[0mGET / [32m200[0m 1.729 ms - 21770[0m
[0mPOST /api/auth/refresh [33m401[0m 0.329 ms - 101[0m
[0mGET / [32m200[0m 1.828 ms - 21770[0m
[0mGET / [32m200[0m 1.039 ms - 21770[0m
[0mPOST /api/auth/logout [33m401[0m 0.152 ms - 101[0m
[0mPOST /api/auth/logout [33m401[0m 0.188 ms - 101[0m
[0mPOST /api/auth/logout [33m401[0m 0.137 ms - 101[0m
[0mPOST /api/auth/logout [33m401[0m 0.123 ms - 101[0m
[0mGET / [32m200[0m 2.125 ms - 21770[0m
[0mGET / [0m-[0m - ms - -[0m
[0mPOST /api/auth/refresh [33m401[0m 0.268 ms - 101[0m
[0mGET / [32m200[0m 1.003 ms - 21770[0m
[0mPOST /api/auth/logout [33m401[0m 0.143 ms - 101[0m
[0mPOST /api/auth/logout [33m401[0m 0.244 ms - 101[0m
[0mPOST /api/auth/logout [33m401[0m 0.289 ms - 101[0m
[0mPOST /api/auth/logout [33m401[0m 0.188 ms - 101[0m
[0mPOST /api/auth/refresh [33m401[0m 0.279 ms - 101[0m
[0mGET / [32m200[0m 1.278 ms - 21770[0m
[0mPOST /api/auth/logout [33m401[0m 0.188 ms - 101[0m
[0mPOST /api/auth/logout [33m401[0m 0.287 ms - 101[0m
[0mPOST /api/auth/logout [33m401[0m 0.160 ms - 101[0m
[0mGET / [32m200[0m 2.063 ms - 21770[0m
[0mPOST /api/auth/logout [33m401[0m 0.225 ms - 101[0m
[0mPOST /api/auth/refresh [33m401[0m 0.364 ms - 101[0m
[0mGET / [32m200[0m 2.800 ms - 21770[0m
[0mGET / [32m200[0m 2.089 ms - 21770[0m
[0mPOST /api/auth/logout [33m401[0m 0.146 ms - 101[0m
[0mGET / [0m-[0m - ms - -[0m
[0mGET / [32m200[0m 0.942 ms - 21770[0m
[0mPOST /api/auth/logout [33m401[0m 0.170 ms - 101[0m
[0mPOST /api/auth/logout [33m401[0m 0.169 ms - 101[0m
[0mPOST /api/auth/logout [33m401[0m 0.139 ms - 101[0m
[0mPOST /api/auth/refresh [33m401[0m 0.330 ms - 101[0m
[0mGET / [32m200[0m 2.273 ms - 21770[0m
[0mGET / [32m200[0m 1.522 ms - 21770[0m
[0mGET / [32m200[0m 1.484 ms - 21770[0m
[0mGET / [32m200[0m 1.437 ms - 21770[0m
[0mGET / [0m-[0m - ms - -[0m
[0mPOST /api/auth/logout [33m401[0m 0.286 ms - 101[0m
[0mPOST /api/auth/logout [33m401[0m 0.210 ms - 101[0m
[0mPOST /api/auth/logout [33m401[0m 0.166 ms - 101[0m
[0mGET / [32m200[0m 3.404 ms - 21770[0m
[0mPOST /api/auth/logout [33m401[0m 0.183 ms - 101[0m
[0mGET / [0m-[0m - ms - -[0m
[0mGET / [32m200[0m 2.220 ms - 21770[0m
[0mPOST /api/auth/refresh [33m401[0m 0.349 ms - 101[0m
[0mGET / [0m-[0m - ms - -[0m
[0mGET / [32m200[0m 0.955 ms - 21770[0m
[0mGET / [32m200[0m 1.109 ms - 21770[0m
[0mPOST /api/auth/logout [33m401[0m 0.187 ms - 101[0m
[0mPOST /api/auth/logout [33m401[0m 0.156 ms - 101[0m
[0mPOST /api/auth/logout [33m401[0m 0.183 ms - 101[0m
[0mPOST /api/auth/logout [33m401[0m 0.148 ms - 101[0m
[0mGET / [0m-[0m - ms - -[0m
[0mGET / [0m-[0m - ms - -[0m
[0mPOST /api/auth/refresh [33m401[0m 0.406 ms - 101[0m
[0mGET / [32m200[0m 1.148 ms - 21770[0m
[0mPOST /api/auth/logout [33m401[0m 0.193 ms - 101[0m
[0mPOST /api/auth/logout [33m401[0m 0.212 ms - 101[0m
[0mPOST /api/auth/logout [33m401[0m 0.174 ms - 101[0m
[0mPOST /api/auth/logout [33m401[0m 0.143 ms - 101[0m
[0mGET / [0m-[0m - ms - -[0m
[0mPOST /api/auth/refresh [33m401[0m 0.258 ms - 101[0m
[0mGET / [0m-[0m - ms - -[0m
[0mPOST /api/auth/logout [33m401[0m 0.152 ms - 101[0m
[0mPOST /api/auth/logout [33m401[0m 0.141 ms - 101[0m
[0mPOST /api/auth/logout [33m401[0m 0.212 ms - 101[0m
[0mGET / [0m-[0m - ms - -[0m
[0mPOST /api/auth/logout [33m401[0m 0.161 ms - 101[0m
[0mPOST /api/auth/refresh [33m401[0m 0.244 ms - 101[0m
[0mGET / [32m200[0m 1.999 ms - 21770[0m
[0mPOST /api/auth/logout [33m401[0m 0.310 ms - 101[0m
[0mPOST /api/auth/logout [33m401[0m 0.155 ms - 101[0m
[0mPOST /api/auth/logout [33m401[0m 0.142 ms - 101[0m
[0mPOST /api/auth/logout [33m401[0m 0.134 ms - 101[0m
[0mPOST /api/auth/refresh [33m401[0m 0.261 ms - 101[0m
[0mGET / [32m200[0m 2.050 ms - 21770[0m
[0mPOST /api/auth/logout [33m401[0m 0.144 ms - 101[0m
[0mGET / [32m200[0m 1.950 ms - 21770[0m
[0mPOST /api/auth/logout [33m401[0m 0.149 ms - 101[0m
[0mPOST /api/auth/logout [33m401[0m 0.138 ms - 101[0m
[0mPOST /api/auth/logout [33m401[0m 0.148 ms - 101[0m
[0mPOST /api/auth/refresh [33m401[0m 0.220 ms - 101[0m
[0mGET / [0m-[0m - ms - -[0m
[0mPOST /api/auth/logout [33m401[0m 0.152 ms - 101[0m
[0mPOST /api/auth/logout [33m401[0m 0.145 ms - 101[0m
[0mGET / [32m200[0m 1.838 ms - 21770[0m
[0mPOST /api/auth/logout [33m401[0m 0.136 ms - 101[0m
[0mPOST /api/auth/logout [33m401[0m 0.127 ms - 101[0m
[0mPOST /api/auth/refresh [33m401[0m 0.218 ms - 101[0m
[0mGET / [32m200[0m 1.198 ms - 21770[0m
[0mPOST /api/auth/logout [33m401[0m 0.140 ms - 101[0m
[0mGET / [32m200[0m 2.037 ms - 21770[0m
[0mPOST /api/auth/logout [33m401[0m 0.175 ms - 101[0m
[0mPOST /api/auth/logout [33m401[0m 0.170 ms - 101[0m
[0mPOST /api/auth/logout [33m401[0m 0.154 ms - 101[0m
[0mPOST /api/auth/refresh [33m401[0m 0.289 ms - 101[0m
[0mGET / [0m-[0m - ms - -[0m
[0mGET / [32m200[0m 1.124 ms - 21770[0m
[0mPOST /api/auth/logout [33m401[0m 0.174 ms - 101[0m
[0mPOST /api/auth/logout [33m401[0m 0.194 ms - 101[0m
[0mPOST /api/auth/logout [33m401[0m 0.159 ms - 101[0m
[0mPOST /api/auth/logout [33m401[0m 0.147 ms - 101[0m
[0mGET / [0m-[0m - ms - -[0m
[0mPOST /api/auth/refresh [33m401[0m 0.236 ms - 101[0m
[0mGET / [32m200[0m 1.752 ms - 21770[0m
[0mPOST /api/auth/logout [33m401[0m 0.171 ms - 101[0m
[0mGET / [32m200[0m 1.115 ms - 21770[0m
[0mPOST /api/auth/logout [33m401[0m 0.143 ms - 101[0m
[0mPOST /api/auth/logout [33m401[0m 0.129 ms - 101[0m
[0mPOST /api/auth/logout [33m401[0m 0.154 ms - 101[0m
[0mGET / [32m200[0m 1.151 ms - 21770[0m
[0mPOST /api/auth/refresh [33m401[0m 0.303 ms - 101[0m
[0mGET / [32m200[0m 1.156 ms - 21770[0m
[0mPOST /api/auth/logout [33m401[0m 0.168 ms - 101[0m
[0mPOST /api/auth/logout [33m401[0m 0.149 ms - 101[0m
[0mPOST /api/auth/logout [33m401[0m 0.121 ms - 101[0m
[0mPOST /api/auth/logout [33m401[0m 0.147 ms - 101[0m
[0mGET / [32m200[0m 2.002 ms - 21770[0m
[0mPOST /api/auth/refresh [33m401[0m 0.297 ms - 101[0m
[0mGET / [0m-[0m - ms - -[0m
[0mPOST /api/auth/logout [33m401[0m 0.151 ms - 101[0m
[0mGET / [32m200[0m 1.942 ms - 21770[0m
[0mPOST /api/auth/logout [33m401[0m 0.146 ms - 101[0m
[0mPOST /api/auth/logout [33m401[0m 0.134 ms - 101[0m
[0mPOST /api/auth/logout [33m401[0m 0.128 ms - 101[0m
[0mPOST /api/auth/refresh [33m401[0m 0.298 ms - 101[0m
[0mPOST /api/auth/logout [33m401[0m 0.217 ms - 101[0m
[0mPOST /api/auth/logout [33m401[0m 0.134 ms - 101[0m
[0mPOST /api/auth/logout [33m401[0m 0.135 ms - 101[0m
[0mPOST /api/auth/logout [33m401[0m 0.131 ms - 101[0m
[0mPOST /api/auth/refresh [33m401[0m 0.361 ms - 101[0m
[0mPOST /api/auth/logout [33m401[0m 0.165 ms - 101[0m
[0mPOST /api/auth/logout [33m401[0m 0.157 ms - 101[0m
[0mPOST /api/auth/logout [33m401[0m 0.169 ms - 101[0m
[0mPOST /api/auth/logout [33m401[0m 0.215 ms - 101[0m
[0mPOST /api/auth/refresh [33m401[0m 0.386 ms - 101[0m
[0mPOST /api/auth/logout [33m401[0m 0.174 ms - 101[0m
[0mPOST /api/auth/refresh [33m401[0m 0.408 ms - 101[0m
[0mPOST /api/auth/logout [33m401[0m 0.198 ms - 101[0m
[0mPOST /api/auth/logout [33m401[0m 0.170 ms - 101[0m
[0mPOST /api/auth/logout [33m401[0m 0.142 ms - 101[0m
[0mGET / [0m-[0m - ms - -[0m
[0mGET / [0m-[0m - ms - -[0m
[0mGET / [0m-[0m - ms - -[0m
[0mGET / [0m-[0m - ms - -[0m
[0mGET / [0m-[0m - ms - -[0m
[0mGET / [0m-[0m - ms - -[0m
[0mGET / [0m-[0m - ms - -[0m
[0mGET / [0m-[0m - ms - -[0m
[0mGET / [0m-[0m - ms - -[0m
[0mGET / [0m-[0m - ms - -[0m
[0mGET / [0m-[0m - ms - -[0m
[0mGET / [0m-[0m - ms - -[0m
[0mGET / [0m-[0m - ms - -[0m
[0mGET / [0m-[0m - ms - -[0m
[0mGET / [0m-[0m - ms - -[0m
[0mGET / [0m-[0m - ms - -[0m
[0mGET / [0m-[0m - ms - -[0m
[0mGET / [0m-[0m - ms - -[0m
[0mGET / [0m-[0m - ms - -[0m
[0mGET / [0m-[0m - ms - -[0m
[0mGET / [0m-[0m - ms - -[0m
[0mGET / [0m-[0m - ms - -[0m
[0mGET / [0m-[0m - ms - -[0m
[0mGET / [0m-[0m - ms - -[0m
[0mGET / [0m-[0m - ms - -[0m
[0mGET / [0m-[0m - ms - -[0m
[0mGET / [0m-[0m - ms - -[0m
[0mGET / [0m-[0m - ms - -[0m
[0mGET / [0m-[0m - ms - -[0m
[0mGET / [0m-[0m - ms - -[0m
[0mGET / [0m-[0m - ms - -[0m
[0mGET / [0m-[0m - ms - -[0m
[0mPOST /api/auth/logout [33m401[0m 0.153 ms - 101[0m
[0mPOST /api/auth/refresh [33m401[0m 0.211 ms - 101[0m
[0mGET / [0m-[0m - ms - -[0m
[0mGET / [0m-[0m - ms - -[0m
[0mGET / [0m-[0m - ms - -[0m
[0mGET / [0m-[0m - ms - -[0m
[0mGET / [0m-[0m - ms - -[0m
[0mGET / [0m-[0m - ms - -[0m
[0mGET / [0m-[0m - ms - -[0m
[0mGET / [0m-[0m - ms - -[0m
[0mGET / [0m-[0m - ms - -[0m
[0mGET / [0m-[0m - ms - -[0m
[0mGET / [0m-[0m - ms - -[0m
[0mGET / [0m-[0m - ms - -[0m
[0mGET / [0m-[0m - ms - -[0m
[0mGET / [0m-[0m - ms - -[0m
[0mGET / [0m-[0m - ms - -[0m
[0mGET / [0m-[0m - ms - -[0m
[0mGET / [0m-[0m - ms - -[0m
[0mGET / [0m-[0m - ms - -[0m
[0mGET / [0m-[0m - ms - -[0m
[0mGET / [0m-[0m - ms - -[0m
[0mGET / [32m200[0m 8.132 ms - 21770[0m
[0mPOST /api/auth/logout [33m401[0m 0.147 ms - 101[0m
[0mPOST /api/auth/logout [33m401[0m 0.120 ms - 101[0m
[0mPOST /api/auth/logout [33m401[0m 0.121 ms - 101[0m
[0mPOST /api/auth/refresh [33m401[0m 0.382 ms - 101[0m
[0mPOST /api/auth/logout [33m401[0m 0.164 ms - 101[0m
[0mGET / [0m-[0m - ms - -[0m
[0mGET / [0m-[0m - ms - -[0m
[0mGET / [0m-[0m - ms - -[0m
[0mGET / [32m200[0m 5.827 ms - 21770[0m
[0mPOST /api/auth/logout [33m401[0m 0.185 ms - 101[0m
[0mPOST /api/auth/logout [33m401[0m 0.162 ms - 101[0m
[0mPOST /api/auth/logout [33m401[0m 0.202 ms - 101[0m
[0mPOST /api/auth/refresh [33m401[0m 0.330 ms - 101[0m
[0mGET / [32m200[0m 1.194 ms - 21770[0m
[0mPOST /api/auth/logout [33m401[0m 0.162 ms - 101[0m
[0mPOST /api/auth/logout [33m401[0m 0.139 ms - 101[0m
[0mPOST /api/auth/logout [33m401[0m 0.117 ms - 101[0m
[0mGET / [32m200[0m 1.574 ms - 21770[0m
[0mPOST /api/auth/logout [33m401[0m 0.147 ms - 101[0m
[0mPOST /api/auth/refresh [33m401[0m 0.235 ms - 101[0m
[0mGET / [32m200[0m 1.275 ms - 21770[0m
[0mPOST /api/auth/logout [33m401[0m 0.233 ms - 101[0m
[0mPOST /api/auth/logout [33m401[0m 0.157 ms - 101[0m
[0mPOST /api/auth/logout [33m401[0m 0.123 ms - 101[0m
[0mPOST /api/auth/logout [33m401[0m 0.128 ms - 101[0m
[0mGET / [32m200[0m 1.119 ms - 21770[0m
[0mGET / [0m-[0m - ms - -[0m
[0mPOST /api/auth/refresh [33m401[0m 0.299 ms - 101[0m
[0mGET / [32m200[0m 1.724 ms - 21770[0m
[0mPOST /api/auth/logout [33m401[0m 0.281 ms - 101[0m
[0mPOST /api/auth/logout [33m401[0m 0.229 ms - 101[0m
[0mPOST /api/auth/logout [33m401[0m 0.181 ms - 101[0m
[0mPOST /api/auth/logout [33m401[0m 0.236 ms - 101[0m
[0mPOST /api/auth/refresh [33m401[0m 0.418 ms - 101[0m
[0mGET / [32m200[0m 2.899 ms - 21770[0m
[0mPOST /api/auth/logout [33m401[0m 0.274 ms - 101[0m
[0mGET / [32m200[0m 1.677 ms - 21770[0m
[0mPOST /api/auth/logout [33m401[0m 0.235 ms - 101[0m
[0mPOST /api/auth/logout [33m401[0m 0.214 ms - 101[0m
[0mPOST /api/auth/logout [33m401[0m 0.200 ms - 101[0m
[0mPOST /api/auth/refresh [33m401[0m 0.262 ms - 101[0m
[0mGET / [0m-[0m - ms - -[0m
[0mPOST /api/auth/logout [33m401[0m 0.153 ms - 101[0m
[0mGET / [32m200[0m 2.533 ms - 21770[0m
[0mPOST /api/auth/logout [33m401[0m 0.228 ms - 101[0m
[0mPOST /api/auth/logout [33m401[0m 0.221 ms - 101[0m
[0mPOST /api/auth/logout [33m401[0m 0.169 ms - 101[0m
[0mGET / [0m-[0m - ms - -[0m
[0mPOST /api/auth/refresh [33m401[0m 0.297 ms - 101[0m
[0mGET / [32m200[0m 2.768 ms - 21770[0m
[0mPOST /api/auth/logout [33m401[0m 0.167 ms - 101[0m
[0mPOST /api/auth/logout [33m401[0m 0.137 ms - 101[0m
[0mGET / [32m200[0m 2.568 ms - 21770[0m
[0mPOST /api/auth/logout [33m401[0m 0.165 ms - 101[0m
[0mPOST /api/auth/logout [33m401[0m 0.118 ms - 101[0m
[0mPOST /api/auth/refresh [33m401[0m 0.237 ms - 101[0m
[0mGET / [0m-[0m - ms - -[0m
[0mGET / [32m200[0m 1.926 ms - 21770[0m
[0mPOST /api/auth/logout [33m401[0m 0.153 ms - 101[0m
[0mPOST /api/auth/logout [33m401[0m 0.255 ms - 101[0m
[0mPOST /api/auth/logout [33m401[0m 0.177 ms - 101[0m
[0mPOST /api/auth/logout [33m401[0m 0.155 ms - 101[0m
[0mGET / [0m-[0m - ms - -[0m
[0mPOST /api/auth/refresh [33m401[0m 0.274 ms - 101[0m
[0mGET / [0m-[0m - ms - -[0m
[0mPOST /api/auth/logout [33m401[0m 0.165 ms - 101[0m
[0mGET / [32m200[0m 2.032 ms - 21770[0m
[0mPOST /api/auth/logout [33m401[0m 0.145 ms - 101[0m
[0mPOST /api/auth/logout [33m401[0m 0.122 ms - 101[0m
[0mPOST /api/auth/logout [33m401[0m 0.138 ms - 101[0m
[0mPOST /api/auth/refresh [33m401[0m 0.242 ms - 101[0m
[0mGET / [0m-[0m - ms - -[0m
[0mGET / [32m200[0m 1.873 ms - 21770[0m
[0mPOST /api/auth/logout [33m401[0m 0.168 ms - 101[0m
[0mPOST /api/auth/logout [33m401[0m 0.161 ms - 101[0m
[0mPOST /api/auth/logout [33m401[0m 0.122 ms - 101[0m
[0mPOST /api/auth/logout [33m401[0m 0.122 ms - 101[0m
[0mGET / [0m-[0m - ms - -[0m
[0mGET / [0m-[0m - ms - -[0m
[0mPOST /api/auth/refresh [33m401[0m 0.247 ms - 101[0m
[0mGET / [32m200[0m 0.965 ms - 21770[0m
[0mPOST /api/auth/logout [33m401[0m 0.143 ms - 101[0m
[0mPOST /api/auth/logout [33m401[0m 0.137 ms - 101[0m
[0mPOST /api/auth/logout [33m401[0m 0.129 ms - 101[0m
[0mPOST /api/auth/logout [33m401[0m 0.148 ms - 101[0m
[0mGET / [32m200[0m 1.116 ms - 21770[0m
[0mPOST /api/auth/refresh [33m401[0m 0.281 ms - 101[0m
[0mGET / [32m200[0m 1.204 ms - 21770[0m
[0mPOST /api/auth/logout [33m401[0m 0.157 ms - 101[0m
[0mPOST /api/auth/logout [33m401[0m 0.183 ms - 101[0m
[0mPOST /api/auth/logout [33m401[0m 0.148 ms - 101[0m
[0mPOST /api/auth/logout [33m401[0m 0.130 ms - 101[0m
[0mGET / [32m200[0m 1.833 ms - 21770[0m
[0mPOST /api/auth/refresh [33m401[0m 0.246 ms - 101[0m
[0mGET / [32m200[0m 1.695 ms - 21770[0m
[0mPOST /api/auth/logout [33m401[0m 0.253 ms - 101[0m
[0mPOST /api/auth/logout [33m401[0m 0.255 ms - 101[0m
[0mPOST /api/auth/logout [33m401[0m 0.190 ms - 101[0m
[0mPOST /api/auth/logout [33m401[0m 0.142 ms - 101[0m
[0mPOST /api/auth/refresh [33m401[0m 0.262 ms - 101[0m
[0mGET / [32m200[0m 2.142 ms - 21770[0m
[0mPOST /api/auth/logout [33m401[0m 0.268 ms - 101[0m
[0mGET / [32m200[0m 2.872 ms - 21770[0m
[0mPOST /api/auth/logout [33m401[0m 0.266 ms - 101[0m
[0mPOST /api/auth/logout [33m401[0m 0.192 ms - 101[0m
[0mPOST /api/auth/logout [33m401[0m 0.247 ms - 101[0m
[0mPOST /api/auth/refresh [33m401[0m 0.342 ms - 101[0m
[0mGET / [0m-[0m - ms - -[0m
[0mPOST /api/auth/logout [33m401[0m 0.243 ms - 101[0m
[0mGET / [32m200[0m 2.537 ms - 21770[0m
[0mPOST /api/auth/logout [33m401[0m 0.162 ms - 101[0m
[0mPOST /api/auth/logout [33m401[0m 0.141 ms - 101[0m
[0mPOST /api/auth/logout [33m401[0m 0.127 ms - 101[0m
[0mPOST /api/auth/refresh [33m401[0m 0.233 ms - 101[0m
[0mGET / [0m-[0m - ms - -[0m
[0mPOST /api/auth/logout [33m401[0m 0.173 ms - 101[0m
[0mGET / [32m200[0m 1.906 ms - 21770[0m
[0mPOST /api/auth/logout [33m401[0m 0.186 ms - 101[0m
[0mPOST /api/auth/logout [33m401[0m 0.135 ms - 101[0m
[0mPOST /api/auth/logout [33m401[0m 0.165 ms - 101[0m
[0mGET / [0m-[0m - ms - -[0m
[0mPOST /api/auth/refresh [33m401[0m 0.277 ms - 101[0m
[0mGET / [0m-[0m - ms - -[0m
[0mPOST /api/auth/logout [33m401[0m 0.242 ms - 101[0m
[0mGET / [32m200[0m 2.476 ms - 21770[0m
[0mPOST /api/auth/logout [33m401[0m 0.172 ms - 101[0m
[0mPOST /api/auth/logout [33m401[0m 0.127 ms - 101[0m
[0mPOST /api/auth/logout [33m401[0m 0.131 ms - 101[0m
[0mGET / [0m-[0m - ms - -[0m
[0mPOST /api/auth/refresh [33m401[0m 0.280 ms - 101[0m
[0mGET / [32m200[0m 1.811 ms - 21770[0m
[0mPOST /api/auth/logout [33m401[0m 0.216 ms - 101[0m
[0mPOST /api/auth/logout [33m401[0m 0.198 ms - 101[0m
[0mGET / [32m200[0m 2.703 ms - 21770[0m
[0mPOST /api/auth/logout [33m401[0m 0.209 ms - 101[0m
[0mPOST /api/auth/logout [33m401[0m 0.206 ms - 101[0m
[0mPOST /api/auth/refresh [33m401[0m 0.338 ms - 101[0m
[0mGET / [0m-[0m - ms - -[0m
[0mGET / [32m200[0m 2.974 ms - 21770[0m
[0mPOST /api/auth/logout [33m401[0m 0.214 ms - 101[0m
[0mPOST /api/auth/logout [33m401[0m 0.171 ms - 101[0m
[0mPOST /api/auth/logout [33m401[0m 0.134 ms - 101[0m
[0mPOST /api/auth/logout [33m401[0m 0.162 ms - 101[0m
[0mGET / [0m-[0m - ms - -[0m
[0mPOST /api/auth/refresh [33m401[0m 0.246 ms - 101[0m
[0mGET / [0m-[0m - ms - -[0m
[0mGET / [0m-[0m - ms - -[0m
[0mPOST /api/auth/logout [33m401[0m 0.182 ms - 101[0m
[0mPOST /api/auth/logout [33m401[0m 0.168 ms - 101[0m
[0mPOST /api/auth/logout [33m401[0m 0.148 ms - 101[0m
[0mPOST /api/auth/logout [33m401[0m 0.160 ms - 101[0m
[0mGET / [0m-[0m - ms - -[0m
[0mGET / [32m200[0m 1.981 ms - 21770[0m
[0mPOST /api/auth/refresh [33m401[0m 0.304 ms - 101[0m
[0mGET / [32m200[0m 1.379 ms - 21770[0m
[0mPOST /api/auth/logout [33m401[0m 0.238 ms - 101[0m
[0mPOST /api/auth/logout [33m401[0m 0.219 ms - 101[0m
[0mPOST /api/auth/logout [33m401[0m 0.189 ms - 101[0m
[0mPOST /api/auth/logout [33m401[0m 0.170 ms - 101[0m
[0mPOST /api/auth/refresh [33m401[0m 0.252 ms - 101[0m
[0mPOST /api/auth/logout [33m401[0m 0.178 ms - 101[0m
[0mPOST /api/auth/logout [33m401[0m 0.243 ms - 101[0m
[0mGET / [32m200[0m 2.156 ms - 21770[0m
[0mPOST /api/auth/logout [33m401[0m 0.160 ms - 101[0m
[0mPOST /api/auth/logout [33m401[0m 0.137 ms - 101[0m
[0mPOST /api/auth/refresh [33m401[0m 0.225 ms - 101[0m
[0mGET / [0m-[0m - ms - -[0m
[0mGET / [32m200[0m 1.936 ms - 21770[0m
[0mPOST /api/auth/logout [33m401[0m 0.144 ms - 101[0m
[0mPOST /api/auth/logout [33m401[0m 0.138 ms - 101[0m
[0mPOST /api/auth/logout [33m401[0m 0.144 ms - 101[0m
[0mGET / [32m200[0m 1.799 ms - 21770[0m
[0mPOST /api/auth/logout [33m401[0m 0.144 ms - 101[0m
[0mPOST /api/auth/refresh [33m401[0m 0.289 ms - 101[0m
[0mGET / [0m-[0m - ms - -[0m
[0mGET / [0m-[0m - ms - -[0m
[0mPOST /api/auth/logout [33m401[0m 0.178 ms - 101[0m
[0mPOST /api/auth/logout [33m401[0m 0.214 ms - 101[0m
[0mPOST /api/auth/logout [33m401[0m 0.194 ms - 101[0m
[0mPOST /api/auth/refresh [33m401[0m 0.355 ms - 101[0m
[0mPOST /api/auth/logout [33m401[0m 0.136 ms - 101[0m
[0mGET / [0m-[0m - ms - -[0m
[0mGET / [32m200[0m 3.976 ms - 21770[0m
[0mPOST /api/auth/logout [33m401[0m 0.167 ms - 101[0m
[0mGET / [32m200[0m 2.914 ms - 21770[0m
[0mPOST /api/auth/logout [33m401[0m 0.165 ms - 101[0m
[0mPOST /api/auth/refresh [33m401[0m 0.277 ms - 101[0m
[0mPOST /api/auth/logout [33m401[0m 0.125 ms - 101[0m
[0mGET / [0m-[0m - ms - -[0m
[0mGET / [0m-[0m - ms - -[0m
[0mPOST /api/auth/logout [33m401[0m 0.150 ms - 101[0m
[0mGET / [32m200[0m 1.746 ms - 21770[0m
[0mPOST /api/auth/logout [33m401[0m 0.145 ms - 101[0m
[0mPOST /api/auth/logout [33m401[0m 0.126 ms - 101[0m
[0mPOST /api/auth/logout [33m401[0m 0.122 ms - 101[0m
[0mPOST /api/auth/refresh [33m401[0m 0.228 ms - 101[0m
[0mGET / [0m-[0m - ms - -[0m
[0mPOST /api/auth/logout [33m401[0m 0.151 ms - 101[0m
[0mGET / [32m200[0m 1.759 ms - 21770[0m
[0mPOST /api/auth/logout [33m401[0m 0.149 ms - 101[0m
[0mPOST /api/auth/logout [33m401[0m 0.138 ms - 101[0m
[0mPOST /api/auth/logout [33m401[0m 0.126 ms - 101[0m
[0mPOST /api/auth/refresh [33m401[0m 0.217 ms - 101[0m
[0mGET / [32m200[0m 1.023 ms - 21770[0m
[0mPOST /api/auth/logout [33m401[0m 0.142 ms - 101[0m
[0mPOST /api/auth/logout [33m401[0m 0.126 ms - 101[0m
[0mPOST /api/auth/logout [33m401[0m 0.123 ms - 101[0m
[0mPOST /api/auth/logout [33m401[0m 0.143 ms - 101[0m
[0mGET / [32m200[0m 1.668 ms - 21770[0m
[0mPOST /api/auth/refresh [33m401[0m 0.259 ms - 101[0m
[0mPOST /api/auth/logout [33m401[0m 0.215 ms - 101[0m
[0mPOST /api/auth/logout [33m401[0m 0.220 ms - 101[0m
[0mPOST /api/auth/logout [33m401[0m 0.156 ms - 101[0m
[0mPOST /api/auth/logout [33m401[0m 0.178 ms - 101[0m
[0mGET / [32m200[0m 2.858 ms - 21770[0m
[0mPOST /api/auth/refresh [33m401[0m 0.301 ms - 101[0m
[0mGET / [32m200[0m 1.436 ms - 21770[0m
[0mPOST /api/auth/logout [33m401[0m 0.348 ms - 101[0m
[0mPOST /api/auth/logout [33m401[0m 0.257 ms - 101[0m
[0mPOST /api/auth/logout [33m401[0m 0.253 ms - 101[0m
[0mGET / [32m200[0m 4.010 ms - 21770[0m
[0mPOST /api/auth/logout [33m401[0m 0.190 ms - 101[0m
[0mPOST /api/auth/refresh [33m401[0m 0.263 ms - 101[0m
[0mGET / [0m-[0m - ms - -[0m
[0mPOST /api/auth/logout [33m401[0m 0.260 ms - 101[0m
[0mGET / [32m200[0m 2.680 ms - 21770[0m
[0mPOST /api/auth/logout [33m401[0m 0.284 ms - 101[0m
[0mPOST /api/auth/logout [33m401[0m 0.263 ms - 101[0m
[0mPOST /api/auth/logout [33m401[0m 0.154 ms - 101[0m
[0mGET / [32m200[0m 1.922 ms - 21770[0m
[0mPOST /api/auth/refresh [33m401[0m 0.421 ms - 101[0m
[0mGET / [0m-[0m - ms - -[0m
[0mGET / [32m200[0m 1.223 ms - 21770[0m
[0mPOST /api/auth/logout [33m401[0m 0.261 ms - 101[0m
[0mPOST /api/auth/logout [33m401[0m 0.210 ms - 101[0m
[0mGET / [0m-[0m - ms - -[0m
[0mPOST /api/auth/logout [33m401[0m 0.169 ms - 101[0m
[0mPOST /api/auth/logout [33m401[0m 0.200 ms - 101[0m
[0mPOST /api/auth/refresh [33m401[0m 0.311 ms - 101[0m
[0mGET / [0m-[0m - ms - -[0m
[0mGET / [0m-[0m - ms - -[0m
[0mGET / [0m-[0m - ms - -[0m
[0mGET / [0m-[0m - ms - -[0m
[0mGET / [0m-[0m - ms - -[0m
[0mGET / [0m-[0m - ms - -[0m
[0mGET / [0m-[0m - ms - -[0m
[0mGET / [0m-[0m - ms - -[0m
[0mGET / [0m-[0m - ms - -[0m
[0mGET / [0m-[0m - ms - -[0m
[0mGET / [0m-[0m - ms - -[0m
[0mGET / [0m-[0m - ms - -[0m
[0mGET / [0m-[0m - ms - -[0m
[0mGET / [0m-[0m - ms - -[0m
[0mGET / [0m-[0m - ms - -[0m
[0mGET / [0m-[0m - ms - -[0m
[0mGET / [0m-[0m - ms - -[0m
[0mGET / [0m-[0m - ms - -[0m
[0mGET / [0m-[0m - ms - -[0m
[0mGET / [0m-[0m - ms - -[0m
[0mGET / [0m-[0m - ms - -[0m
[0mGET / [0m-[0m - ms - -[0m
[0mGET / [0m-[0m - ms - -[0m
[0mGET / [0m-[0m - ms - -[0m
[0mGET / [0m-[0m - ms - -[0m
[0mGET / [0m-[0m - ms - -[0m
[0mGET / [0m-[0m - ms - -[0m
[0mGET / [0m-[0m - ms - -[0m
[0mGET / [0m-[0m - ms - -[0m
[0mGET / [0m-[0m - ms - -[0m
[0mPOST /api/auth/logout [33m401[0m 0.209 ms - 101[0m
[0mPOST /api/auth/logout [33m401[0m 0.139 ms - 101[0m
[0mPOST /api/auth/logout [33m401[0m 0.146 ms - 101[0m
[0mPOST /api/auth/logout [33m401[0m 0.166 ms - 101[0m
[0mGET / [0m-[0m - ms - -[0m
[0mGET / [0m-[0m - ms - -[0m
[0mGET / [0m-[0m - ms - -[0m
[0mGET / [0m-[0m - ms - -[0m
[0mGET / [0m-[0m - ms - -[0m
[0mGET / [0m-[0m - ms - -[0m
[0mGET / [0m-[0m - ms - -[0m
[0mGET / [0m-[0m - ms - -[0m
[0mGET / [0m-[0m - ms - -[0m
[0mGET / [0m-[0m - ms - -[0m
[0mGET / [0m-[0m - ms - -[0m
[0mGET / [0m-[0m - ms - -[0m
[0mGET / [0m-[0m - ms - -[0m
[0mGET / [0m-[0m - ms - -[0m
[0mGET / [0m-[0m - ms - -[0m
[0mGET / [0m-[0m - ms - -[0m
[0mGET / [0m-[0m - ms - -[0m
[0mGET / [0m-[0m - ms - -[0m
[0mGET / [0m-[0m - ms - -[0m
[0mGET / [0m-[0m - ms - -[0m
[0mGET / [0m-[0m - ms - -[0m
[0mGET / [0m-[0m - ms - -[0m
[0mGET / [0m-[0m - ms - -[0m
[0mGET / [0m-[0m - ms - -[0m
[0mPOST /api/auth/refresh [33m401[0m 0.471 ms - 101[0m
[0mGET / [0m-[0m - ms - -[0m
[0mGET / [0m-[0m - ms - -[0m
[0mGET / [0m-[0m - ms - -[0m
[0mGET / [0m-[0m - ms - -[0m
[0mPOST /api/auth/logout [33m401[0m 0.144 ms - 101[0m
[0mPOST /api/auth/logout [33m401[0m 0.195 ms - 101[0m
[0mPOST /api/auth/logout [33m401[0m 0.155 ms - 101[0m
[0mPOST /api/auth/logout [33m401[0m 0.158 ms - 101[0m
[0mGET / [0m-[0m - ms - -[0m
[0mGET / [0m-[0m - ms - -[0m
[0mGET / [0m-[0m - ms - -[0m
[0mPOST /api/auth/refresh [33m401[0m 0.268 ms - 101[0m
[0mGET / [32m200[0m 5.198 ms - 21770[0m
[0mPOST /api/auth/logout [33m401[0m 0.170 ms - 101[0m
[0mPOST /api/auth/logout [33m401[0m 0.146 ms - 101[0m
[0mPOST /api/auth/logout [33m401[0m 0.189 ms - 101[0m
[0mPOST /api/auth/logout [33m401[0m 0.256 ms - 101[0m
[0mPOST /api/auth/refresh [33m401[0m 0.290 ms - 101[0m
[0mPOST /api/auth/logout [33m401[0m 0.208 ms - 101[0m
[0mPOST /api/auth/logout [33m401[0m 0.152 ms - 101[0m
[0mPOST /api/auth/logout [33m401[0m 0.140 ms - 101[0m
[0mPOST /api/auth/logout [33m401[0m 0.141 ms - 101[0m
[0mGET / [32m200[0m 1.135 ms - 21770[0m
[0mPOST /api/auth/refresh [33m401[0m 0.296 ms - 101[0m
[0mPOST /api/auth/logout [33m401[0m 0.265 ms - 101[0m
[0mPOST /api/auth/logout [33m401[0m 0.263 ms - 101[0m
[0mGET / [32m200[0m 2.959 ms - 21770[0m
[0mPOST /api/auth/logout [33m401[0m 0.212 ms - 101[0m
[0mPOST /api/auth/logout [33m401[0m 0.149 ms - 101[0m
[0mPOST /api/auth/refresh [33m401[0m 0.464 ms - 101[0m
[0mGET / [0m-[0m - ms - -[0m
[0mPOST /api/auth/logout [33m401[0m 0.246 ms - 101[0m
[0mPOST /api/auth/logout [33m401[0m 0.241 ms - 101[0m
[0mGET / [32m200[0m 4.083 ms - 21770[0m
[0mPOST /api/auth/logout [33m401[0m 0.231 ms - 101[0m
[0mPOST /api/auth/logout [33m401[0m 0.226 ms - 101[0m
[0mPOST /api/auth/refresh [33m401[0m 0.469 ms - 101[0m
[0mGET / [0m-[0m - ms - -[0m
[0mGET / [32m200[0m 5.201 ms - 21770[0m
[0mPOST /api/auth/logout [33m401[0m 0.303 ms - 101[0m
[0mPOST /api/auth/logout [33m401[0m 0.229 ms - 101[0m
[0mGET / [0m-[0m - ms - -[0m
[0mPOST /api/auth/logout [33m401[0m 0.252 ms - 101[0m
[0mPOST /api/auth/refresh [33m401[0m 0.363 ms - 101[0m
[0mPOST /api/auth/logout [33m401[0m 0.243 ms - 101[0m
[0mPOST /api/auth/logout [33m401[0m 0.313 ms - 101[0m
[0mPOST /api/auth/logout [33m401[0m 0.145 ms - 101[0m
[0mGET / [0m-[0m - ms - -[0m
[0mGET / [32m200[0m 2.187 ms - 21770[0m
[0mPOST /api/auth/logout [33m401[0m 0.160 ms - 101[0m
[0mPOST /api/auth/refresh [33m401[0m 0.231 ms - 101[0m
[0mGET / [0m-[0m - ms - -[0m
[0mPOST /api/auth/logout [33m401[0m 0.220 ms - 101[0m
[0mGET / [0m-[0m - ms - -[0m
[0mPOST /api/auth/logout [33m401[0m 0.248 ms - 101[0m
[0mPOST /api/auth/logout [33m401[0m 0.230 ms - 101[0m
[0mPOST /api/auth/logout [33m401[0m 0.130 ms - 101[0m
[0mPOST /api/auth/refresh [33m401[0m 0.257 ms - 101[0m
[0mGET / [32m200[0m 1.875 ms - 21770[0m
[0mPOST /api/auth/logout [33m401[0m 0.184 ms - 101[0m
[0mPOST /api/auth/logout [33m401[0m 0.183 ms - 101[0m
[0mPOST /api/auth/logout [33m401[0m 0.193 ms - 101[0m
[0mPOST /api/auth/logout [33m401[0m 0.155 ms - 101[0m
[0mGET / [0m-[0m - ms - -[0m
[0mPOST /api/auth/refresh [33m401[0m 0.276 ms - 101[0m
[0mPOST /api/auth/logout [33m401[0m 0.158 ms - 101[0m
[0mGET / [32m200[0m 2.018 ms - 21770[0m
[0mPOST /api/auth/logout [33m401[0m 0.182 ms - 101[0m
[0mPOST /api/auth/logout [33m401[0m 0.234 ms - 101[0m
[0mGET / [0m-[0m - ms - -[0m
[0mPOST /api/auth/refresh [33m401[0m 0.381 ms - 101[0m
[0mPOST /api/auth/logout [33m401[0m 0.254 ms - 101[0m
[0mPOST /api/auth/logout [33m401[0m 0.198 ms - 101[0m
[0mGET / [32m200[0m 3.561 ms - 21770[0m
[0mPOST /api/auth/logout [33m401[0m 0.166 ms - 101[0m
[0mPOST /api/auth/logout [33m401[0m 0.128 ms - 101[0m
[0mPOST /api/auth/refresh [33m401[0m 0.255 ms - 101[0m
[0mGET / [0m-[0m - ms - -[0m
[0mGET / [32m200[0m 2.045 ms - 21770[0m
[0mPOST /api/auth/logout [33m401[0m 0.306 ms - 101[0m
[0mPOST /api/auth/logout [33m401[0m 0.205 ms - 101[0m
[0mPOST /api/auth/logout [33m401[0m 0.155 ms - 101[0m
[0mPOST /api/auth/logout [33m401[0m 0.135 ms - 101[0m
[0mGET / [32m200[0m 2.180 ms - 21770[0m
[0mPOST /api/auth/refresh [33m401[0m 0.335 ms - 101[0m
[0mGET / [32m200[0m 2.309 ms - 21770[0m
[0mPOST /api/auth/logout [33m401[0m 0.200 ms - 101[0m
[0mGET / [0m-[0m - ms - -[0m
[0mPOST /api/auth/logout [33m401[0m 0.176 ms - 101[0m
[0mPOST /api/auth/logout [33m401[0m 0.142 ms - 101[0m
[0mPOST /api/auth/refresh [33m401[0m 0.246 ms - 101[0m
[0mPOST /api/auth/logout [33m401[0m 0.134 ms - 101[0m
[0mGET / [0m-[0m - ms - -[0m
[0mGET / [32m200[0m 2.092 ms - 21770[0m
[0mPOST /api/auth/logout [33m401[0m 0.168 ms - 101[0m
[0mPOST /api/auth/logout [33m401[0m 0.139 ms - 101[0m
[0mPOST /api/auth/logout [33m401[0m 0.134 ms - 101[0m
[0mPOST /api/auth/refresh [33m401[0m 0.271 ms - 101[0m
[0mGET / [32m200[0m 1.953 ms - 21770[0m
[0mGET / [0m-[0m - ms - -[0m
[0mPOST /api/auth/logout [33m401[0m 0.255 ms - 101[0m
[0mPOST /api/auth/logout [33m401[0m 0.166 ms - 101[0m
[0mPOST /api/auth/logout [33m401[0m 0.147 ms - 101[0m
[0mGET / [0m-[0m - ms - -[0m
[0mPOST /api/auth/logout [33m401[0m 0.138 ms - 101[0m
[0mGET / [32m200[0m 3.014 ms - 21770[0m
[0mPOST /api/auth/refresh [33m401[0m 0.268 ms - 101[0m
[0mPOST /api/auth/logout [33m401[0m 0.218 ms - 101[0m
[0mGET / [32m200[0m 2.672 ms - 21770[0m
[0mPOST /api/auth/logout [33m401[0m 0.232 ms - 101[0m
[0mPOST /api/auth/logout [33m401[0m 0.190 ms - 101[0m
[0mPOST /api/auth/logout [33m401[0m 0.233 ms - 101[0m
[0mPOST /api/auth/refresh [33m401[0m 0.339 ms - 101[0m
[0mGET / [0m-[0m - ms - -[0m
[0mPOST /api/auth/logout [33m401[0m 0.285 ms - 101[0m
[0mPOST /api/auth/logout [33m401[0m 0.220 ms - 101[0m
[0mGET / [32m200[0m 3.995 ms - 21770[0m
[0mPOST /api/auth/logout [33m401[0m 0.241 ms - 101[0m
[0mPOST /api/auth/logout [33m401[0m 0.186 ms - 101[0m
[0mPOST /api/auth/refresh [33m401[0m 0.328 ms - 101[0m
[0mGET / [0m-[0m - ms - -[0m
[0mGET / [0m-[0m - ms - -[0m
[0mPOST /api/auth/logout [33m401[0m 0.268 ms - 101[0m
[0mPOST /api/auth/logout [33m401[0m 0.147 ms - 101[0m
[0mPOST /api/auth/logout [33m401[0m 0.233 ms - 101[0m
[0mPOST /api/auth/logout [33m401[0m 0.177 ms - 101[0m
[0mGET / [0m-[0m - ms - -[0m
[0mPOST /api/auth/refresh [33m401[0m 0.383 ms - 101[0m
[0mGET / [0m-[0m - ms - -[0m
[0mPOST /api/auth/logout [33m401[0m 0.382 ms - 101[0m
[0mPOST /api/auth/logout [33m401[0m 0.175 ms - 101[0m
[0mPOST /api/auth/logout [33m401[0m 0.277 ms - 101[0m
[0mPOST /api/auth/logout [33m401[0m 0.219 ms - 101[0m
[0mGET / [0m-[0m - ms - -[0m
[0mPOST /api/auth/refresh [33m401[0m 0.371 ms - 101[0m
[0mGET / [32m200[0m 3.094 ms - 21770[0m
[0mPOST /api/auth/logout [33m401[0m 0.169 ms - 101[0m
[0mGET / [0m-[0m - ms - -[0m
[0mPOST /api/auth/logout [33m401[0m 0.162 ms - 101[0m
[0mPOST /api/auth/logout [33m401[0m 0.129 ms - 101[0m
[0mPOST /api/auth/logout [33m401[0m 0.132 ms - 101[0m
[0mGET / [32m200[0m 1.797 ms - 21770[0m
[0mGET / [0m-[0m - ms - -[0m
[0mPOST /api/auth/refresh [33m401[0m 0.276 ms - 101[0m
[0mGET / [32m200[0m 1.614 ms - 21770[0m
[0mPOST /api/auth/logout [33m401[0m 0.213 ms - 101[0m
[0mPOST /api/auth/logout [33m401[0m 0.316 ms - 101[0m
[0mPOST /api/auth/logout [33m401[0m 0.245 ms - 101[0m
[0mPOST /api/auth/logout [33m401[0m 0.237 ms - 101[0m
[0mGET / [0m-[0m - ms - -[0m
[0mPOST /api/auth/refresh [33m401[0m 0.348 ms - 101[0m
[0mGET / [32m200[0m 2.265 ms - 21770[0m
[0mPOST /api/auth/logout [33m401[0m 0.188 ms - 101[0m
[0mPOST /api/auth/logout [33m401[0m 0.174 ms - 101[0m
[0mPOST /api/auth/logout [33m401[0m 0.198 ms - 101[0m
[0mPOST /api/auth/logout [33m401[0m 0.186 ms - 101[0m
[0mGET / [0m-[0m - ms - -[0m
[0mPOST /api/auth/refresh [33m401[0m 0.332 ms - 101[0m
[0mGET / [0m-[0m - ms - -[0m
[0mPOST /api/auth/logout [33m401[0m 0.205 ms - 101[0m
[0mGET / [32m200[0m 2.825 ms - 21770[0m
[0mPOST /api/auth/logout [33m401[0m 0.193 ms - 101[0m
[0mPOST /api/auth/logout [33m401[0m 0.136 ms - 101[0m
[0mPOST /api/auth/logout [33m401[0m 0.138 ms - 101[0m
[0mGET / [0m-[0m - ms - -[0m
[0mPOST /api/auth/refresh [33m401[0m 0.276 ms - 101[0m
[0mGET / [32m200[0m 2.970 ms - 21770[0m
[0mPOST /api/auth/logout [33m401[0m 0.182 ms - 101[0m
[0mGET / [32m200[0m 2.562 ms - 21770[0m
[0mPOST /api/auth/logout [33m401[0m 0.212 ms - 101[0m
[0mPOST /api/auth/logout [33m401[0m 0.161 ms - 101[0m
[0mPOST /api/auth/logout [33m401[0m 0.162 ms - 101[0m
[0mGET / [32m200[0m 1.996 ms - 21770[0m
[0mPOST /api/auth/refresh [33m401[0m 0.300 ms - 101[0m
[0mGET / [32m200[0m 2.032 ms - 21770[0m
[0mPOST /api/auth/logout [33m401[0m 0.161 ms - 101[0m
[0mGET / [32m200[0m 1.256 ms - 21770[0m
[0mPOST /api/auth/logout [33m401[0m 0.167 ms - 101[0m
[0mPOST /api/auth/logout [33m401[0m 0.148 ms - 101[0m
[0mPOST /api/auth/logout [33m401[0m 0.124 ms - 101[0m
[0mGET / [0m-[0m - ms - -[0m
[0mPOST /api/auth/refresh [33m401[0m 0.325 ms - 101[0m
[0mGET / [32m200[0m 1.105 ms - 21770[0m
[0mPOST /api/auth/logout [33m401[0m 0.169 ms - 101[0m
[0mPOST /api/auth/logout [33m401[0m 0.176 ms - 101[0m
[0mPOST /api/auth/logout [33m401[0m 0.145 ms - 101[0m
[0mPOST /api/auth/logout [33m401[0m 0.139 ms - 101[0m
[0mPOST /api/auth/refresh [33m401[0m 0.343 ms - 101[0m
[0mPOST /api/auth/logout [33m401[0m 0.256 ms - 101[0m
[0mPOST /api/auth/logout [33m401[0m 0.228 ms - 101[0m
[0mPOST /api/auth/logout [33m401[0m 0.215 ms - 101[0m
[0mPOST /api/auth/logout [33m401[0m 0.203 ms - 101[0m
[0mPOST /api/auth/refresh [33m401[0m 0.326 ms - 101[0m
[0mGET / [0m-[0m - ms - -[0m
[0mPOST /api/auth/logout [33m401[0m 0.161 ms - 101[0m
[0mPOST /api/auth/logout [33m401[0m 0.193 ms - 101[0m
[0mGET / [32m200[0m 2.030 ms - 21770[0m
[0mPOST /api/auth/logout [33m401[0m 0.138 ms - 101[0m
[0mPOST /api/auth/logout [33m401[0m 0.154 ms - 101[0m
[0mPOST /api/auth/refresh [33m401[0m 0.245 ms - 101[0m
[0mGET / [32m200[0m 2.267 ms - 21770[0m
[0mGET / [32m200[0m 1.310 ms - 21770[0m
[0mPOST /api/auth/logout [33m401[0m 0.172 ms - 101[0m
[0mPOST /api/auth/logout [33m401[0m 0.253 ms - 101[0m
[0mPOST /api/auth/logout [33m401[0m 0.248 ms - 101[0m
[0mPOST /api/auth/logout [33m401[0m 0.218 ms - 101[0m
[0mPOST /api/auth/refresh [33m401[0m 0.335 ms - 101[0m
[0mGET / [32m200[0m 2.338 ms - 21770[0m
[0mPOST /api/auth/logout [33m401[0m 0.250 ms - 101[0m
[0mGET / [32m200[0m 2.786 ms - 21770[0m
[0mPOST /api/auth/logout [33m401[0m 0.217 ms - 101[0m
[0mPOST /api/auth/logout [33m401[0m 0.217 ms - 101[0m
[0mPOST /api/auth/logout [33m401[0m 0.219 ms - 101[0m
[0mGET / [0m-[0m - ms - -[0m
[0mPOST /api/auth/refresh [33m401[0m 0.291 ms - 101[0m
[0mPOST /api/auth/logout [33m401[0m 0.212 ms - 101[0m
[0mPOST /api/auth/logout [33m401[0m 0.239 ms - 101[0m
[0mPOST /api/auth/logout [33m401[0m 0.287 ms - 101[0m
[0mPOST /api/auth/logout [33m401[0m 0.145 ms - 101[0m
[0mPOST /api/auth/refresh [33m401[0m 0.299 ms - 101[0m
[0mGET / [32m200[0m 4.223 ms - 21770[0m
[0mGET / [32m200[0m 1.405 ms - 21770[0m
[0mGET / [32m200[0m 1.125 ms - 21770[0m
[0mPOST /api/auth/logout [33m401[0m 0.178 ms - 101[0m
[0mGET / [32m200[0m 1.185 ms - 21770[0m
[0mPOST /api/auth/logout [33m401[0m 0.183 ms - 101[0m
[0mPOST /api/auth/logout [33m401[0m 0.181 ms - 101[0m
[0mPOST /api/auth/logout [33m401[0m 0.141 ms - 101[0m
[0mPOST /api/auth/refresh [33m401[0m 0.255 ms - 101[0m
[0mGET / [0m-[0m - ms - -[0m
[0mPOST /api/auth/logout [33m401[0m 0.175 ms - 101[0m
[0mPOST /api/auth/logout [33m401[0m 0.187 ms - 101[0m
[0mPOST /api/auth/refresh [33m401[0m 0.304 ms - 101[0m
[0mPOST /api/auth/logout [33m401[0m 0.136 ms - 101[0m
[0mPOST /api/auth/logout [33m401[0m 0.128 ms - 101[0m
[0mGET / [0m-[0m - ms - -[0m
[0mGET / [0m-[0m - ms - -[0m
[0mGET / [0m-[0m - ms - -[0m
[0mGET / [0m-[0m - ms - -[0m
[0mGET / [0m-[0m - ms - -[0m
[0mGET / [0m-[0m - ms - -[0m
[0mGET / [0m-[0m - ms - -[0m
[0mGET / [0m-[0m - ms - -[0m
[0mGET / [0m-[0m - ms - -[0m
[0mGET / [0m-[0m - ms - -[0m
[0mGET / [0m-[0m - ms - -[0m
[0mGET / [0m-[0m - ms - -[0m
[0mGET / [0m-[0m - ms - -[0m
[0mGET / [0m-[0m - ms - -[0m
[0mGET / [0m-[0m - ms - -[0m
[0mGET / [0m-[0m - ms - -[0m
[0mGET / [0m-[0m - ms - -[0m
[0mGET / [0m-[0m - ms - -[0m
[0mGET / [0m-[0m - ms - -[0m
[0mGET / [0m-[0m - ms - -[0m
[0mGET / [0m-[0m - ms - -[0m
[0mGET / [0m-[0m - ms - -[0m
[0mGET / [0m-[0m - ms - -[0m
[0mGET / [0m-[0m - ms - -[0m
[0mGET / [0m-[0m - ms - -[0m
[0mGET / [0m-[0m - ms - -[0m
[0mGET / [0m-[0m - ms - -[0m
[0mGET / [0m-[0m - ms - -[0m
[0mGET / [0m-[0m - ms - -[0m
[0mGET / [0m-[0m - ms - -[0m
[0mPOST /api/auth/logout [33m401[0m 0.173 ms - 101[0m
[0mPOST /api/auth/logout [33m401[0m 0.135 ms - 101[0m
[0mPOST /api/auth/refresh [33m401[0m 0.246 ms - 101[0m
[0mGET / [0m-[0m - ms - -[0m
[0mGET / [0m-[0m - ms - -[0m
[0mGET / [0m-[0m - ms - -[0m
[0mGET / [0m-[0m - ms - -[0m
[0mGET / [0m-[0m - ms - -[0m
[0mGET / [0m-[0m - ms - -[0m
[0mGET / [0m-[0m - ms - -[0m
[0mGET / [0m-[0m - ms - -[0m
[0mGET / [0m-[0m - ms - -[0m
[0mGET / [0m-[0m - ms - -[0m
[0mGET / [0m-[0m - ms - -[0m
[0mGET / [0m-[0m - ms - -[0m
[0mGET / [0m-[0m - ms - -[0m
[0mGET / [0m-[0m - ms - -[0m
[0mGET / [0m-[0m - ms - -[0m
[0mGET / [0m-[0m - ms - -[0m
[0mGET / [0m-[0m - ms - -[0m
[0mGET / [0m-[0m - ms - -[0m
[0mGET / [0m-[0m - ms - -[0m
[0mGET / [0m-[0m - ms - -[0m
[0mGET / [0m-[0m - ms - -[0m
[0mGET / [0m-[0m - ms - -[0m
[0mGET / [0m-[0m - ms - -[0m
[0mGET / [0m-[0m - ms - -[0m
[0mGET / [0m-[0m - ms - -[0m
[0mGET / [0m-[0m - ms - -[0m
[0mGET / [0m-[0m - ms - -[0m
[0mGET / [0m-[0m - ms - -[0m
[0mGET / [0m-[0m - ms - -[0m
[0mGET / [0m-[0m - ms - -[0m
[0mGET / [32m200[0m 28.590 ms - 21770[0m
[0mPOST /api/auth/logout [33m401[0m 0.147 ms - 101[0m
[0mPOST /api/auth/logout [33m401[0m 0.120 ms - 101[0m
[0mPOST /api/auth/logout [33m401[0m 0.125 ms - 101[0m
[0mPOST /api/auth/logout [33m401[0m 0.161 ms - 101[0m
[0mGET / [0m-[0m - ms - -[0m
[0mPOST /api/auth/refresh [33m401[0m 0.439 ms - 101[0m
[0mGET / [0m-[0m - ms - -[0m
[0mGET / [0m-[0m - ms - -[0m
[0mGET / [0m-[0m - ms - -[0m
[0mGET / [0m-[0m - ms - -[0m
[0mPOST /api/auth/logout [33m401[0m 0.236 ms - 101[0m
[0mPOST /api/auth/logout [33m401[0m 0.154 ms - 101[0m
[0mPOST /api/auth/logout [33m401[0m 0.122 ms - 101[0m
[0mPOST /api/auth/logout [33m401[0m 0.136 ms - 101[0m
[0mPOST /api/auth/refresh [33m401[0m 0.228 ms - 101[0m
[0mGET / [32m200[0m 1.258 ms - 21770[0m
[0mPOST /api/auth/logout [33m401[0m 0.157 ms - 101[0m
[0mPOST /api/auth/logout [33m401[0m 0.150 ms - 101[0m
[0mPOST /api/auth/logout [33m401[0m 0.156 ms - 101[0m
[0mPOST /api/auth/logout [33m401[0m 0.139 ms - 101[0m
[0mGET / [32m200[0m 2.602 ms - 21770[0m
[0mPOST /api/auth/refresh [33m401[0m 0.253 ms - 101[0m
[0mGET / [0m-[0m - ms - -[0m
[0mPOST /api/auth/logout [33m401[0m 0.253 ms - 101[0m
[0mPOST /api/auth/logout [33m401[0m 0.192 ms - 101[0m
[0mGET / [32m200[0m 2.006 ms - 21770[0m
[0mPOST /api/auth/logout [33m401[0m 0.222 ms - 101[0m
[0mPOST /api/auth/logout [33m401[0m 0.156 ms - 101[0m
[0mPOST /api/auth/refresh [33m401[0m 0.437 ms - 101[0m
[0mGET / [32m200[0m 2.973 ms - 21770[0m
[0mGET / [32m200[0m 1.565 ms - 21770[0m
[0mPOST /api/auth/logout [33m401[0m 0.221 ms - 101[0m
[0mPOST /api/auth/logout [33m401[0m 0.242 ms - 101[0m
[0mPOST /api/auth/logout [33m401[0m 0.143 ms - 101[0m
[0mGET / [0m-[0m - ms - -[0m
[0mPOST /api/auth/logout [33m401[0m 0.153 ms - 101[0m
[0mGET / [0m-[0m - ms - -[0m
[0mPOST /api/auth/refresh [33m401[0m 0.263 ms - 101[0m
[0mGET / [32m200[0m 1.047 ms - 21770[0m
[0mPOST /api/auth/logout [33m401[0m 0.151 ms - 101[0m
[0mPOST /api/auth/logout [33m401[0m 0.133 ms - 101[0m
[0mPOST /api/auth/logout [33m401[0m 0.138 ms - 101[0m
[0mPOST /api/auth/logout [33m401[0m 0.121 ms - 101[0m
[0mGET / [32m200[0m 1.088 ms - 21770[0m
[0mPOST /api/auth/refresh [33m401[0m 0.296 ms - 101[0m
[0mPOST /api/auth/logout [33m401[0m 0.259 ms - 101[0m
[0mGET / [32m200[0m 2.558 ms - 21770[0m
[0mPOST /api/auth/logout [33m401[0m 0.222 ms - 101[0m
[0mPOST /api/auth/logout [33m401[0m 0.187 ms - 101[0m
[0mPOST /api/auth/logout [33m401[0m 0.166 ms - 101[0m
[0mGET / [0m-[0m - ms - -[0m
[0mPOST /api/auth/refresh [33m401[0m 0.398 ms - 101[0m
[0mGET / [0m-[0m - ms - -[0m
[0mPOST /api/auth/logout [33m401[0m 0.282 ms - 101[0m
[0mPOST /api/auth/logout [33m401[0m 0.231 ms - 101[0m
[0mGET / [32m200[0m 2.886 ms - 21770[0m
[0mPOST /api/auth/logout [33m401[0m 0.146 ms - 101[0m
[0mPOST /api/auth/logout [33m401[0m 0.141 ms - 101[0m
[0mPOST /api/auth/refresh [33m401[0m 0.236 ms - 101[0m
[0mGET / [0m-[0m - ms - -[0m
[0mGET / [32m200[0m 2.029 ms - 21770[0m
[0mPOST /api/auth/logout [33m401[0m 0.167 ms - 101[0m
[0mPOST /api/auth/logout [33m401[0m 0.246 ms - 101[0m
[0mPOST /api/auth/logout [33m401[0m 0.212 ms - 101[0m
[0mPOST /api/auth/logout [33m401[0m 0.235 ms - 101[0m
[0mPOST /api/auth/refresh [33m401[0m 0.374 ms - 101[0m
[0mGET / [32m200[0m 2.640 ms - 21770[0m
[0mPOST /api/auth/logout [33m401[0m 0.216 ms - 101[0m
[0mGET / [0m-[0m - ms - -[0m
[0mPOST /api/auth/logout [33m401[0m 0.196 ms - 101[0m
[0mPOST /api/auth/logout [33m401[0m 0.208 ms - 101[0m
[0mPOST /api/auth/logout [33m401[0m 0.202 ms - 101[0m
[0mPOST /api/auth/refresh [33m401[0m 0.302 ms - 101[0m
[0mGET / [0m-[0m - ms - -[0m
[0mGET / [32m200[0m 2.919 ms - 21770[0m
[0mPOST /api/auth/logout [33m401[0m 0.158 ms - 101[0m
[0mPOST /api/auth/logout [33m401[0m 0.134 ms - 101[0m
[0mGET / [0m-[0m - ms - -[0m
[0mPOST /api/auth/logout [33m401[0m 0.167 ms - 101[0m
[0mPOST /api/auth/logout [33m401[0m 0.132 ms - 101[0m
[0mPOST /api/auth/refresh [33m401[0m 0.317 ms - 101[0m
[0mGET / [32m200[0m 3.446 ms - 21770[0m
[0mGET / [0m-[0m - ms - -[0m
[0mPOST /api/auth/logout [33m401[0m 0.177 ms - 101[0m
[0mPOST /api/auth/logout [33m401[0m 0.192 ms - 101[0m
[0mPOST /api/auth/logout [33m401[0m 0.152 ms - 101[0m
[0mPOST /api/auth/logout [33m401[0m 0.196 ms - 101[0m
[0mGET / [32m200[0m 2.474 ms - 21770[0m
[0mPOST /api/auth/refresh [33m401[0m 0.350 ms - 101[0m
[0mGET / [0m-[0m - ms - -[0m
[0mPOST /api/auth/logout [33m401[0m 0.202 ms - 101[0m
[0mGET / [32m200[0m 2.677 ms - 21770[0m
[0mPOST /api/auth/logout [33m401[0m 0.197 ms - 101[0m
[0mPOST /api/auth/logout [33m401[0m 0.172 ms - 101[0m
[0mPOST /api/auth/logout [33m401[0m 0.181 ms - 101[0m
[0mPOST /api/auth/refresh [33m401[0m 0.260 ms - 101[0m
[0mPOST /api/auth/logout [33m401[0m 0.256 ms - 101[0m
[0mPOST /api/auth/logout [33m401[0m 0.181 ms - 101[0m
[0mPOST /api/auth/logout [33m401[0m 0.183 ms - 101[0m
[0mPOST /api/auth/logout [33m401[0m 0.142 ms - 101[0m
[0mGET / [32m200[0m 2.039 ms - 21770[0m
[0mGET / [32m200[0m 1.108 ms - 21770[0m
[0mPOST /api/auth/refresh [33m401[0m 0.336 ms - 101[0m
[0mPOST /api/auth/logout [33m401[0m 0.191 ms - 101[0m
[0mPOST /api/auth/logout [33m401[0m 0.235 ms - 101[0m
[0mPOST /api/auth/logout [33m401[0m 0.156 ms - 101[0m
[0mGET / [0m-[0m - ms - -[0m
[0mPOST /api/auth/logout [33m401[0m 0.146 ms - 101[0m
[0mPOST /api/auth/refresh [33m401[0m 0.280 ms - 101[0m
[0mGET / [32m200[0m 1.826 ms - 21770[0m
[0mPOST /api/auth/logout [33m401[0m 0.147 ms - 101[0m
[0mGET / [32m200[0m 1.826 ms - 21770[0m
[0mPOST /api/auth/logout [33m401[0m 0.150 ms - 101[0m
[0mPOST /api/auth/logout [33m401[0m 0.129 ms - 101[0m
[0mPOST /api/auth/logout [33m401[0m 0.142 ms - 101[0m
[0mGET / [32m200[0m 1.153 ms - 21770[0m
[0mPOST /api/auth/refresh [33m401[0m 0.316 ms - 101[0m
[0mGET / [32m200[0m 1.517 ms - 21770[0m
[0mPOST /api/auth/logout [33m401[0m 0.232 ms - 101[0m
[0mPOST /api/auth/logout [33m401[0m 0.159 ms - 101[0m
[0mPOST /api/auth/logout [33m401[0m 0.140 ms - 101[0m
[0mGET / [32m200[0m 1.800 ms - 21770[0m
[0mPOST /api/auth/logout [33m401[0m 0.157 ms - 101[0m
[0mPOST /api/auth/refresh [33m401[0m 0.267 ms - 101[0m
[0mGET / [0m-[0m - ms - -[0m
[0mPOST /api/auth/logout [33m401[0m 0.145 ms - 101[0m
[0mGET / [32m200[0m 1.974 ms - 21770[0m
[0mPOST /api/auth/logout [33m401[0m 0.163 ms - 101[0m
[0mPOST /api/auth/logout [33m401[0m 0.133 ms - 101[0m
[0mPOST /api/auth/logout [33m401[0m 0.281 ms - 101[0m
[0mPOST /api/auth/refresh [33m401[0m 0.468 ms - 101[0m
[0mGET / [32m200[0m 2.627 ms - 21770[0m
[0mPOST /api/auth/logout [33m401[0m 0.202 ms - 101[0m
[0mGET / [0m-[0m - ms - -[0m
[0mPOST /api/auth/logout [33m401[0m 0.172 ms - 101[0m
[0mPOST /api/auth/logout [33m401[0m 0.149 ms - 101[0m
[0mPOST /api/auth/logout [33m401[0m 0.142 ms - 101[0m
[0mPOST /api/auth/refresh [33m401[0m 0.269 ms - 101[0m
[0mGET / [0m-[0m - ms - -[0m
[0mGET / [0m-[0m - ms - -[0m
[0mPOST /api/auth/logout [33m401[0m 0.196 ms - 101[0m
[0mPOST /api/auth/logout [33m401[0m 0.149 ms - 101[0m
[0mPOST /api/auth/logout [33m401[0m 0.230 ms - 101[0m
[0mPOST /api/auth/logout [33m401[0m 0.159 ms - 101[0m
[0mGET / [0m-[0m - ms - -[0m
[0mPOST /api/auth/refresh [33m401[0m 0.282 ms - 101[0m
[0mGET / [32m200[0m 2.573 ms - 21770[0m
[0mPOST /api/auth/logout [33m401[0m 0.180 ms - 101[0m
[0mGET / [32m200[0m 2.116 ms - 21770[0m
[0mPOST /api/auth/logout [33m401[0m 0.165 ms - 101[0m
[0mPOST /api/auth/logout [33m401[0m 0.133 ms - 101[0m
[0mPOST /api/auth/logout [33m401[0m 0.132 ms - 101[0m
[0mGET / [0m-[0m - ms - -[0m
[0mPOST /api/auth/refresh [33m401[0m 0.443 ms - 101[0m
[0mGET / [32m200[0m 2.548 ms - 21770[0m
[0mPOST /api/auth/logout [33m401[0m 0.163 ms - 101[0m
[0mPOST /api/auth/logout [33m401[0m 0.164 ms - 101[0m
[0mGET / [32m200[0m 1.953 ms - 21770[0m
[0mPOST /api/auth/logout [33m401[0m 0.218 ms - 101[0m
[0mPOST /api/auth/logout [33m401[0m 0.149 ms - 101[0m
[0mPOST /api/auth/refresh [33m401[0m 0.245 ms - 101[0m
[0mGET / [32m200[0m 2.896 ms - 21770[0m
[0mPOST /api/auth/logout [33m401[0m 0.244 ms - 101[0m
[0mGET / [32m200[0m 2.823 ms - 21770[0m
[0mPOST /api/auth/logout [33m401[0m 0.254 ms - 101[0m
[0mPOST /api/auth/logout [33m401[0m 0.229 ms - 101[0m
[0mPOST /api/auth/logout [33m401[0m 0.249 ms - 101[0m
[0mGET / [0m-[0m - ms - -[0m
[0mPOST /api/auth/refresh [33m401[0m 0.447 ms - 101[0m
[0mGET / [0m-[0m - ms - -[0m
[0mPOST /api/auth/logout [33m401[0m 0.167 ms - 101[0m
[0mGET / [32m200[0m 2.049 ms - 21770[0m
[0mPOST /api/auth/logout [33m401[0m 0.193 ms - 101[0m
[0mPOST /api/auth/logout [33m401[0m 0.128 ms - 101[0m
[0mPOST /api/auth/logout [33m401[0m 0.120 ms - 101[0m
[0mPOST /api/auth/refresh [33m401[0m 0.221 ms - 101[0m
[0mGET / [32m200[0m 1.678 ms - 21770[0m
[0mPOST /api/auth/logout [33m401[0m 0.150 ms - 101[0m
[0mPOST /api/auth/logout [33m401[0m 0.140 ms - 101[0m
[0mPOST /api/auth/logout [33m401[0m 0.169 ms - 101[0m
[0mPOST /api/auth/logout [33m401[0m 0.154 ms - 101[0m
[0mPOST /api/auth/refresh [33m401[0m 0.274 ms - 101[0m
[0mGET / [0m-[0m - ms - -[0m
[0mGET / [32m200[0m 1.124 ms - 21770[0m
[0mPOST /api/auth/logout [33m401[0m 0.228 ms - 101[0m
[0mPOST /api/auth/logout [33m401[0m 0.136 ms - 101[0m
[0mPOST /api/auth/logout [33m401[0m 0.168 ms - 101[0m
[0mPOST /api/auth/logout [33m401[0m 0.145 ms - 101[0m
[0mGET / [0m-[0m - ms - -[0m
[0mPOST /api/auth/refresh [33m401[0m 0.299 ms - 101[0m
[0mGET / [32m200[0m 1.877 ms - 21770[0m
[0mPOST /api/auth/logout [33m401[0m 0.164 ms - 101[0m
[0mPOST /api/auth/logout [33m401[0m 0.172 ms - 101[0m
[0mPOST /api/auth/logout [33m401[0m 0.152 ms - 101[0m
[0mPOST /api/auth/logout [33m401[0m 0.258 ms - 101[0m
[0mGET / [0m-[0m - ms - -[0m
[0mGET / [0m-[0m - ms - -[0m
[0mPOST /api/auth/refresh [33m401[0m 0.438 ms - 101[0m
[0mGET / [0m-[0m - ms - -[0m
[0mPOST /api/auth/logout [33m401[0m 0.192 ms - 101[0m
[0mGET / [32m200[0m 2.400 ms - 21770[0m
[0mPOST /api/auth/logout [33m401[0m 0.164 ms - 101[0m
[0mPOST /api/auth/logout [33m401[0m 0.123 ms - 101[0m
[0mPOST /api/auth/logout [33m401[0m 0.125 ms - 101[0m
[0mGET / [0m-[0m - ms - -[0m
[0mPOST /api/auth/refresh [33m401[0m 0.276 ms - 101[0m
[0mGET / [32m200[0m 1.845 ms - 21770[0m
[0mPOST /api/auth/logout [33m401[0m 0.245 ms - 101[0m
[0mGET / [32m200[0m 2.721 ms - 21770[0m
[0mPOST /api/auth/logout [33m401[0m 0.238 ms - 101[0m
[0mPOST /api/auth/logout [33m401[0m 0.195 ms - 101[0m
[0mPOST /api/auth/logout [33m401[0m 0.190 ms - 101[0m
[0mPOST /api/auth/refresh [33m401[0m 0.319 ms - 101[0m
[0mGET / [32m200[0m 2.327 ms - 21770[0m
[0mPOST /api/auth/logout [33m401[0m 0.151 ms - 101[0m
[0mPOST /api/auth/logout [33m401[0m 0.165 ms - 101[0m
[0mPOST /api/auth/logout [33m401[0m 0.216 ms - 101[0m
[0mPOST /api/auth/logout [33m401[0m 0.218 ms - 101[0m
[0mPOST /api/auth/refresh [33m401[0m 0.327 ms - 101[0m
[0mGET / [32m200[0m 3.753 ms - 21770[0m
[0mPOST /api/auth/logout [33m401[0m 0.242 ms - 101[0m
[0mPOST /api/auth/logout [33m401[0m 0.214 ms - 101[0m
[0mGET / [32m200[0m 3.841 ms - 21770[0m
[0mPOST /api/auth/logout [33m401[0m 0.257 ms - 101[0m
[0mPOST /api/auth/logout [33m401[0m 0.219 ms - 101[0m
[0mPOST /api/auth/refresh [33m401[0m 0.332 ms - 101[0m
[0mGET / [0m-[0m - ms - -[0m
[0mPOST /api/auth/logout [33m401[0m 0.236 ms - 101[0m
[0mGET / [32m200[0m 2.745 ms - 21770[0m
[0mPOST /api/auth/logout [33m401[0m 0.253 ms - 101[0m
[0mPOST /api/auth/refresh [33m401[0m 0.311 ms - 101[0m
[0mPOST /api/auth/logout [33m401[0m 0.183 ms - 101[0m
[0mPOST /api/auth/logout [33m401[0m 0.240 ms - 101[0m
[0mPOST /api/auth/logout [33m401[0m 0.289 ms - 101[0m
[0mGET / [0m-[0m - ms - -[0m
[0mGET / [0m-[0m - ms - -[0m
[0mGET / [0m-[0m - ms - -[0m
[0mGET / [0m-[0m - ms - -[0m
[0mGET / [0m-[0m - ms - -[0m
[0mGET / [0m-[0m - ms - -[0m
[0mGET / [0m-[0m - ms - -[0m
[0mGET / [0m-[0m - ms - -[0m
[0mGET / [0m-[0m - ms - -[0m
[0mGET / [0m-[0m - ms - -[0m
[0mGET / [0m-[0m - ms - -[0m
[0mGET / [0m-[0m - ms - -[0m
[0mGET / [0m-[0m - ms - -[0m
[0mGET / [0m-[0m - ms - -[0m
[0mGET / [0m-[0m - ms - -[0m
[0mGET / [0m-[0m - ms - -[0m
[0mGET / [0m-[0m - ms - -[0m
[0mGET / [0m-[0m - ms - -[0m
[0mGET / [0m-[0m - ms - -[0m
[0mGET / [0m-[0m - ms - -[0m
[0mGET / [0m-[0m - ms - -[0m
[0mGET / [0m-[0m - ms - -[0m
[0mGET / [0m-[0m - ms - -[0m
[0mGET / [0m-[0m - ms - -[0m
[0mGET / [0m-[0m - ms - -[0m
[0mGET / [0m-[0m - ms - -[0m
[0mGET / [0m-[0m - ms - -[0m
[0mGET / [0m-[0m - ms - -[0m
[0mGET / [0m-[0m - ms - -[0m
[0mGET / [0m-[0m - ms - -[0m
[0mGET / [0m-[0m - ms - -[0m
[0mGET / [0m-[0m - ms - -[0m
[0mPOST /api/auth/refresh [33m401[0m 0.340 ms - 101[0m
[0mPOST /api/auth/logout [33m401[0m 0.204 ms - 101[0m
[0mGET / [0m-[0m - ms - -[0m
[0mGET / [0m-[0m - ms - -[0m
[0mGET / [0m-[0m - ms - -[0m
[0mGET / [0m-[0m - ms - -[0m
[0mGET / [0m-[0m - ms - -[0m
[0mGET / [0m-[0m - ms - -[0m
[0mGET / [0m-[0m - ms - -[0m
[0mGET / [0m-[0m - ms - -[0m
[0mGET / [0m-[0m - ms - -[0m
[0mGET / [0m-[0m - ms - -[0m
[0mGET / [0m-[0m - ms - -[0m
[0mGET / [0m-[0m - ms - -[0m
[0mGET / [0m-[0m - ms - -[0m
[0mGET / [0m-[0m - ms - -[0m
[0mGET / [0m-[0m - ms - -[0m
[0mGET / [0m-[0m - ms - -[0m
[0mGET / [0m-[0m - ms - -[0m
[0mGET / [0m-[0m - ms - -[0m
[0mGET / [0m-[0m - ms - -[0m
[0mGET / [0m-[0m - ms - -[0m
[0mGET / [0m-[0m - ms - -[0m
[0mGET / [0m-[0m - ms - -[0m
[0mGET / [0m-[0m - ms - -[0m
[0mGET / [0m-[0m - ms - -[0m
[0mGET / [0m-[0m - ms - -[0m
[0mGET / [0m-[0m - ms - -[0m
[0mPOST /api/auth/logout [33m401[0m 0.155 ms - 101[0m
[0mPOST /api/auth/logout [33m401[0m 0.116 ms - 101[0m
[0mPOST /api/auth/logout [33m401[0m 0.120 ms - 101[0m
[0mPOST /api/auth/refresh [33m401[0m 0.263 ms - 101[0m
[0mGET / [0m-[0m - ms - -[0m
[0mGET / [0m-[0m - ms - -[0m
[0mGET / [32m200[0m 3.596 ms - 21770[0m
[0mPOST /api/auth/logout [33m401[0m 0.195 ms - 101[0m
[0mPOST /api/auth/logout [33m401[0m 0.160 ms - 101[0m
[0mPOST /api/auth/logout [33m401[0m 0.134 ms - 101[0m
[0mPOST /api/auth/logout [33m401[0m 0.195 ms - 101[0m
[0mGET / [32m200[0m 2.266 ms - 21770[0m
[0mGET / [32m200[0m 1.177 ms - 21770[0m
[0mGET / [32m200[0m 1.470 ms - 21770[0m
[0mGET / [32m200[0m 1.207 ms - 21770[0m
[0mGET /css/bootstrap.min.css [36m304[0m 0.465 ms - -[0m
[0mGET /css/bootstrap-icons.css [36m304[0m 0.523 ms - -[0m
[0mGET /css/app.css [36m304[0m 0.274 ms - -[0m
[0mGET /images/logo.png [36m304[0m 0.617 ms - -[0m
[0mGET /js/bootstrap.bundle.min.js [36m304[0m 0.616 ms - -[0m
[0mGET /js/app.js [36m304[0m 0.413 ms - -[0m
[0mPOST /api/auth/refresh [33m401[0m 0.506 ms - 101[0m
[0mGET /database [32m200[0m 5.843 ms - 47517[0m
[0mGET /css/bootstrap.min.css [36m304[0m 0.734 ms - -[0m
[0mGET /css/bootstrap-icons.css [36m304[0m 0.829 ms - -[0m
[0mGET /css/app.css [36m304[0m 0.879 ms - -[0m
[0mGET /images/logo.png [36m304[0m 1.395 ms - -[0m
[0mGET /js/bootstrap.bundle.min.js [36m304[0m 0.851 ms - -[0m
[0mGET /js/app.js [36m304[0m 0.621 ms - -[0m
[0mGET /js/database.js [36m304[0m 0.579 ms - -[0m
[0mGET /css/fonts.css [36m304[0m 0.287 ms - -[0m
[0mGET /js/bootstrap.bundle.min.js.map [33m404[0m 0.791 ms - 82[0m
[0mGET /images/bg.png [36m304[0m 0.271 ms - -[0m
[0mGET /fonts/inter-latin.woff2 [36m304[0m 1.092 ms - -[0m
[0mGET /fonts/bootstrap-icons.woff2 [36m304[0m 1.294 ms - -[0m
[0mPOST /api/auth/logout [33m401[0m 0.480 ms - 101[0m
[0mGET /css/bootstrap.min.css.map [33m404[0m 4.413 ms - 77[0m
[0mGET /fonts/jetbrains-mono-latin.woff2 [36m304[0m 3.952 ms - -[0m
[0mGET /api/system/check-install [33m401[0m 0.559 ms - 101[0m
[0mGET / [32m200[0m 2.907 ms - 21770[0m
[0mPOST /api/auth/refresh [33m401[0m 0.522 ms - 101[0m
[0mPOST /api/auth/logout [33m401[0m 0.321 ms - 101[0m
[0mPOST /api/auth/logout [33m401[0m 0.290 ms - 101[0m
[0mGET /css/bootstrap.min.css [36m304[0m 0.442 ms - -[0m
[0mGET /css/bootstrap-icons.css [36m304[0m 0.916 ms - -[0m
[0mGET /css/app.css [36m304[0m 0.846 ms - -[0m
[0mGET /images/logo.png [36m304[0m 0.809 ms - -[0m
[0mGET /js/bootstrap.bundle.min.js [36m304[0m 0.791 ms - -[0m
[0mGET /js/app.js [36m304[0m 0.302 ms - -[0m
[0mGET /css/fonts.css [36m304[0m 0.395 ms - -[0m
[0mGET /js/bootstrap.bundle.min.js.map [33m404[0m 0.431 ms - 82[0m
[0mGET /api/auth/sso/config [32m200[0m 0.593 ms - 96[0m
[0mGET /images/bg.png [36m304[0m 0.387 ms - -[0m
[0mGET /fonts/inter-latin.woff2 [36m304[0m 0.620 ms - -[0m
[0mGET /fonts/bootstrap-icons.woff2 [36m304[0m 0.868 ms - -[0m
[0mGET /css/bootstrap.min.css.map [33m404[0m 0.769 ms - 77[0m
[0mGET /api/auth/ldap/config [32m200[0m 0.671 ms - 502[0m
[0mGET /database [32m200[0m 4.380 ms - 47517[0m
[0mGET /css/bootstrap.min.css [36m304[0m 0.547 ms - -[0m
[0mGET /css/bootstrap-icons.css [36m304[0m 0.707 ms - -[0m
[0mGET /css/app.css [36m304[0m 0.229 ms - -[0m
[0mGET /images/logo.png [36m304[0m 0.465 ms - -[0m
[0mGET /js/bootstrap.bundle.min.js [36m304[0m 0.502 ms - -[0m
[0mGET /css/fonts.css [36m304[0m 0.304 ms - -[0m
[0mGET /js/app.js [36m304[0m 0.529 ms - -[0m
[0mGET /js/database.js [36m304[0m 0.542 ms - -[0m
[0mGET /js/bootstrap.bundle.min.js.map [33m404[0m 0.419 ms - 82[0m
[0mGET /images/bg.png [36m304[0m 0.266 ms - -[0m
[0mGET /fonts/inter-latin.woff2 [36m304[0m 0.834 ms - -[0m
[0mGET /fonts/jetbrains-mono-latin.woff2 [36m304[0m 0.533 ms - -[0m
[0mGET /css/bootstrap.min.css.map [33m404[0m 0.488 ms - 77[0m
[0mPOST /api/auth/logout [33m401[0m 0.328 ms - 101[0m
[0mGET /api/system/check-install [33m401[0m 0.459 ms - 101[0m
[0mPOST /api/auth/refresh [33m401[0m 0.467 ms - 101[0m
[0mGET / [32m200[0m 2.618 ms - 21770[0m
[0mPOST /api/auth/logout [33m401[0m 0.296 ms - 101[0m
[0mPOST /api/auth/logout [33m401[0m 0.299 ms - 101[0m
[0mGET /api/database [33m401[0m 0.562 ms - 101[0m
[0mPOST /api/auth/refresh [33m401[0m 0.301 ms - 101[0m
[0mPOST /api/auth/logout [33m401[0m 0.305 ms - 101[0m
[0mPOST /api/auth/logout [33m401[0m 0.195 ms - 101[0m
[0mPOST /api/auth/logout [33m401[0m 0.194 ms - 101[0m
[0mPOST /api/auth/refresh [33m401[0m 0.300 ms - 101[0m
[0mGET / [32m200[0m 1.171 ms - 21770[0m
[0mPOST /api/auth/logout [33m401[0m 0.350 ms - 101[0m
[0mPOST /api/auth/logout [33m401[0m 0.314 ms - 101[0m
[0mPOST /api/auth/logout [33m401[0m 0.279 ms - 101[0m
[0mGET / [0m-[0m - ms - -[0m
[0mGET /css/bootstrap.min.css [36m304[0m 1.039 ms - -[0m
[0mGET /css/bootstrap-icons.css [36m304[0m 0.838 ms - -[0m
[0mGET /css/app.css [36m304[0m 0.688 ms - -[0m
[0mGET /images/logo.png [36m304[0m 0.937 ms - -[0m
[0mGET /js/bootstrap.bundle.min.js [36m304[0m 0.858 ms - -[0m
[0mGET / [32m200[0m 1.747 ms - 21770[0m
[0mPOST /api/auth/refresh [33m401[0m 0.395 ms - 101[0m
[0mGET / [32m200[0m 1.624 ms - 21770[0m
[0mGET /js/app.js [36m304[0m 0.536 ms - -[0m
[0mGET /database [32m200[0m 3.455 ms - 47517[0m
[0mGET /css/bootstrap.min.css [36m304[0m 0.545 ms - -[0m
[0mGET /css/bootstrap-icons.css [36m304[0m 0.742 ms - -[0m
[0mGET /css/app.css [36m304[0m 0.767 ms - -[0m
[0mGET /images/logo.png [36m304[0m 1.299 ms - -[0m
[0mGET /js/bootstrap.bundle.min.js [36m304[0m 0.562 ms - -[0m
[0mGET /js/app.js [36m304[0m 0.622 ms - -[0m
[0mGET /js/database.js [36m304[0m 0.704 ms - -[0m
[0mGET /css/fonts.css [36m304[0m 0.472 ms - -[0m
[0mGET /js/bootstrap.bundle.min.js.map [33m404[0m 0.355 ms - 82[0m
[0mGET /images/bg.png [36m304[0m 0.371 ms - -[0m
[0mGET /fonts/inter-latin.woff2 [36m304[0m 0.898 ms - -[0m
[0mGET /fonts/bootstrap-icons.woff2 [36m304[0m 1.042 ms - -[0m
[0mPOST /api/auth/logout [33m401[0m 0.333 ms - 101[0m
[0mGET /fonts/jetbrains-mono-latin.woff2 [36m304[0m 2.353 ms - -[0m
[0mGET /css/bootstrap.min.css.map [33m404[0m 1.039 ms - 77[0m
[0mGET /api/system/check-install [33m401[0m 1.202 ms - 101[0m
[0mPOST /api/auth/refresh [33m401[0m 0.592 ms - 101[0m
[0mPOST /api/auth/logout [33m401[0m 0.322 ms - 101[0m
[0mGET / [32m200[0m 3.771 ms - 21770[0m
[0mPOST /api/auth/logout [33m401[0m 0.348 ms - 101[0m
[0mGET /api/database [33m401[0m 0.884 ms - 101[0m
[0mPOST /api/auth/refresh [33m401[0m 0.517 ms - 101[0m
[0mGET / [32m200[0m 2.262 ms - 21770[0m
[0mGET / [32m200[0m 1.122 ms - 21770[0m
[0mGET /css/bootstrap.min.css [36m304[0m 1.347 ms - -[0m
[0mGET /css/bootstrap-icons.css [36m304[0m 1.378 ms - -[0m
[0mGET /css/app.css [36m304[0m 1.391 ms - -[0m
[0mGET /images/logo.png [36m304[0m 1.643 ms - -[0m
[0mGET /js/bootstrap.bundle.min.js [36m304[0m 0.508 ms - -[0m
[0mGET /js/app.js [36m304[0m 0.295 ms - -[0m
[0mGET /css/fonts.css [36m304[0m 0.262 ms - -[0m
[0mGET /js/bootstrap.bundle.min.js.map [33m404[0m 0.546 ms - 82[0m
[0mGET /api/auth/sso/config [32m200[0m 0.508 ms - 96[0m
[0mGET /images/bg.png [36m304[0m 0.264 ms - -[0m
[0mGET /fonts/inter-latin.woff2 [36m304[0m 0.223 ms - -[0m
[0mGET /css/bootstrap.min.css.map [33m404[0m 0.426 ms - 77[0m
[0mGET /api/auth/ldap/config [32m200[0m 1.214 ms - 502[0m
[0mGET /database [32m200[0m 2.849 ms - 47517[0m
[0mGET /css/bootstrap.min.css [36m304[0m 0.945 ms - -[0m
[0mGET /css/bootstrap-icons.css [36m304[0m 0.909 ms - -[0m
[0mGET /css/app.css [36m304[0m 0.937 ms - -[0m
[0mGET /images/logo.png [36m304[0m 1.234 ms - -[0m
[0mGET /js/bootstrap.bundle.min.js [36m304[0m 0.412 ms - -[0m
[0mGET /css/fonts.css [36m304[0m 0.505 ms - -[0m
[0mGET /js/app.js [36m304[0m 1.055 ms - -[0m
[0mGET /js/database.js [36m304[0m 0.790 ms - -[0m
[0mGET /js/bootstrap.bundle.min.js.map [33m404[0m 0.500 ms - 82[0m
[0mGET /images/bg.png [36m304[0m 0.323 ms - -[0m
[0mGET /fonts/inter-latin.woff2 [36m304[0m 0.501 ms - -[0m
[0mGET /fonts/jetbrains-mono-latin.woff2 [36m304[0m 0.511 ms - -[0m
[0mGET /css/bootstrap.min.css.map [33m404[0m 1.061 ms - 77[0m
[0mPOST /api/auth/logout [33m401[0m 0.292 ms - 101[0m
[0mGET /api/system/check-install [33m401[0m 0.784 ms - 101[0m
[0mPOST /api/auth/refresh [33m401[0m 0.732 ms - 101[0m
[0mGET / [32m200[0m 2.446 ms - 21770[0m
[0mPOST /api/auth/logout [33m401[0m 0.245 ms - 101[0m
[0mPOST /api/auth/logout [33m401[0m 0.317 ms - 101[0m
[0mGET /api/database [33m401[0m 0.493 ms - 101[0m
[0mPOST /api/auth/refresh [33m401[0m 0.474 ms - 101[0m
[0mPOST /api/auth/logout [33m401[0m 0.300 ms - 101[0m
[0mPOST /api/auth/logout [33m401[0m 0.296 ms - 101[0m
[0mPOST /api/auth/logout [33m401[0m 0.309 ms - 101[0m
[0mPOST /api/auth/refresh [33m401[0m 0.607 ms - 101[0m
[0mGET / [32m200[0m 2.285 ms - 21770[0m
[0mPOST /api/auth/logout [33m401[0m 0.236 ms - 101[0m
[0mPOST /api/auth/logout [33m401[0m 0.269 ms - 101[0m
[0mPOST /api/auth/logout [33m401[0m 0.400 ms - 101[0m
[0mPOST /api/auth/refresh [33m401[0m 0.376 ms - 101[0m
[0mGET / [32m200[0m 3.780 ms - 21770[0m
[0mPOST /api/auth/logout [33m401[0m 0.236 ms - 101[0m
[0mPOST /api/auth/logout [33m401[0m 0.213 ms - 101[0m
[0mPOST /api/auth/logout [33m401[0m 0.175 ms - 101[0m
[0mGET / [0m-[0m - ms - -[0m
[0mPOST /api/auth/refresh [33m401[0m 0.410 ms - 101[0m
[0mGET / [0m-[0m - ms - -[0m
[0mGET / [0m-[0m - ms - -[0m
[0mPOST /api/auth/logout [33m401[0m 0.335 ms - 101[0m
[0mPOST /api/auth/logout [33m401[0m 0.245 ms - 101[0m
[0mPOST /api/auth/refresh [33m401[0m 0.358 ms - 101[0m
[0mPOST /api/auth/logout [33m401[0m 0.352 ms - 101[0m
[0mGET / [0m-[0m - ms - -[0m
[0mGET / [0m-[0m - ms - -[0m
[0mPOST /api/auth/logout [33m401[0m 0.211 ms - 101[0m
[0mPOST /api/auth/logout [33m401[0m 0.185 ms - 101[0m
[0mGET / [32m200[0m 4.059 ms - 21770[0m
[0mPOST /api/auth/refresh [33m401[0m 0.322 ms - 101[0m
[0mGET / [0m-[0m - ms - -[0m
[0mPOST /api/auth/logout [33m401[0m 0.325 ms - 101[0m
[0mGET / [32m200[0m 4.740 ms - 21770[0m
[0mPOST /api/auth/logout [33m401[0m 0.298 ms - 101[0m
[0mPOST /api/auth/refresh [33m401[0m 0.404 ms - 101[0m
[0mPOST /api/auth/logout [33m401[0m 0.246 ms - 101[0m
[0mGET / [0m-[0m - ms - -[0m
[0mPOST /api/auth/logout [33m401[0m 0.184 ms - 101[0m
[0mPOST /api/auth/logout [33m401[0m 0.252 ms - 101[0m
[0mGET / [32m200[0m 4.940 ms - 21770[0m
[0mPOST /api/auth/refresh [33m401[0m 0.354 ms - 101[0m
[0mGET / [0m-[0m - ms - -[0m
[0mGET / [32m200[0m 3.140 ms - 21770[0m
[0mPOST /api/auth/logout [33m401[0m 0.307 ms - 101[0m
[0mPOST /api/auth/logout [33m401[0m 0.314 ms - 101[0m
[0mPOST /api/auth/logout [33m401[0m 0.287 ms - 101[0m
[0mGET / [0m-[0m - ms - -[0m
[0mPOST /api/auth/refresh [33m401[0m 0.305 ms - 101[0m
[0mGET / [32m200[0m 4.069 ms - 21770[0m
[0mPOST /api/auth/logout [33m401[0m 0.388 ms - 101[0m
[0mPOST /api/auth/logout [33m401[0m 0.174 ms - 101[0m
[0mPOST /api/auth/logout [33m401[0m 0.185 ms - 101[0m
[0mGET / [0m-[0m - ms - -[0m
[0mPOST /api/auth/refresh [33m401[0m 0.279 ms - 101[0m
[0mGET / [0m-[0m - ms - -[0m
[0mPOST /api/auth/logout [33m401[0m 0.195 ms - 101[0m
[0mPOST /api/auth/logout [33m401[0m 0.171 ms - 101[0m
[0mPOST /api/auth/logout [33m401[0m 0.161 ms - 101[0m
[0mGET / [0m-[0m - ms - -[0m
[0mPOST /api/auth/refresh [33m401[0m 0.260 ms - 101[0m
[0mPOST /api/auth/logout [33m401[0m 0.322 ms - 101[0m
[0mGET / [32m200[0m 3.917 ms - 21770[0m
[0mPOST /api/auth/logout [33m401[0m 0.190 ms - 101[0m
[0mPOST /api/auth/logout [33m401[0m 0.170 ms - 101[0m
[0mPOST /api/auth/refresh [33m401[0m 0.520 ms - 101[0m
[0mGET / [0m-[0m - ms - -[0m
[0mGET / [0m-[0m - ms - -[0m
[0mPOST /api/auth/logout [33m401[0m 0.187 ms - 101[0m
[0mGET / [0m-[0m - ms - -[0m
[0mPOST /api/auth/logout [33m401[0m 0.202 ms - 101[0m
[0mPOST /api/auth/logout [33m401[0m 0.198 ms - 101[0m
[0mPOST /api/auth/refresh [33m401[0m 0.473 ms - 101[0m
[0mGET / [32m200[0m 3.664 ms - 21770[0m
[0mPOST /api/auth/logout [33m401[0m 0.432 ms - 101[0m
[0mGET / [0m-[0m - ms - -[0m
[0mPOST /api/auth/logout [33m401[0m 0.326 ms - 101[0m
[0mPOST /api/auth/refresh [33m401[0m 0.367 ms - 101[0m
[0mPOST /api/auth/logout [33m401[0m 0.222 ms - 101[0m
[0mGET / [0m-[0m - ms - -[0m
[0mGET / [0m-[0m - ms - -[0m
[0mPOST /api/auth/logout [33m401[0m 0.184 ms - 101[0m
[0mGET / [32m200[0m 4.300 ms - 21770[0m
[0mPOST /api/auth/logout [33m401[0m 0.255 ms - 101[0m
[0mPOST /api/auth/refresh [33m401[0m 0.696 ms - 101[0m
[0mGET / [0m-[0m - ms - -[0m
[0mGET / [32m200[0m 4.156 ms - 21770[0m
[0mPOST /api/auth/logout [33m401[0m 0.193 ms - 101[0m
[0mPOST /api/auth/logout [33m401[0m 0.164 ms - 101[0m
[0mPOST /api/auth/logout [33m401[0m 0.195 ms - 101[0m
[0mGET / [0m-[0m - ms - -[0m
[0mPOST /api/auth/refresh [33m401[0m 0.293 ms - 101[0m
[0mGET / [0m-[0m - ms - -[0m
[0mPOST /api/auth/logout [33m401[0m 0.196 ms - 101[0m
[0mGET / [32m200[0m 2.980 ms - 21770[0m
[0mPOST /api/auth/logout [33m401[0m 0.171 ms - 101[0m
[0mPOST /api/auth/logout [33m401[0m 0.184 ms - 101[0m
[0mPOST /api/auth/refresh [33m401[0m 0.251 ms - 101[0m
[0mGET / [0m-[0m - ms - -[0m
[0mGET / [0m-[0m - ms - -[0m
[0mPOST /api/auth/logout [33m401[0m 0.179 ms - 101[0m
[0mPOST /api/auth/logout [33m401[0m 0.202 ms - 101[0m
[0mPOST /api/auth/logout [33m401[0m 0.211 ms - 101[0m
[0mGET / [0m-[0m - ms - -[0m
[0mPOST /api/auth/refresh [33m401[0m 0.478 ms - 101[0m
[0mGET / [32m200[0m 1.298 ms - 21770[0m
[0mPOST /api/auth/logout [33m401[0m 0.228 ms - 101[0m
[0mGET / [32m200[0m 2.474 ms - 21770[0m
[0mPOST /api/auth/logout [33m401[0m 0.214 ms - 101[0m
[0mPOST /api/auth/refresh [33m401[0m 0.298 ms - 101[0m
[0mPOST /api/auth/logout [33m401[0m 0.167 ms - 101[0m
[0mPOST /api/auth/logout [33m401[0m 0.169 ms - 101[0m
[0mGET / [32m200[0m 2.111 ms - 21770[0m
[0mPOST /api/auth/logout [33m401[0m 0.266 ms - 101[0m
[0mPOST /api/auth/refresh [33m401[0m 0.313 ms - 101[0m
[0mGET / [0m-[0m - ms - -[0m
[0mPOST /api/auth/logout [33m401[0m 0.201 ms - 101[0m
[0mGET / [32m200[0m 3.138 ms - 21770[0m
[0mPOST /api/auth/logout [33m401[0m 0.210 ms - 101[0m
[0mPOST /api/auth/refresh [33m401[0m 0.305 ms - 101[0m
[0mPOST /api/auth/logout [33m401[0m 0.185 ms - 101[0m
[0mGET / [0m-[0m - ms - -[0m
[0mPOST /api/auth/logout [33m401[0m 0.447 ms - 101[0m
[0mPOST /api/auth/logout [33m401[0m 0.355 ms - 101[0m
[0mGET / [32m200[0m 7.066 ms - 21770[0m
[0mPOST /api/auth/refresh [33m401[0m 0.438 ms - 101[0m
[0mGET / [0m-[0m - ms - -[0m
[0mGET / [0m-[0m - ms - -[0m
[0mPOST /api/auth/logout [33m401[0m 0.184 ms - 101[0m
[0mGET / [0m-[0m - ms - -[0m
[0mPOST /api/auth/logout [33m401[0m 0.187 ms - 101[0m
[0mPOST /api/auth/logout [33m401[0m 0.232 ms - 101[0m
[0mPOST /api/auth/refresh [33m401[0m 0.269 ms - 101[0m
[0mGET / [0m-[0m - ms - -[0m
[0mGET / [32m200[0m 4.119 ms - 21770[0m
[0mPOST /api/auth/logout [33m401[0m 0.237 ms - 101[0m
[0mPOST /api/auth/logout [33m401[0m 0.265 ms - 101[0m
[0mPOST /api/auth/logout [33m401[0m 0.259 ms - 101[0m
[0mGET / [0m-[0m - ms - -[0m
[0mPOST /api/auth/refresh [33m401[0m 0.404 ms - 101[0m
[0mGET / [32m200[0m 2.999 ms - 21770[0m
[0mPOST /api/auth/logout [33m401[0m 0.197 ms - 101[0m
[0mPOST /api/auth/logout [33m401[0m 0.175 ms - 101[0m
[0mPOST /api/auth/logout [33m401[0m 0.227 ms - 101[0m
[0mGET / [0m-[0m - ms - -[0m
[0mPOST /api/auth/refresh [33m401[0m 0.314 ms - 101[0m
[0mGET / [0m-[0m - ms - -[0m
[0mPOST /api/auth/logout [33m401[0m 0.237 ms - 101[0m
[0mGET / [32m200[0m 3.068 ms - 21770[0m
[0mPOST /api/auth/logout [33m401[0m 0.219 ms - 101[0m
[0mPOST /api/auth/logout [33m401[0m 0.195 ms - 101[0m
[0mPOST /api/auth/refresh [33m401[0m 0.374 ms - 101[0m
[0mGET / [0m-[0m - ms - -[0m
[0mGET / [32m200[0m 4.435 ms - 21770[0m
[0mPOST /api/auth/logout [33m401[0m 0.192 ms - 101[0m
[0mPOST /api/auth/logout [33m401[0m 0.184 ms - 101[0m
[0mGET / [0m-[0m - ms - -[0m
[0mPOST /api/auth/logout [33m401[0m 0.162 ms - 101[0m
[0mGET / [0m-[0m - ms - -[0m
[0mPOST /api/auth/refresh [33m401[0m 0.305 ms - 101[0m
[0mGET / [0m-[0m - ms - -[0m
[0mPOST /api/auth/logout [33m401[0m 0.218 ms - 101[0m
[0mPOST /api/auth/logout [33m401[0m 0.436 ms - 101[0m
[0mPOST /api/auth/logout [33m401[0m 0.312 ms - 101[0m
[0mGET / [0m-[0m - ms - -[0m
[0mPOST /api/auth/refresh [33m401[0m 0.478 ms - 101[0m
[0mGET / [0m-[0m - ms - -[0m
[0mGET / [32m200[0m 3.048 ms - 21770[0m
[0mPOST /api/auth/logout [33m401[0m 0.245 ms - 101[0m
[0mPOST /api/auth/logout [33m401[0m 0.254 ms - 101[0m
[0mPOST /api/auth/logout [33m401[0m 0.339 ms - 101[0m
[0mPOST /api/auth/refresh [33m401[0m 0.565 ms - 101[0m
[0mGET / [32m200[0m 1.703 ms - 21770[0m
[0mPOST /api/auth/logout [33m401[0m 0.304 ms - 101[0m
[0mPOST /api/auth/logout [33m401[0m 0.294 ms - 101[0m
[0mPOST /api/auth/logout [33m401[0m 0.281 ms - 101[0m
[0mPOST /api/auth/refresh [33m401[0m 0.662 ms - 101[0m
[0mGET / [32m200[0m 1.991 ms - 21770[0m
[0mPOST /api/auth/logout [33m401[0m 0.325 ms - 101[0m
[0mPOST /api/auth/logout [33m401[0m 0.285 ms - 101[0m
[0mGET / [32m200[0m 3.257 ms - 21770[0m
[0mPOST /api/auth/logout [33m401[0m 0.296 ms - 101[0m
[0mPOST /api/auth/refresh [33m401[0m 0.420 ms - 101[0m
[0mGET / [32m200[0m 1.957 ms - 21770[0m
[0mPOST /api/auth/logout [33m401[0m 0.355 ms - 101[0m
[0mPOST /api/auth/logout [33m401[0m 0.293 ms - 101[0m
[0mPOST /api/auth/logout [33m401[0m 0.261 ms - 101[0m
[0mPOST /api/auth/refresh [33m401[0m 0.411 ms - 101[0m
[0mGET / [0m-[0m - ms - -[0m
[0mPOST /api/auth/logout [33m401[0m 0.275 ms - 101[0m
[0mPOST /api/auth/logout [33m401[0m 0.193 ms - 101[0m
[0mGET / [0m-[0m - ms - -[0m
[0mPOST /api/auth/logout [33m401[0m 0.264 ms - 101[0m
[0mPOST /api/auth/refresh [33m401[0m 0.461 ms - 101[0m
[0mGET / [0m-[0m - ms - -[0m
[0mPOST /api/auth/logout [33m401[0m 0.253 ms - 101[0m
[0mPOST /api/auth/logout [33m401[0m 0.264 ms - 101[0m
[0mGET / [32m200[0m 3.241 ms - 21770[0m
[0mPOST /api/auth/logout [33m401[0m 0.315 ms - 101[0m
[0mPOST /api/auth/refresh [33m401[0m 0.417 ms - 101[0m
[0mGET / [0m-[0m - ms - -[0m
[0mGET / [32m200[0m 4.528 ms - 21770[0m
[0mPOST /api/auth/logout [33m401[0m 0.183 ms - 101[0m
[0mPOST /api/auth/logout [33m401[0m 0.305 ms - 101[0m
[0mPOST /api/auth/logout [33m401[0m 0.318 ms - 101[0m
[0mGET / [32m200[0m 3.848 ms - 21770[0m
[0mPOST /api/auth/refresh [33m401[0m 0.491 ms - 101[0m
[0mGET / [0m-[0m - ms - -[0m
[0mPOST /api/auth/logout [33m401[0m 0.350 ms - 101[0m
[0mPOST /api/auth/logout [33m401[0m 0.298 ms - 101[0m
[0mPOST /api/auth/refresh [33m401[0m 0.328 ms - 101[0m
[0mPOST /api/auth/logout [33m401[0m 0.213 ms - 101[0m
[0mGET / [32m200[0m 305.935 ms - 21770[0m
[0mPOST /api/auth/logout [33m401[0m 0.155 ms - 101[0m
[0mPOST /api/auth/logout [33m401[0m 0.174 ms - 101[0m
[0mGET / [0m-[0m - ms - -[0m
[0mGET / [0m-[0m - ms - -[0m
[0mGET / [0m-[0m - ms - -[0m
[0mGET / [0m-[0m - ms - -[0m
[0mGET / [0m-[0m - ms - -[0m
[0mGET / [0m-[0m - ms - -[0m
[0mGET / [0m-[0m - ms - -[0m
[0mGET / [0m-[0m - ms - -[0m
[0mGET / [0m-[0m - ms - -[0m
[0mGET / [0m-[0m - ms - -[0m
[0mGET / [0m-[0m - ms - -[0m
[0mGET / [0m-[0m - ms - -[0m
[0mGET / [0m-[0m - ms - -[0m
[0mGET / [0m-[0m - ms - -[0m
[0mGET / [0m-[0m - ms - -[0m
[0mGET / [0m-[0m - ms - -[0m
[0mGET / [0m-[0m - ms - -[0m
[0mGET / [0m-[0m - ms - -[0m
[0mGET / [0m-[0m - ms - -[0m
[0mGET / [0m-[0m - ms - -[0m
[0mGET / [0m-[0m - ms - -[0m
[0mGET / [0m-[0m - ms - -[0m
[0mGET / [0m-[0m - ms - -[0m
[0mGET / [0m-[0m - ms - -[0m
[0mGET / [0m-[0m - ms - -[0m
[0mGET / [0m-[0m - ms - -[0m
[0mGET / [0m-[0m - ms - -[0m
[0mGET / [0m-[0m - ms - -[0m
[0mPOST /api/auth/refresh [33m401[0m 0.372 ms - 101[0m
[0mGET / [32m200[0m 35.445 ms - 21770[0m
[0mPOST /api/auth/logout [33m401[0m 0.156 ms - 101[0m
[0mPOST /api/auth/logout [33m401[0m 0.163 ms - 101[0m
[0mPOST /api/auth/logout [33m401[0m 0.180 ms - 101[0m
[0mGET / [0m-[0m - ms - -[0m
[0mGET / [0m-[0m - ms - -[0m
[0mPOST /api/auth/refresh [33m401[0m 0.298 ms - 101[0m
[0mGET / [32m200[0m 4.288 ms - 21770[0m
[0mPOST /api/auth/logout [33m401[0m 0.173 ms - 101[0m
[0mPOST /api/auth/logout [33m401[0m 0.248 ms - 101[0m
[0mPOST /api/auth/logout [33m401[0m 0.166 ms - 101[0m
[0mPOST /api/auth/refresh [33m401[0m 0.340 ms - 101[0m
[0mPOST /api/auth/logout [33m401[0m 0.386 ms - 101[0m
[0mPOST /api/auth/logout [33m401[0m 0.282 ms - 101[0m
[0mPOST /api/auth/logout [33m401[0m 0.294 ms - 101[0m
[0mPOST /api/auth/refresh [33m401[0m 0.455 ms - 101[0m
[0mGET / [0m-[0m - ms - -[0m
[0mPOST /api/auth/logout [33m401[0m 0.312 ms - 101[0m
[0mPOST /api/auth/logout [33m401[0m 0.164 ms - 101[0m
[0mPOST /api/auth/logout [33m401[0m 0.178 ms - 101[0m
[0mGET / [0m-[0m - ms - -[0m
[0mPOST /api/auth/refresh [33m401[0m 0.307 ms - 101[0m
[0mGET / [0m-[0m - ms - -[0m
[0mPOST /api/auth/logout [33m401[0m 0.209 ms - 101[0m
[0mGET / [32m200[0m 2.786 ms - 21770[0m
[0mPOST /api/auth/logout [33m401[0m 0.319 ms - 101[0m
[0mPOST /api/auth/logout [33m401[0m 0.245 ms - 101[0m
[0mPOST /api/auth/refresh [33m401[0m 0.385 ms - 101[0m
[0mGET / [0m-[0m - ms - -[0m
[0mGET / [32m200[0m 2.979 ms - 21770[0m
[0mPOST /api/auth/logout [33m401[0m 0.253 ms - 101[0m
[0mPOST /api/auth/logout [33m401[0m 0.270 ms - 101[0m
[0mPOST /api/auth/logout [33m401[0m 0.273 ms - 101[0m
[0mPOST /api/auth/refresh [33m401[0m 0.442 ms - 101[0m
[0mGET / [0m-[0m - ms - -[0m
[0mGET / [32m200[0m 5.367 ms - 21770[0m
[0mGET / [0m-[0m - ms - -[0m
[0mPOST /api/auth/logout [33m401[0m 0.268 ms - 101[0m
[0mPOST /api/auth/logout [33m401[0m 0.203 ms - 101[0m
[0mPOST /api/auth/logout [33m401[0m 0.147 ms - 101[0m
[0mPOST /api/auth/refresh [33m401[0m 0.369 ms - 101[0m
[0mGET / [0m-[0m - ms - -[0m
[0mPOST /api/auth/logout [33m401[0m 0.165 ms - 101[0m
[0mPOST /api/auth/logout [33m401[0m 0.156 ms - 101[0m
[0mPOST /api/auth/logout [33m401[0m 0.149 ms - 101[0m
[0mPOST /api/auth/refresh [33m401[0m 0.293 ms - 101[0m
[0mPOST /api/auth/logout [33m401[0m 0.192 ms - 101[0m
[0mGET / [32m200[0m 2.792 ms - 21770[0m
[0mPOST /api/auth/logout [33m401[0m 0.226 ms - 101[0m
[0mPOST /api/auth/logout [33m401[0m 0.205 ms - 101[0m
[0mGET / [32m200[0m 1.445 ms - 21770[0m
[0mPOST /api/auth/refresh [33m401[0m 0.528 ms - 101[0m
[0mGET / [32m200[0m 1.511 ms - 21770[0m
[0mPOST /api/auth/logout [33m401[0m 0.278 ms - 101[0m
[0mPOST /api/auth/logout [33m401[0m 0.194 ms - 101[0m
[0mPOST /api/auth/logout [33m401[0m 0.195 ms - 101[0m
[0mGET / [0m-[0m - ms - -[0m
[0mPOST /api/auth/refresh [33m401[0m 0.358 ms - 101[0m
[0mGET / [32m200[0m 1.656 ms - 21770[0m
[0mPOST /api/auth/logout [33m401[0m 0.311 ms - 101[0m
[0mPOST /api/auth/logout [33m401[0m 0.248 ms - 101[0m
[0mPOST /api/auth/logout [33m401[0m 0.302 ms - 101[0m
[0mPOST /api/auth/refresh [33m401[0m 0.393 ms - 101[0m
[0mGET / [32m200[0m 4.550 ms - 21770[0m
[0mGET / [0m-[0m - ms - -[0m
[0mPOST /api/auth/logout [33m401[0m 0.267 ms - 101[0m
[0mGET / [32m200[0m 4.491 ms - 21770[0m
[0mPOST /api/auth/logout [33m401[0m 0.238 ms - 101[0m
[0mPOST /api/auth/refresh [33m401[0m 0.368 ms - 101[0m
[0mPOST /api/auth/logout [33m401[0m 0.236 ms - 101[0m
[0mGET / [0m-[0m - ms - -[0m
[0mPOST /api/auth/logout [33m401[0m 0.222 ms - 101[0m
[0mGET / [32m200[0m 3.459 ms - 21770[0m
[0mPOST /api/auth/logout [33m401[0m 0.162 ms - 101[0m
[0mGET / [0m-[0m - ms - -[0m
[0mPOST /api/auth/refresh [33m401[0m 0.286 ms - 101[0m
[0mGET / [0m-[0m - ms - -[0m
[0mPOST /api/auth/logout [33m401[0m 0.295 ms - 101[0m
[0mGET / [0m-[0m - ms - -[0m
[0mPOST /api/auth/logout [33m401[0m 0.177 ms - 101[0m
[0mPOST /api/auth/logout [33m401[0m 0.151 ms - 101[0m
[0mPOST /api/auth/refresh [33m401[0m 0.278 ms - 101[0m
[0mGET / [32m200[0m 3.068 ms - 21770[0m
[0mPOST /api/auth/logout [33m401[0m 0.186 ms - 101[0m
[0mPOST /api/auth/logout [33m401[0m 0.202 ms - 101[0m
[0mGET / [32m200[0m 3.296 ms - 21770[0m
[0mPOST /api/auth/logout [33m401[0m 0.262 ms - 101[0m
[0mPOST /api/auth/refresh [33m401[0m 0.290 ms - 101[0m
[0mGET / [0m-[0m - ms - -[0m
[0mPOST /api/auth/logout [33m401[0m 0.286 ms - 101[0m
[0mGET / [32m200[0m 2.766 ms - 21770[0m
[0mPOST /api/auth/logout [33m401[0m 0.173 ms - 101[0m
[0mPOST /api/auth/logout [33m401[0m 0.144 ms - 101[0m
[0mPOST /api/auth/refresh [33m401[0m 0.373 ms - 101[0m
[0mGET / [0m-[0m - ms - -[0m
[0mPOST /api/auth/logout [33m401[0m 0.288 ms - 101[0m
[0mGET / [0m-[0m - ms - -[0m
[0mPOST /api/auth/logout [33m401[0m 0.168 ms - 101[0m
[0mPOST /api/auth/logout [33m401[0m 0.182 ms - 101[0m
[0mGET / [0m-[0m - ms - -[0m
[0mPOST /api/auth/refresh [33m401[0m 0.411 ms - 101[0m
[0mGET / [0m-[0m - ms - -[0m
[0mPOST /api/auth/logout [33m401[0m 0.234 ms - 101[0m
[0mPOST /api/auth/logout [33m401[0m 0.245 ms - 101[0m
[0mGET / [0m-[0m - ms - -[0m
[0mPOST /api/auth/logout [33m401[0m 0.153 ms - 101[0m
[0mGET / [0m-[0m - ms - -[0m
[0mPOST /api/auth/refresh [33m401[0m 0.270 ms - 101[0m
[0mGET / [0m-[0m - ms - -[0m
[0mPOST /api/auth/logout [33m401[0m 0.232 ms - 101[0m
[0mGET / [32m200[0m 2.098 ms - 21770[0m
[0mPOST /api/auth/logout [33m401[0m 0.161 ms - 101[0m
[0mPOST /api/auth/logout [33m401[0m 0.152 ms - 101[0m
[0mPOST /api/auth/refresh [33m401[0m 0.416 ms - 101[0m
[0mGET / [0m-[0m - ms - -[0m
[0mPOST /api/auth/logout [33m401[0m 0.163 ms - 101[0m
[0mPOST /api/auth/logout [33m401[0m 0.155 ms - 101[0m
[0mGET / [32m200[0m 2.104 ms - 21770[0m
[0mPOST /api/auth/logout [33m401[0m 0.153 ms - 101[0m
[0mPOST /api/auth/refresh [33m401[0m 0.261 ms - 101[0m
[0mPOST /api/auth/logout [33m401[0m 0.233 ms - 101[0m
[0mGET / [32m200[0m 3.647 ms - 21770[0m
[0mPOST /api/auth/logout [33m401[0m 0.250 ms - 101[0m
[0mPOST /api/auth/logout [33m401[0m 0.277 ms - 101[0m
[0mPOST /api/auth/refresh [33m401[0m 0.429 ms - 101[0m
[0mGET / [0m-[0m - ms - -[0m
[0mPOST /api/auth/logout [33m401[0m 0.271 ms - 101[0m
[0mGET / [32m200[0m 3.200 ms - 21770[0m
[0mPOST /api/auth/logout [33m401[0m 0.197 ms - 101[0m
[0mPOST /api/auth/logout [33m401[0m 0.209 ms - 101[0m
[0mPOST /api/auth/refresh [33m401[0m 0.625 ms - 101[0m
[0mGET / [0m-[0m - ms - -[0m
[0mGET / [0m-[0m - ms - -[0m
[0mPOST /api/auth/logout [33m401[0m 0.162 ms - 101[0m
[0mGET / [32m200[0m 3.207 ms - 21770[0m
[0mPOST /api/auth/logout [33m401[0m 0.160 ms - 101[0m
[0mPOST /api/auth/logout [33m401[0m 0.154 ms - 101[0m
[0mGET / [0m-[0m - ms - -[0m
[0mPOST /api/auth/refresh [33m401[0m 0.249 ms - 101[0m
[0mGET / [0m-[0m - ms - -[0m
[0mPOST /api/auth/logout [33m401[0m 0.271 ms - 101[0m
[0mGET / [32m200[0m 3.037 ms - 21770[0m
[0mPOST /api/auth/logout [33m401[0m 0.198 ms - 101[0m
[0mPOST /api/auth/logout [33m401[0m 0.157 ms - 101[0m
[0mPOST /api/auth/refresh [33m401[0m 0.303 ms - 101[0m
[0mGET / [0m-[0m - ms - -[0m
[0mGET / [32m200[0m 1.230 ms - 21770[0m
[0mPOST /api/auth/logout [33m401[0m 0.241 ms - 101[0m
[0mPOST /api/auth/logout [33m401[0m 0.254 ms - 101[0m
[0mPOST /api/auth/logout [33m401[0m 0.197 ms - 101[0m
[0mGET / [0m-[0m - ms - -[0m
[0mPOST /api/auth/refresh [33m401[0m 0.485 ms - 101[0m
[0mGET / [32m200[0m 2.580 ms - 21770[0m
[0mPOST /api/auth/logout [33m401[0m 0.191 ms - 101[0m
[0mGET / [32m200[0m 2.357 ms - 21770[0m
[0mPOST /api/auth/logout [33m401[0m 0.169 ms - 101[0m
[0mPOST /api/auth/logout [33m401[0m 0.141 ms - 101[0m
[0mPOST /api/auth/refresh [33m401[0m 0.251 ms - 101[0m
[0mGET / [0m-[0m - ms - -[0m
[0mPOST /api/auth/logout [33m401[0m 0.208 ms - 101[0m
[0mGET / [32m200[0m 2.209 ms - 21770[0m
[0mPOST /api/auth/logout [33m401[0m 0.188 ms - 101[0m
[0mPOST /api/auth/logout [33m401[0m 0.160 ms - 101[0m
[0mPOST /api/auth/refresh [33m401[0m 0.302 ms - 101[0m
[0mGET / [32m200[0m 2.229 ms - 21770[0m
[0mPOST /api/auth/logout [33m401[0m 0.169 ms - 101[0m
[0mPOST /api/auth/logout [33m401[0m 0.155 ms - 101[0m
[0mGET / [32m200[0m 3.058 ms - 21770[0m
[0mPOST /api/auth/logout [33m401[0m 0.152 ms - 101[0m
[0mPOST /api/auth/refresh [33m401[0m 0.233 ms - 101[0m
[0mGET / [32m200[0m 2.007 ms - 21770[0m
[0mPOST /api/auth/logout [33m401[0m 0.162 ms - 101[0m
[0mPOST /api/auth/logout [33m401[0m 0.155 ms - 101[0m
[0mPOST /api/auth/logout [33m401[0m 0.150 ms - 101[0m
[0mPOST /api/auth/refresh [33m401[0m 0.235 ms - 101[0m
[0mGET / [0m-[0m - ms - -[0m
[0mPOST /api/auth/logout [33m401[0m 0.188 ms - 101[0m
[0mPOST /api/auth/logout [33m401[0m 0.159 ms - 101[0m
[0mPOST /api/auth/logout [33m401[0m 0.182 ms - 101[0m
[0mGET / [32m200[0m 2.287 ms - 21770[0m
[0mPOST /api/auth/refresh [33m401[0m 0.331 ms - 101[0m
[0mGET / [32m200[0m 1.294 ms - 21770[0m
[0mPOST /api/auth/logout [33m401[0m 0.182 ms - 101[0m
[0mPOST /api/auth/logout [33m401[0m 0.195 ms - 101[0m
[0mGET / [32m200[0m 2.119 ms - 21770[0m
[0mPOST /api/auth/logout [33m401[0m 0.168 ms - 101[0m
[0mPOST /api/auth/refresh [33m401[0m 0.400 ms - 101[0m
[0mGET / [0m-[0m - ms - -[0m
[0mGET / [32m200[0m 3.154 ms - 21770[0m
[0mPOST /api/auth/logout [33m401[0m 0.172 ms - 101[0m
[0mPOST /api/auth/logout [33m401[0m 0.154 ms - 101[0m
[0mPOST /api/auth/logout [33m401[0m 0.134 ms - 101[0m
[0mGET / [0m-[0m - ms - -[0m
[0mPOST /api/auth/refresh [33m401[0m 0.244 ms - 101[0m
[0mGET / [0m-[0m - ms - -[0m
[0mPOST /api/auth/logout [33m401[0m 0.183 ms - 101[0m
[0mGET / [0m-[0m - ms - -[0m
[0mPOST /api/auth/logout [33m401[0m 0.223 ms - 101[0m
[0mPOST /api/auth/logout [33m401[0m 0.238 ms - 101[0m
[0mPOST /api/auth/refresh [33m401[0m 0.402 ms - 101[0m
[0mGET / [0m-[0m - ms - -[0m
[0mGET / [0m-[0m - ms - -[0m
[0mPOST /api/auth/logout [33m401[0m 0.242 ms - 101[0m
[0mPOST /api/auth/logout [33m401[0m 0.157 ms - 101[0m
[0mPOST /api/auth/logout [33m401[0m 0.147 ms - 101[0m
[0mGET / [0m-[0m - ms - -[0m
[0mPOST /api/auth/refresh [33m401[0m 0.274 ms - 101[0m
[0mGET / [0m-[0m - ms - -[0m
[0mPOST /api/auth/logout [33m401[0m 0.164 ms - 101[0m
[0mGET / [32m200[0m 2.468 ms - 21770[0m
[0mPOST /api/auth/logout [33m401[0m 0.216 ms - 101[0m
[0mPOST /api/auth/logout [33m401[0m 0.161 ms - 101[0m
[0mPOST /api/auth/refresh [33m401[0m 0.251 ms - 101[0m
[0mGET / [0m-[0m - ms - -[0m
[0mPOST /api/auth/logout [33m401[0m 0.170 ms - 101[0m
[0mGET / [32m200[0m 2.167 ms - 21770[0m
[0mPOST /api/auth/logout [33m401[0m 0.161 ms - 101[0m
[0mPOST /api/auth/logout [33m401[0m 0.149 ms - 101[0m
[0mPOST /api/auth/refresh [33m401[0m 0.270 ms - 101[0m
[0mGET / [0m-[0m - ms - -[0m
[0mPOST /api/auth/logout [33m401[0m 0.167 ms - 101[0m
[0mGET / [32m200[0m 2.482 ms - 21770[0m
[0mPOST /api/auth/logout [33m401[0m 0.255 ms - 101[0m
[0mPOST /api/auth/logout [33m401[0m 0.159 ms - 101[0m
[0mPOST /api/auth/refresh [33m401[0m 0.293 ms - 101[0m
[0mGET / [32m200[0m 3.292 ms - 21770[0m
[0mGET / [0m-[0m - ms - -[0m
[0mPOST /api/auth/logout [33m401[0m 0.167 ms - 101[0m
[0mPOST /api/auth/logout [33m401[0m 0.137 ms - 101[0m
[0mPOST /api/auth/refresh [33m401[0m 0.268 ms - 101[0m
[0mPOST /api/auth/logout [33m401[0m 0.129 ms - 101[0m
[0mGET / [0m-[0m - ms - -[0m
[0mPOST /api/auth/logout [33m401[0m 0.254 ms - 101[0m
[0mGET / [0m-[0m - ms - -[0m
[0mPOST /api/auth/logout [33m401[0m 0.264 ms - 101[0m
[0mPOST /api/auth/refresh [33m401[0m 0.353 ms - 101[0m
[0mGET / [0m-[0m - ms - -[0m
[0mGET / [32m200[0m 3.456 ms - 21770[0m
[0mPOST /api/auth/logout [33m401[0m 0.140 ms - 101[0m
[0mPOST /api/auth/logout [33m401[0m 0.136 ms - 101[0m
[0mPOST /api/auth/logout [33m401[0m 0.148 ms - 101[0m
[0mPOST /api/auth/refresh [33m401[0m 0.259 ms - 101[0m
[0mGET / [32m200[0m 1.202 ms - 21770[0m
[0mPOST /api/auth/logout [33m401[0m 0.202 ms - 101[0m
[0mPOST /api/auth/logout [33m401[0m 0.143 ms - 101[0m
[0mPOST /api/auth/logout [33m401[0m 0.146 ms - 101[0m
[0mGET / [32m200[0m 1.130 ms - 21770[0m
[0mPOST /api/auth/refresh [33m401[0m 0.281 ms - 101[0m
[0mGET / [32m200[0m 1.081 ms - 21770[0m
[0mPOST /api/auth/logout [33m401[0m 0.152 ms - 101[0m
[0mPOST /api/auth/logout [33m401[0m 0.137 ms - 101[0m
[0mPOST /api/auth/logout [33m401[0m 0.162 ms - 101[0m
[0mPOST /api/auth/refresh [33m401[0m 0.245 ms - 101[0m
[0mGET / [32m200[0m 1.868 ms - 21770[0m
[0mPOST /api/auth/logout [33m401[0m 0.170 ms - 101[0m
[0mPOST /api/auth/logout [33m401[0m 0.172 ms - 101[0m
[0mGET / [32m200[0m 270.700 ms - 21770[0m
[0mPOST /api/auth/logout [33m401[0m 0.221 ms - 101[0m
[0mPOST /api/auth/refresh [33m401[0m 0.245 ms - 101[0m
[0mGET / [0m-[0m - ms - -[0m
[0mGET / [0m-[0m - ms - -[0m
[0mGET / [0m-[0m - ms - -[0m
[0mGET / [0m-[0m - ms - -[0m
[0mGET / [0m-[0m - ms - -[0m
[0mGET / [0m-[0m - ms - -[0m
[0mGET / [0m-[0m - ms - -[0m
[0mGET / [0m-[0m - ms - -[0m
[0mGET / [0m-[0m - ms - -[0m
[0mGET / [0m-[0m - ms - -[0m
[0mGET / [0m-[0m - ms - -[0m
[0mGET / [0m-[0m - ms - -[0m
[0mGET / [0m-[0m - ms - -[0m
[0mGET / [0m-[0m - ms - -[0m
[0mGET / [0m-[0m - ms - -[0m
[0mGET / [0m-[0m - ms - -[0m
[0mGET / [0m-[0m - ms - -[0m
[0mGET / [0m-[0m - ms - -[0m
[0mGET / [0m-[0m - ms - -[0m
[0mGET / [0m-[0m - ms - -[0m
[0mGET / [0m-[0m - ms - -[0m
[0mGET / [0m-[0m - ms - -[0m
[0mGET / [0m-[0m - ms - -[0m
[0mGET / [0m-[0m - ms - -[0m
[0mGET / [0m-[0m - ms - -[0m
[0mGET / [0m-[0m - ms - -[0m
[0mGET / [0m-[0m - ms - -[0m
[0mGET / [0m-[0m - ms - -[0m
[0mGET / [0m-[0m - ms - -[0m
[0mGET / [0m-[0m - ms - -[0m
[0mPOST /api/auth/logout [33m401[0m 0.127 ms - 101[0m
[0mPOST /api/auth/logout [33m401[0m 0.156 ms - 101[0m
[0mPOST /api/auth/logout [33m401[0m 0.152 ms - 101[0m
[0mGET / [0m-[0m - ms - -[0m
[0mGET / [0m-[0m - ms - -[0m
[0mGET / [0m-[0m - ms - -[0m
[0mGET / [0m-[0m - ms - -[0m
[0mGET / [0m-[0m - ms - -[0m
[0mGET / [0m-[0m - ms - -[0m
[0mGET / [0m-[0m - ms - -[0m
[0mGET / [0m-[0m - ms - -[0m
[0mGET / [0m-[0m - ms - -[0m
[0mPOST /api/auth/refresh [33m401[0m 0.230 ms - 101[0m
[0mGET / [0m-[0m - ms - -[0m
[0mGET / [0m-[0m - ms - -[0m
[0mGET / [0m-[0m - ms - -[0m
[0mPOST /api/auth/logout [33m401[0m 0.164 ms - 101[0m
[0mPOST /api/auth/logout [33m401[0m 0.132 ms - 101[0m
[0mPOST /api/auth/logout [33m401[0m 0.123 ms - 101[0m
[0mPOST /api/auth/refresh [33m401[0m 0.242 ms - 101[0m
[0mGET / [0m-[0m - ms - -[0m
[0mGET / [0m-[0m - ms - -[0m
[0mPOST /api/auth/logout [33m401[0m 0.155 ms - 101[0m
[0mPOST /api/auth/logout [33m401[0m 0.138 ms - 101[0m
[0mPOST /api/auth/logout [33m401[0m 0.135 ms - 101[0m
[0mGET / [32m200[0m 2.707 ms - 21770[0m
[0mPOST /api/auth/refresh [33m401[0m 0.231 ms - 101[0m
[0mPOST /api/auth/logout [33m401[0m 0.165 ms - 101[0m
[0mPOST /api/auth/logout [33m401[0m 0.168 ms - 101[0m
[0mPOST /api/auth/logout [33m401[0m 0.139 ms - 101[0m
[0mGET / [32m200[0m 1.110 ms - 21770[0m
[0mPOST /api/auth/refresh [33m401[0m 0.266 ms - 101[0m
[0mGET / [32m200[0m 1.194 ms - 21770[0m
[0mPOST /api/auth/logout [33m401[0m 0.196 ms - 101[0m
[0mPOST /api/auth/logout [33m401[0m 0.148 ms - 101[0m
[0mPOST /api/auth/logout [33m401[0m 0.200 ms - 101[0m
[0mGET / [32m200[0m 1.231 ms - 21770[0m
[0mPOST /api/auth/refresh [33m401[0m 0.298 ms - 101[0m
[0mGET / [32m200[0m 1.473 ms - 21770[0m
[0mPOST /api/auth/logout [33m401[0m 0.301 ms - 101[0m
[0mPOST /api/auth/logout [33m401[0m 0.273 ms - 101[0m
[0mPOST /api/auth/logout [33m401[0m 0.244 ms - 101[0m
[0mGET / [0m-[0m - ms - -[0m
[0mPOST /api/auth/refresh [33m401[0m 0.291 ms - 101[0m
[0mGET / [32m200[0m 2.058 ms - 21770[0m
[0mGET / [32m200[0m 1.791 ms - 21770[0m
[0mPOST /api/auth/logout [33m401[0m 0.229 ms - 101[0m
[0mPOST /api/auth/logout [33m401[0m 0.215 ms - 101[0m
[0mPOST /api/auth/logout [33m401[0m 0.183 ms - 101[0m
[0mGET / [0m-[0m - ms - -[0m
[0mPOST /api/auth/refresh [33m401[0m 0.511 ms - 101[0m
[0mGET / [32m200[0m 2.854 ms - 21770[0m
[0mPOST /api/auth/logout [33m401[0m 0.214 ms - 101[0m
[0mPOST /api/auth/logout [33m401[0m 0.237 ms - 101[0m
[0mPOST /api/auth/logout [33m401[0m 0.180 ms - 101[0m
[0mGET / [0m-[0m - ms - -[0m
[0mPOST /api/auth/refresh [33m401[0m 0.295 ms - 101[0m
[0mGET / [0m-[0m - ms - -[0m
[0mPOST /api/auth/logout [33m401[0m 0.204 ms - 101[0m
[0mGET / [32m200[0m 3.931 ms - 21770[0m
[0mPOST /api/auth/logout [33m401[0m 0.175 ms - 101[0m
[0mPOST /api/auth/refresh [33m401[0m 0.300 ms - 101[0m
[0mPOST /api/auth/logout [33m401[0m 0.150 ms - 101[0m
[0mGET / [0m-[0m - ms - -[0m
[0mGET / [0m-[0m - ms - -[0m
[0mPOST /api/auth/logout [33m401[0m 0.162 ms - 101[0m
[0mPOST /api/auth/logout [33m401[0m 0.141 ms - 101[0m
[0mGET / [32m200[0m 1.971 ms - 21770[0m
[0mPOST /api/auth/logout [33m401[0m 0.142 ms - 101[0m
[0mPOST /api/auth/refresh [33m401[0m 0.265 ms - 101[0m
[0mGET / [0m-[0m - ms - -[0m
[0mPOST /api/auth/logout [33m401[0m 0.184 ms - 101[0m
[0mGET / [32m200[0m 2.423 ms - 21770[0m
[0mPOST /api/auth/logout [33m401[0m 0.177 ms - 101[0m
[0mPOST /api/auth/logout [33m401[0m 0.151 ms - 101[0m
[0mPOST /api/auth/refresh [33m401[0m 0.287 ms - 101[0m
[0mGET / [32m200[0m 1.955 ms - 21770[0m
[0mPOST /api/auth/logout [33m401[0m 0.165 ms - 101[0m
[0mPOST /api/auth/logout [33m401[0m 0.158 ms - 101[0m
[0mGET / [32m200[0m 1.923 ms - 21770[0m
[0mPOST /api/auth/logout [33m401[0m 0.167 ms - 101[0m
[0mPOST /api/auth/refresh [33m401[0m 0.304 ms - 101[0m
[0mGET / [0m-[0m - ms - -[0m
[0mPOST /api/auth/logout [33m401[0m 0.161 ms - 101[0m
[0mGET / [32m200[0m 2.126 ms - 21770[0m
[0mPOST /api/auth/logout [33m401[0m 0.190 ms - 101[0m
[0mPOST /api/auth/logout [33m401[0m 0.144 ms - 101[0m
[0mPOST /api/auth/refresh [33m401[0m 0.250 ms - 101[0m
[0mGET / [32m200[0m 1.966 ms - 21770[0m
[0mPOST /api/auth/logout [33m401[0m 0.158 ms - 101[0m
[0mPOST /api/auth/logout [33m401[0m 0.207 ms - 101[0m
[0mPOST /api/auth/logout [33m401[0m 0.242 ms - 101[0m
[0mGET / [0m-[0m - ms - -[0m
[0mPOST /api/auth/refresh [33m401[0m 0.259 ms - 101[0m
[0mGET / [32m200[0m 1.923 ms - 21770[0m
[0mPOST /api/auth/logout [33m401[0m 0.246 ms - 101[0m
[0mPOST /api/auth/logout [33m401[0m 0.194 ms - 101[0m
[0mPOST /api/auth/logout [33m401[0m 0.186 ms - 101[0m
[0mGET / [0m-[0m - ms - -[0m
[0mPOST /api/auth/refresh [33m401[0m 0.276 ms - 101[0m
[0mGET / [32m200[0m 1.165 ms - 21770[0m
[0mPOST /api/auth/logout [33m401[0m 0.191 ms - 101[0m
[0mPOST /api/auth/logout [33m401[0m 0.141 ms - 101[0m
[0mPOST /api/auth/logout [33m401[0m 0.141 ms - 101[0m
[0mPOST /api/auth/refresh [33m401[0m 0.248 ms - 101[0m
[0mGET / [32m200[0m 2.909 ms - 21770[0m
[0mPOST /api/auth/logout [33m401[0m 0.243 ms - 101[0m
[0mGET / [32m200[0m 2.367 ms - 21770[0m
[0mPOST /api/auth/logout [33m401[0m 0.237 ms - 101[0m
[0mPOST /api/auth/logout [33m401[0m 0.225 ms - 101[0m
[0mPOST /api/auth/refresh [33m401[0m 0.394 ms - 101[0m
[0mGET / [0m-[0m - ms - -[0m
[0mPOST /api/auth/logout [33m401[0m 0.165 ms - 101[0m
[0mGET / [32m200[0m 3.156 ms - 21770[0m
[0mPOST /api/auth/logout [33m401[0m 0.148 ms - 101[0m
[0mPOST /api/auth/logout [33m401[0m 0.137 ms - 101[0m
[0mPOST /api/auth/refresh [33m401[0m 0.210 ms - 101[0m
[0mGET / [0m-[0m - ms - -[0m
[0mGET / [0m-[0m - ms - -[0m
[0mPOST /api/auth/logout [33m401[0m 0.287 ms - 101[0m
[0mPOST /api/auth/logout [33m401[0m 0.270 ms - 101[0m
[0mPOST /api/auth/refresh [33m401[0m 0.338 ms - 101[0m
[0mPOST /api/auth/logout [33m401[0m 0.210 ms - 101[0m
[0mGET / [0m-[0m - ms - -[0m
[0mPOST /api/auth/logout [33m401[0m 0.148 ms - 101[0m
[0mPOST /api/auth/logout [33m401[0m 0.231 ms - 101[0m
[0mGET / [0m-[0m - ms - -[0m
[0mPOST /api/auth/refresh [33m401[0m 0.523 ms - 101[0m
[0mGET / [0m-[0m - ms - -[0m
[0mPOST /api/auth/logout [33m401[0m 0.203 ms - 101[0m
[0mPOST /api/auth/logout [33m401[0m 0.155 ms - 101[0m
[0mGET / [32m200[0m 5.979 ms - 21770[0m
[0mPOST /api/auth/logout [33m401[0m 0.300 ms - 101[0m
[0mGET / [0m-[0m - ms - -[0m
[0mPOST /api/auth/refresh [33m401[0m 0.303 ms - 101[0m
[0mGET / [0m-[0m - ms - -[0m
[0mPOST /api/auth/logout [33m401[0m 0.245 ms - 101[0m
[0mGET / [0m-[0m - ms - -[0m
[0mPOST /api/auth/logout [33m401[0m 0.260 ms - 101[0m
[0mPOST /api/auth/logout [33m401[0m 0.203 ms - 101[0m
[0mGET / [0m-[0m - ms - -[0m
[0mPOST /api/auth/refresh [33m401[0m 0.384 ms - 101[0m
[0mGET / [0m-[0m - ms - -[0m
[0mGET / [0m-[0m - ms - -[0m
[0mPOST /api/auth/logout [33m401[0m 0.250 ms - 101[0m
[0mPOST /api/auth/logout [33m401[0m 0.170 ms - 101[0m
[0mPOST /api/auth/logout [33m401[0m 0.151 ms - 101[0m
[0mPOST /api/auth/refresh [33m401[0m 0.241 ms - 101[0m
[0mGET / [0m-[0m - ms - -[0m
[0mGET / [0m-[0m - ms - -[0m
[0mPOST /api/auth/logout [33m401[0m 0.220 ms - 101[0m
[0mPOST /api/auth/logout [33m401[0m 0.155 ms - 101[0m
[0mPOST /api/auth/logout [33m401[0m 0.192 ms - 101[0m
[0mPOST /api/auth/refresh [33m401[0m 0.283 ms - 101[0m
[0mGET / [32m200[0m 3.496 ms - 21770[0m
[0mPOST /api/auth/logout [33m401[0m 0.251 ms - 101[0m
[0mPOST /api/auth/logout [33m401[0m 0.222 ms - 101[0m
[0mGET / [32m200[0m 3.966 ms - 21770[0m
[0mPOST /api/auth/logout [33m401[0m 0.212 ms - 101[0m
[0mPOST /api/auth/refresh [33m401[0m 0.330 ms - 101[0m
[0mGET / [0m-[0m - ms - -[0m
[0mGET / [32m200[0m 2.768 ms - 21770[0m
[0mPOST /api/auth/logout [33m401[0m 0.252 ms - 101[0m
[0mPOST /api/auth/logout [33m401[0m 0.263 ms - 101[0m
[0mPOST /api/auth/logout [33m401[0m 0.177 ms - 101[0m
[0mPOST /api/auth/refresh [33m401[0m 0.349 ms - 101[0m
[0mGET / [32m200[0m 3.359 ms - 21770[0m
[0mPOST /api/auth/logout [33m401[0m 0.156 ms - 101[0m
[0mPOST /api/auth/logout [33m401[0m 0.134 ms - 101[0m
[0mPOST /api/auth/logout [33m401[0m 0.127 ms - 101[0m
[0mPOST /api/auth/refresh [33m401[0m 0.219 ms - 101[0m
[0mGET / [32m200[0m 1.831 ms - 21770[0m
[0mPOST /api/auth/logout [33m401[0m 0.143 ms - 101[0m
[0mPOST /api/auth/logout [33m401[0m 0.128 ms - 101[0m
[0mPOST /api/auth/logout [33m401[0m 0.253 ms - 101[0m
[0mGET / [0m-[0m - ms - -[0m
[0mPOST /api/auth/refresh [33m401[0m 0.425 ms - 101[0m
[0mGET / [0m-[0m - ms - -[0m
[0mPOST /api/auth/logout [33m401[0m 0.266 ms - 101[0m
[0mPOST /api/auth/logout [33m401[0m 0.254 ms - 101[0m
[0mPOST /api/auth/logout [33m401[0m 0.231 ms - 101[0m
[0mGET / [32m200[0m 4.168 ms - 21770[0m
[0mPOST /api/auth/refresh [33m401[0m 0.442 ms - 101[0m
[0mGET / [32m200[0m 3.349 ms - 21770[0m
[0mPOST /api/auth/logout [33m401[0m 0.293 ms - 101[0m
[0mPOST /api/auth/logout [33m401[0m 0.243 ms - 101[0m
[0mPOST /api/auth/logout [33m401[0m 0.302 ms - 101[0m
[0mGET / [0m-[0m - ms - -[0m
[0mPOST /api/auth/refresh [33m401[0m 0.282 ms - 101[0m
[0mGET / [0m-[0m - ms - -[0m
[0mGET / [32m200[0m 1.244 ms - 21770[0m
[0mPOST /api/auth/logout [33m401[0m 0.180 ms - 101[0m
[0mPOST /api/auth/logout [33m401[0m 0.133 ms - 101[0m
[0mPOST /api/auth/logout [33m401[0m 0.153 ms - 101[0m
[0mPOST /api/auth/refresh [33m401[0m 0.228 ms - 101[0m
[0mGET / [32m200[0m 2.661 ms - 21770[0m
[0mPOST /api/auth/logout [33m401[0m 0.143 ms - 101[0m
[0mGET / [32m200[0m 1.913 ms - 21770[0m
[0mPOST /api/auth/logout [33m401[0m 0.145 ms - 101[0m
[0mPOST /api/auth/logout [33m401[0m 0.157 ms - 101[0m
[0mPOST /api/auth/refresh [33m401[0m 0.299 ms - 101[0m
[0mGET / [32m200[0m 1.348 ms - 21770[0m
[0mPOST /api/auth/logout [33m401[0m 0.154 ms - 101[0m
[0mPOST /api/auth/logout [33m401[0m 0.202 ms - 101[0m
[0mPOST /api/auth/logout [33m401[0m 0.149 ms - 101[0m
[0mGET / [32m200[0m 2.580 ms - 21770[0m
[0mPOST /api/auth/refresh [33m401[0m 0.504 ms - 101[0m
[0mGET / [32m200[0m 3.252 ms - 21770[0m
[0mPOST /api/auth/logout [33m401[0m 0.226 ms - 101[0m
[0mGET / [32m200[0m 3.059 ms - 21770[0m
[0mPOST /api/auth/logout [33m401[0m 0.160 ms - 101[0m
[0mPOST /api/auth/logout [33m401[0m 0.145 ms - 101[0m
[0mPOST /api/auth/refresh [33m401[0m 0.330 ms - 101[0m
[0mGET / [32m200[0m 2.319 ms - 21770[0m
[0mPOST /api/auth/logout [33m401[0m 0.244 ms - 101[0m
[0mGET / [32m200[0m 2.757 ms - 21770[0m
[0mPOST /api/auth/logout [33m401[0m 0.219 ms - 101[0m
[0mPOST /api/auth/logout [33m401[0m 0.177 ms - 101[0m
[0mPOST /api/auth/refresh [33m401[0m 0.261 ms - 101[0m
[0mGET / [0m-[0m - ms - -[0m
[0mPOST /api/auth/logout [33m401[0m 0.144 ms - 101[0m
[0mGET / [32m200[0m 2.128 ms - 21770[0m
[0mPOST /api/auth/logout [33m401[0m 0.219 ms - 101[0m
[0mPOST /api/auth/logout [33m401[0m 0.134 ms - 101[0m
[0mPOST /api/auth/refresh [33m401[0m 0.310 ms - 101[0m
[0mGET / [32m200[0m 2.112 ms - 21770[0m
[0mPOST /api/auth/logout [33m401[0m 0.195 ms - 101[0m
[0mGET / [32m200[0m 2.119 ms - 21770[0m
[0mPOST /api/auth/logout [33m401[0m 0.140 ms - 101[0m
[0mPOST /api/auth/logout [33m401[0m 0.147 ms - 101[0m
[0mPOST /api/auth/refresh [33m401[0m 0.257 ms - 101[0m
[0mGET / [32m200[0m 1.927 ms - 21770[0m
[0mPOST /api/auth/logout [33m401[0m 0.248 ms - 101[0m
[0mGET / [32m200[0m 3.202 ms - 21770[0m
[0mPOST /api/auth/logout [33m401[0m 0.232 ms - 101[0m
[0mPOST /api/auth/logout [33m401[0m 0.229 ms - 101[0m
[0mPOST /api/auth/refresh [33m401[0m 0.372 ms - 101[0m
[0mPOST /api/auth/logout [33m401[0m 0.204 ms - 101[0m
[0mGET / [0m-[0m - ms - -[0m
[0mPOST /api/auth/logout [33m401[0m 0.158 ms - 101[0m
[0mGET / [0m-[0m - ms - -[0m
[0mPOST /api/auth/logout [33m401[0m 0.159 ms - 101[0m
[0mPOST /api/auth/refresh [33m401[0m 0.285 ms - 101[0m
[0mGET / [0m-[0m - ms - -[0m
[0mPOST /api/auth/logout [33m401[0m 0.194 ms - 101[0m
[0mGET / [32m200[0m 2.312 ms - 21770[0m
[0mPOST /api/auth/logout [33m401[0m 0.346 ms - 101[0m
[0mPOST /api/auth/logout [33m401[0m 0.235 ms - 101[0m
[0mPOST /api/auth/refresh [33m401[0m 0.318 ms - 101[0m
[0mGET / [32m200[0m 4.183 ms - 21770[0m
[0mGET / [0m-[0m - ms - -[0m
[0mPOST /api/auth/logout [33m401[0m 0.212 ms - 101[0m
[0mPOST /api/auth/logout [33m401[0m 0.178 ms - 101[0m
[0mPOST /api/auth/refresh [33m401[0m 0.261 ms - 101[0m
[0mPOST /api/auth/logout [33m401[0m 0.134 ms - 101[0m
[0mGET / [0m-[0m - ms - -[0m
[0mGET / [0m-[0m - ms - -[0m
[0mPOST /api/auth/logout [33m401[0m 0.175 ms - 101[0m
[0mPOST /api/auth/logout [33m401[0m 0.159 ms - 101[0m
[0mPOST /api/auth/logout [33m401[0m 0.163 ms - 101[0m
[0mGET / [0m-[0m - ms - -[0m
[0mGET / [32m200[0m 263.128 ms - 21770[0m
[0mPOST /api/auth/refresh [33m401[0m 0.269 ms - 101[0m
[0mPOST /api/auth/logout [33m401[0m 0.171 ms - 101[0m
[0mGET / [0m-[0m - ms - -[0m
[0mGET / [0m-[0m - ms - -[0m
[0mGET / [0m-[0m - ms - -[0m
[0mGET / [0m-[0m - ms - -[0m
[0mGET / [0m-[0m - ms - -[0m
[0mGET / [0m-[0m - ms - -[0m
[0mGET / [0m-[0m - ms - -[0m
[0mGET / [0m-[0m - ms - -[0m
[0mGET / [0m-[0m - ms - -[0m
[0mGET / [0m-[0m - ms - -[0m
[0mGET / [0m-[0m - ms - -[0m
[0mGET / [0m-[0m - ms - -[0m
[0mGET / [0m-[0m - ms - -[0m
[0mGET / [0m-[0m - ms - -[0m
[0mGET / [0m-[0m - ms - -[0m
[0mGET / [0m-[0m - ms - -[0m
[0mGET / [0m-[0m - ms - -[0m
[0mGET / [0m-[0m - ms - -[0m
[0mGET / [0m-[0m - ms - -[0m
[0mGET / [0m-[0m - ms - -[0m
[0mGET / [0m-[0m - ms - -[0m
[0mGET / [0m-[0m - ms - -[0m
[0mGET / [0m-[0m - ms - -[0m
[0mGET / [0m-[0m - ms - -[0m
[0mGET / [0m-[0m - ms - -[0m
[0mGET / [0m-[0m - ms - -[0m
[0mGET / [0m-[0m - ms - -[0m
[0mGET / [0m-[0m - ms - -[0m
[0mGET / [0m-[0m - ms - -[0m
[0mGET / [0m-[0m - ms - -[0m
[0mGET / [0m-[0m - ms - -[0m
[0mGET / [0m-[0m - ms - -[0m
[0mPOST /api/auth/refresh [33m401[0m 0.248 ms - 101[0m
[0mPOST /api/auth/logout [33m401[0m 0.180 ms - 101[0m
[0mPOST /api/auth/logout [33m401[0m 0.110 ms - 101[0m
[0mGET / [0m-[0m - ms - -[0m
[0mGET / [0m-[0m - ms - -[0m
[0mGET / [0m-[0m - ms - -[0m
[0mGET / [0m-[0m - ms - -[0m
[0mGET / [0m-[0m - ms - -[0m
[0mGET / [0m-[0m - ms - -[0m
[0mGET / [0m-[0m - ms - -[0m
[0mGET / [0m-[0m - ms - -[0m
[0mGET / [32m200[0m 10.292 ms - 21770[0m
[0mPOST /api/auth/logout [33m401[0m 0.213 ms - 101[0m
[0mPOST /api/auth/refresh [33m401[0m 0.266 ms - 101[0m
[0mGET / [32m200[0m 1.133 ms - 21770[0m
[0mPOST /api/auth/logout [33m401[0m 0.143 ms - 101[0m
[0mPOST /api/auth/logout [33m401[0m 0.139 ms - 101[0m
[0mPOST /api/auth/logout [33m401[0m 0.130 ms - 101[0m
[0mPOST /api/auth/refresh [33m401[0m 0.276 ms - 101[0m
[0mPOST /api/auth/logout [33m401[0m 0.150 ms - 101[0m
[0mPOST /api/auth/logout [33m401[0m 0.141 ms - 101[0m
[0mPOST /api/auth/logout [33m401[0m 0.122 ms - 101[0m
[0mPOST /api/auth/refresh [33m401[0m 0.264 ms - 101[0m
[0mGET / [32m200[0m 1.418 ms - 21770[0m
[0mPOST /api/auth/logout [33m401[0m 0.178 ms - 101[0m
[0mPOST /api/auth/logout [33m401[0m 0.166 ms - 101[0m
[0mPOST /api/auth/logout [33m401[0m 0.191 ms - 101[0m
[0mGET / [32m200[0m 2.047 ms - 21770[0m
[0mPOST /api/auth/refresh [33m401[0m 0.294 ms - 101[0m
[0mGET / [32m200[0m 1.197 ms - 21770[0m
[0mPOST /api/auth/logout [33m401[0m 0.198 ms - 101[0m
[0mPOST /api/auth/logout [33m401[0m 0.169 ms - 101[0m
[0mPOST /api/auth/logout [33m401[0m 0.281 ms - 101[0m
[0mGET / [0m-[0m - ms - -[0m
[0mPOST /api/auth/refresh [33m401[0m 0.298 ms - 101[0m
[0mGET / [0m-[0m - ms - -[0m
[0mPOST /api/auth/logout [33m401[0m 0.265 ms - 101[0m
[0mGET / [32m200[0m 2.867 ms - 21770[0m
[0mPOST /api/auth/logout [33m401[0m 0.208 ms - 101[0m
[0mPOST /api/auth/logout [33m401[0m 0.202 ms - 101[0m
[0mPOST /api/auth/refresh [33m401[0m 0.294 ms - 101[0m
[0mGET / [32m200[0m 2.197 ms - 21770[0m
[0mPOST /api/auth/logout [33m401[0m 0.150 ms - 101[0m
[0mGET / [32m200[0m 1.829 ms - 21770[0m
[0mPOST /api/auth/logout [33m401[0m 0.158 ms - 101[0m
[0mPOST /api/auth/logout [33m401[0m 0.126 ms - 101[0m
[0mPOST /api/auth/refresh [33m401[0m 0.295 ms - 101[0m
[0mGET / [32m200[0m 1.270 ms - 21770[0m
[0mPOST /api/auth/logout [33m401[0m 0.148 ms - 101[0m
[0mPOST /api/auth/logout [33m401[0m 0.211 ms - 101[0m
[0mPOST /api/auth/logout [33m401[0m 0.199 ms - 101[0m
[0mPOST /api/auth/refresh [33m401[0m 0.286 ms - 101[0m
[0mGET / [32m200[0m 1.860 ms - 21770[0m
[0mPOST /api/auth/logout [33m401[0m 0.239 ms - 101[0m
[0mPOST /api/auth/logout [33m401[0m 0.141 ms - 101[0m
[0mPOST /api/auth/logout [33m401[0m 0.146 ms - 101[0m
[0mGET / [0m-[0m - ms - -[0m
[0mPOST /api/auth/refresh [33m401[0m 0.330 ms - 101[0m
[0mGET / [32m200[0m 1.633 ms - 21770[0m
[0mPOST /api/auth/logout [33m401[0m 0.228 ms - 101[0m
[0mPOST /api/auth/logout [33m401[0m 0.169 ms - 101[0m
[0mPOST /api/auth/logout [33m401[0m 0.179 ms - 101[0m
[0mGET / [32m200[0m 3.348 ms - 21770[0m
[0mPOST /api/auth/refresh [33m401[0m 0.437 ms - 101[0m
[0mGET / [0m-[0m - ms - -[0m
[0mGET / [32m200[0m 3.146 ms - 21770[0m
[0mPOST /api/auth/logout [33m401[0m 0.223 ms - 101[0m
[0mPOST /api/auth/logout [33m401[0m 0.156 ms - 101[0m
[0mPOST /api/auth/logout [33m401[0m 0.152 ms - 101[0m
[0mPOST /api/auth/refresh [33m401[0m 0.243 ms - 101[0m
[0mGET / [32m200[0m 1.932 ms - 21770[0m
[0mPOST /api/auth/logout [33m401[0m 0.251 ms - 101[0m
[0mGET / [32m200[0m 2.980 ms - 21770[0m
[0mPOST /api/auth/logout [33m401[0m 0.255 ms - 101[0m
[0mPOST /api/auth/logout [33m401[0m 0.151 ms - 101[0m
[0mPOST /api/auth/refresh [33m401[0m 0.300 ms - 101[0m
[0mGET / [32m200[0m 3.676 ms - 21770[0m
[0mPOST /api/auth/logout [33m401[0m 0.240 ms - 101[0m
[0mGET / [32m200[0m 3.338 ms - 21770[0m
[0mPOST /api/auth/logout [33m401[0m 0.164 ms - 101[0m
[0mPOST /api/auth/logout [33m401[0m 0.142 ms - 101[0m
[0mPOST /api/auth/refresh [33m401[0m 0.315 ms - 101[0m
[0mGET / [0m-[0m - ms - -[0m
[0mPOST /api/auth/logout [33m401[0m 0.238 ms - 101[0m
[0mGET / [32m200[0m 2.755 ms - 21770[0m
[0mPOST /api/auth/logout [33m401[0m 0.221 ms - 101[0m
[0mPOST /api/auth/logout [33m401[0m 0.195 ms - 101[0m
[0mPOST /api/auth/refresh [33m401[0m 0.354 ms - 101[0m
[0mGET / [0m-[0m - ms - -[0m
[0mPOST /api/auth/logout [33m401[0m 0.165 ms - 101[0m
[0mPOST /api/auth/logout [33m401[0m 0.134 ms - 101[0m
[0mGET / [0m-[0m - ms - -[0m
[0mPOST /api/auth/logout [33m401[0m 0.133 ms - 101[0m
[0mPOST /api/auth/refresh [33m401[0m 0.328 ms - 101[0m
[0mGET / [32m200[0m 3.299 ms - 21770[0m
[0mPOST /api/auth/logout [33m401[0m 0.200 ms - 101[0m
[0mGET / [0m-[0m - ms - -[0m
[0mPOST /api/auth/logout [33m401[0m 0.168 ms - 101[0m
[0mPOST /api/auth/logout [33m401[0m 0.133 ms - 101[0m
[0mPOST /api/auth/refresh [33m401[0m 0.267 ms - 101[0m
[0mGET / [0m-[0m - ms - -[0m
[0mGET / [32m200[0m 2.137 ms - 21770[0m
[0mPOST /api/auth/logout [33m401[0m 0.151 ms - 101[0m
[0mPOST /api/auth/logout [33m401[0m 0.132 ms - 101[0m
[0mPOST /api/auth/logout [33m401[0m 0.181 ms - 101[0m
[0mPOST /api/auth/refresh [33m401[0m 0.360 ms - 101[0m
[0mGET / [32m200[0m 2.187 ms - 21770[0m
[0mPOST /api/auth/logout [33m401[0m 0.223 ms - 101[0m
[0mPOST /api/auth/logout [33m401[0m 0.202 ms - 101[0m
[0mGET / [32m200[0m 1.754 ms - 21770[0m
[0mPOST /api/auth/logout [33m401[0m 0.265 ms - 101[0m
[0mPOST /api/auth/refresh [33m401[0m 0.304 ms - 101[0m
[0mGET / [32m200[0m 1.420 ms - 21770[0m
[0mPOST /api/auth/logout [33m401[0m 0.173 ms - 101[0m
[0mPOST /api/auth/logout [33m401[0m 0.162 ms - 101[0m
[0mPOST /api/auth/logout [33m401[0m 0.226 ms - 101[0m
[0mPOST /api/auth/refresh [33m401[0m 0.236 ms - 101[0m
[0mGET / [32m200[0m 1.860 ms - 21770[0m
[0mPOST /api/auth/logout [33m401[0m 0.164 ms - 101[0m
[0mPOST /api/auth/logout [33m401[0m 0.147 ms - 101[0m
[0mPOST /api/auth/logout [33m401[0m 0.139 ms - 101[0m
[0mPOST /api/auth/refresh [33m401[0m 0.315 ms - 101[0m
[0mPOST /api/auth/logout [33m401[0m 0.281 ms - 101[0m
[0mPOST /api/auth/logout [33m401[0m 0.204 ms - 101[0m
[0mPOST /api/auth/logout [33m401[0m 0.147 ms - 101[0m
[0mGET / [32m200[0m 1.203 ms - 21770[0m
[0mPOST /api/auth/refresh [33m401[0m 0.264 ms - 101[0m
[0mPOST /api/auth/logout [33m401[0m 0.180 ms - 101[0m
[0mPOST /api/auth/logout [33m401[0m 0.129 ms - 101[0m
[0mGET / [32m200[0m 1.894 ms - 21770[0m
[0mPOST /api/auth/logout [33m401[0m 0.148 ms - 101[0m
[0mPOST /api/auth/refresh [33m401[0m 0.377 ms - 101[0m
[0mPOST /api/auth/logout [33m401[0m 0.273 ms - 101[0m
[0mGET / [32m200[0m 3.026 ms - 21770[0m
[0mPOST /api/auth/logout [33m401[0m 0.174 ms - 101[0m
[0mPOST /api/auth/logout [33m401[0m 0.203 ms - 101[0m
[0mPOST /api/auth/refresh [33m401[0m 0.307 ms - 101[0m
[0mGET / [0m-[0m - ms - -[0m
[0mGET / [32m200[0m 2.805 ms - 21770[0m
[0mPOST /api/auth/logout [33m401[0m 0.156 ms - 101[0m
[0mPOST /api/auth/logout [33m401[0m 0.128 ms - 101[0m
[0mPOST /api/auth/logout [33m401[0m 0.134 ms - 101[0m
[0mGET / [0m-[0m - ms - -[0m
[0mPOST /api/auth/refresh [33m401[0m 0.289 ms - 101[0m
[0mGET / [0m-[0m - ms - -[0m
[0mGET / [0m-[0m - ms - -[0m
[0mPOST /api/auth/logout [33m401[0m 0.155 ms - 101[0m
[0mPOST /api/auth/logout [33m401[0m 0.195 ms - 101[0m
[0mPOST /api/auth/logout [33m401[0m 0.170 ms - 101[0m
[0mGET / [0m-[0m - ms - -[0m
[0mPOST /api/auth/refresh [33m401[0m 0.294 ms - 101[0m
[0mGET / [0m-[0m - ms - -[0m
[0mGET / [32m200[0m 1.863 ms - 21770[0m
[0mPOST /api/auth/logout [33m401[0m 0.182 ms - 101[0m
[0mPOST /api/auth/logout [33m401[0m 0.137 ms - 101[0m
[0mPOST /api/auth/logout [33m401[0m 0.136 ms - 101[0m
[0mPOST /api/auth/refresh [33m401[0m 0.420 ms - 101[0m
[0mGET / [32m200[0m 2.292 ms - 21770[0m
[0mPOST /api/auth/logout [33m401[0m 0.211 ms - 101[0m
[0mGET / [32m200[0m 2.184 ms - 21770[0m
[0mPOST /api/auth/logout [33m401[0m 0.198 ms - 101[0m
[0mPOST /api/auth/logout [33m401[0m 0.180 ms - 101[0m
[0mPOST /api/auth/refresh [33m401[0m 0.293 ms - 101[0m
[0mGET / [32m200[0m 1.949 ms - 21770[0m
[0mPOST /api/auth/logout [33m401[0m 0.192 ms - 101[0m
[0mGET / [32m200[0m 2.690 ms - 21770[0m
[0mPOST /api/auth/logout [33m401[0m 0.230 ms - 101[0m
[0mPOST /api/auth/logout [33m401[0m 0.192 ms - 101[0m
[0mPOST /api/auth/refresh [33m401[0m 0.518 ms - 101[0m
[0mGET / [0m-[0m - ms - -[0m
[0mGET / [32m200[0m 2.944 ms - 21770[0m
[0mPOST /api/auth/logout [33m401[0m 0.219 ms - 101[0m
[0mPOST /api/auth/logout [33m401[0m 0.203 ms - 101[0m
[0mPOST /api/auth/logout [33m401[0m 0.177 ms - 101[0m
[0mGET / [0m-[0m - ms - -[0m
[0mPOST /api/auth/refresh [33m401[0m 0.312 ms - 101[0m
[0mGET / [32m200[0m 2.113 ms - 21770[0m
[0mPOST /api/auth/logout [33m401[0m 0.142 ms - 101[0m
[0mPOST /api/auth/logout [33m401[0m 0.116 ms - 101[0m
[0mPOST /api/auth/logout [33m401[0m 0.150 ms - 101[0m
[0mGET / [0m-[0m - ms - -[0m
[0mPOST /api/auth/refresh [33m401[0m 0.275 ms - 101[0m
[0mGET / [32m200[0m 1.153 ms - 21770[0m
[0mPOST /api/auth/logout [33m401[0m 0.237 ms - 101[0m
[0mGET / [32m200[0m 1.194 ms - 21770[0m
[0mPOST /api/auth/logout [33m401[0m 0.169 ms - 101[0m
[0mPOST /api/auth/logout [33m401[0m 0.125 ms - 101[0m
[0mPOST /api/auth/refresh [33m401[0m 0.272 ms - 101[0m
[0mGET / [0m-[0m - ms - -[0m
[0mGET / [0m-[0m - ms - -[0m
[0mPOST /api/auth/logout [33m401[0m 0.140 ms - 101[0m
[0mPOST /api/auth/logout [33m401[0m 0.151 ms - 101[0m
[0mPOST /api/auth/logout [33m401[0m 0.140 ms - 101[0m
[0mPOST /api/auth/refresh [33m401[0m 0.234 ms - 101[0m
[0mGET / [32m200[0m 1.896 ms - 21770[0m
[0mGET / [0m-[0m - ms - -[0m
[0mPOST /api/auth/logout [33m401[0m 0.139 ms - 101[0m
[0mPOST /api/auth/logout [33m401[0m 0.136 ms - 101[0m
[0mPOST /api/auth/logout [33m401[0m 0.133 ms - 101[0m
[0mGET / [32m200[0m 1.895 ms - 21770[0m
[0mPOST /api/auth/refresh [33m401[0m 0.258 ms - 101[0m
[0mGET / [0m-[0m - ms - -[0m
[0mPOST /api/auth/logout [33m401[0m 0.137 ms - 101[0m
[0mGET / [32m200[0m 1.744 ms - 21770[0m
[0mPOST /api/auth/logout [33m401[0m 0.133 ms - 101[0m
[0mPOST /api/auth/logout [33m401[0m 0.126 ms - 101[0m
[0mPOST /api/auth/refresh [33m401[0m 0.346 ms - 101[0m
[0mGET / [0m-[0m - ms - -[0m
[0mPOST /api/auth/logout [33m401[0m 0.217 ms - 101[0m
[0mGET / [32m200[0m 2.550 ms - 21770[0m
[0mPOST /api/auth/logout [33m401[0m 0.153 ms - 101[0m
[0mPOST /api/auth/logout [33m401[0m 0.136 ms - 101[0m
[0mPOST /api/auth/refresh [33m401[0m 0.243 ms - 101[0m
[0mPOST /api/auth/logout [33m401[0m 0.170 ms - 101[0m
[0mPOST /api/auth/logout [33m401[0m 0.159 ms - 101[0m
[0mPOST /api/auth/logout [33m401[0m 0.145 ms - 101[0m
[0mPOST /api/auth/refresh [33m401[0m 0.247 ms - 101[0m
[0mGET / [32m200[0m 1.314 ms - 21770[0m
[0mPOST /api/auth/logout [33m401[0m 0.207 ms - 101[0m
[0mPOST /api/auth/logout [33m401[0m 0.158 ms - 101[0m
[0mPOST /api/auth/logout [33m401[0m 0.159 ms - 101[0m
[0mGET / [0m-[0m - ms - -[0m
[0mPOST /api/auth/refresh [33m401[0m 0.257 ms - 101[0m
[0mGET / [32m200[0m 1.013 ms - 21770[0m
[0mPOST /api/auth/logout [33m401[0m 0.152 ms - 101[0m
[0mGET / [32m200[0m 1.264 ms - 21770[0m
[0mPOST /api/auth/logout [33m401[0m 0.156 ms - 101[0m
[0mPOST /api/auth/logout [33m401[0m 0.125 ms - 101[0m
[0mPOST /api/auth/refresh [33m401[0m 0.314 ms - 101[0m
[0mGET / [0m-[0m - ms - -[0m
[0mPOST /api/auth/logout [33m401[0m 0.192 ms - 101[0m
[0mGET / [32m200[0m 2.544 ms - 21770[0m
[0mPOST /api/auth/logout [33m401[0m 0.260 ms - 101[0m
[0mPOST /api/auth/logout [33m401[0m 0.180 ms - 101[0m
[0mPOST /api/auth/refresh [33m401[0m 0.271 ms - 101[0m
[0mGET / [0m-[0m - ms - -[0m
[0mPOST /api/auth/logout [33m401[0m 0.146 ms - 101[0m
[0mGET / [32m200[0m 1.916 ms - 21770[0m
[0mPOST /api/auth/logout [33m401[0m 0.159 ms - 101[0m
[0mPOST /api/auth/logout [33m401[0m 0.125 ms - 101[0m
[0mPOST /api/auth/refresh [33m401[0m 0.249 ms - 101[0m
[0mGET / [0m-[0m - ms - -[0m
[0mPOST /api/auth/logout [33m401[0m 0.184 ms - 101[0m
[0mGET / [32m200[0m 3.414 ms - 21770[0m
[0mPOST /api/auth/logout [33m401[0m 0.138 ms - 101[0m
[0mPOST /api/auth/logout [33m401[0m 0.122 ms - 101[0m
[0mPOST /api/auth/refresh [33m401[0m 0.210 ms - 101[0m
[0mGET / [0m-[0m - ms - -[0m
[0mPOST /api/auth/logout [33m401[0m 0.142 ms - 101[0m
[0mGET / [32m200[0m 1.111 ms - 21770[0m
[0mPOST /api/auth/logout [33m401[0m 0.158 ms - 101[0m
[0mPOST /api/auth/logout [33m401[0m 0.121 ms - 101[0m
[0mPOST /api/auth/refresh [33m401[0m 0.261 ms - 101[0m
[0mGET / [0m-[0m - ms - -[0m
[0mPOST /api/auth/logout [33m401[0m 0.142 ms - 101[0m
[0mPOST /api/auth/logout [33m401[0m 0.161 ms - 101[0m
[0mPOST /api/auth/logout [33m401[0m 0.184 ms - 101[0m
[0mPOST /api/auth/refresh [33m401[0m 0.355 ms - 101[0m
[0mGET / [0m-[0m - ms - -[0m
[0mGET / [0m-[0m - ms - -[0m
[0mGET / [0m-[0m - ms - -[0m
[0mGET / [0m-[0m - ms - -[0m
[0mGET / [0m-[0m - ms - -[0m
[0mGET / [0m-[0m - ms - -[0m
[0mGET / [0m-[0m - ms - -[0m
[0mGET / [0m-[0m - ms - -[0m
[0mGET / [0m-[0m - ms - -[0m
[0mGET / [0m-[0m - ms - -[0m
[0mGET / [0m-[0m - ms - -[0m
[0mGET / [0m-[0m - ms - -[0m
[0mGET / [0m-[0m - ms - -[0m
[0mGET / [0m-[0m - ms - -[0m
[0mGET / [0m-[0m - ms - -[0m
[0mGET / [0m-[0m - ms - -[0m
[0mGET / [0m-[0m - ms - -[0m
[0mGET / [0m-[0m - ms - -[0m
[0mGET / [0m-[0m - ms - -[0m
[0mGET / [0m-[0m - ms - -[0m
[0mGET / [0m-[0m - ms - -[0m
[0mGET / [0m-[0m - ms - -[0m
[0mGET / [0m-[0m - ms - -[0m
[0mGET / [0m-[0m - ms - -[0m
[0mGET / [0m-[0m - ms - -[0m
[0mGET / [0m-[0m - ms - -[0m
[0mGET / [0m-[0m - ms - -[0m
[0mGET / [0m-[0m - ms - -[0m
[0mGET / [0m-[0m - ms - -[0m
[0mGET / [0m-[0m - ms - -[0m
[0mGET / [0m-[0m - ms - -[0m
[0mPOST /api/auth/logout [33m401[0m 0.132 ms - 101[0m
[0mPOST /api/auth/logout [33m401[0m 0.183 ms - 101[0m
[0mPOST /api/auth/logout [33m401[0m 0.223 ms - 101[0m
[0mGET / [0m-[0m - ms - -[0m
[0mGET / [0m-[0m - ms - -[0m
[0mGET / [0m-[0m - ms - -[0m
[0mGET / [0m-[0m - ms - -[0m
[0mGET / [0m-[0m - ms - -[0m
[0mGET / [0m-[0m - ms - -[0m
[0mGET / [0m-[0m - ms - -[0m
[0mGET / [0m-[0m - ms - -[0m
[0mGET / [0m-[0m - ms - -[0m
[0mGET / [0m-[0m - ms - -[0m
[0mGET / [0m-[0m - ms - -[0m
[0mGET / [0m-[0m - ms - -[0m
[0mGET / [0m-[0m - ms - -[0m
[0mGET / [0m-[0m - ms - -[0m
[0mGET / [0m-[0m - ms - -[0m
[0mGET / [0m-[0m - ms - -[0m
[0mGET / [0m-[0m - ms - -[0m
[0mGET / [0m-[0m - ms - -[0m
[0mGET / [0m-[0m - ms - -[0m
[0mGET / [0m-[0m - ms - -[0m
[0mPOST /api/auth/refresh [33m401[0m 0.265 ms - 101[0m
[0mGET / [0m-[0m - ms - -[0m
[0mGET / [0m-[0m - ms - -[0m
[0mGET / [0m-[0m - ms - -[0m
[0mPOST /api/auth/logout [33m401[0m 0.158 ms - 101[0m
[0mPOST /api/auth/logout [33m401[0m 0.226 ms - 101[0m
[0mPOST /api/auth/logout [33m401[0m 0.162 ms - 101[0m
[0mGET / [0m-[0m - ms - -[0m
[0mGET / [0m-[0m - ms - -[0m
[0mPOST /api/auth/refresh [33m401[0m 0.318 ms - 101[0m
[0mGET / [32m200[0m 4.417 ms - 21770[0m
[0mPOST /api/auth/logout [33m401[0m 0.187 ms - 101[0m
[0mPOST /api/auth/logout [33m401[0m 0.124 ms - 101[0m
[0mPOST /api/auth/logout [33m401[0m 0.146 ms - 101[0m
[0mPOST /api/auth/refresh [33m401[0m 0.321 ms - 101[0m
[0mPOST /api/auth/logout [33m401[0m 0.247 ms - 101[0m
[0mPOST /api/auth/logout [33m401[0m 0.235 ms - 101[0m
[0mPOST /api/auth/logout [33m401[0m 0.204 ms - 101[0m
[0mPOST /api/auth/refresh [33m401[0m 0.363 ms - 101[0m
[0mGET / [32m200[0m 1.455 ms - 21770[0m
[0mPOST /api/auth/logout [33m401[0m 0.181 ms - 101[0m
[0mPOST /api/auth/logout [33m401[0m 0.126 ms - 101[0m
[0mPOST /api/auth/logout [33m401[0m 0.115 ms - 101[0m
[0mGET / [0m-[0m - ms - -[0m
[0mPOST /api/auth/refresh [33m401[0m 0.409 ms - 101[0m
[0mGET / [32m200[0m 1.122 ms - 21770[0m
[0mPOST /api/auth/logout [33m401[0m 0.295 ms - 101[0m
[0mPOST /api/auth/logout [33m401[0m 0.151 ms - 101[0m
[0mPOST /api/auth/logout [33m401[0m 0.128 ms - 101[0m
[0mGET / [32m200[0m 1.478 ms - 21770[0m
[0mPOST /api/auth/refresh [33m401[0m 0.340 ms - 101[0m
[0mGET / [0m-[0m - ms - -[0m
[0mPOST /api/auth/logout [33m401[0m 0.222 ms - 101[0m
[0mPOST /api/auth/logout [33m401[0m 0.175 ms - 101[0m
[0mPOST /api/auth/logout [33m401[0m 0.205 ms - 101[0m
[0mPOST /api/auth/refresh [33m401[0m 0.378 ms - 101[0m
[0mGET / [32m200[0m 3.486 ms - 21770[0m
[0mPOST /api/auth/logout [33m401[0m 0.136 ms - 101[0m
[0mPOST /api/auth/logout [33m401[0m 0.170 ms - 101[0m
[0mPOST /api/auth/logout [33m401[0m 0.199 ms - 101[0m
[0mPOST /api/auth/refresh [33m401[0m 0.304 ms - 101[0m
[0mGET / [0m-[0m - ms - -[0m
[0mPOST /api/auth/logout [33m401[0m 0.199 ms - 101[0m
[0mGET / [32m200[0m 2.841 ms - 21770[0m
[0mPOST /api/auth/logout [33m401[0m 0.186 ms - 101[0m
[0mPOST /api/auth/logout [33m401[0m 0.158 ms - 101[0m
[0mPOST /api/auth/refresh [33m401[0m 0.306 ms - 101[0m
[0mGET / [0m-[0m - ms - -[0m
[0mPOST /api/auth/logout [33m401[0m 0.203 ms - 101[0m
[0mGET / [0m-[0m - ms - -[0m
[0mPOST /api/auth/logout [33m401[0m 0.161 ms - 101[0m
[0mPOST /api/auth/logout [33m401[0m 0.158 ms - 101[0m
[0mPOST /api/auth/refresh [33m401[0m 0.273 ms - 101[0m
[0mGET / [0m-[0m - ms - -[0m
[0mPOST /api/auth/logout [33m401[0m 0.172 ms - 101[0m
[0mGET / [0m-[0m - ms - -[0m
[0mPOST /api/auth/logout [33m401[0m 0.166 ms - 101[0m
[0mPOST /api/auth/logout [33m401[0m 0.161 ms - 101[0m
[0mGET / [0m-[0m - ms - -[0m
[0mPOST /api/auth/refresh [33m401[0m 0.279 ms - 101[0m
[0mGET / [0m-[0m - ms - -[0m
[0mPOST /api/auth/logout [33m401[0m 0.212 ms - 101[0m
[0mPOST /api/auth/logout [33m401[0m 0.155 ms - 101[0m
[0mGET / [32m200[0m 3.898 ms - 21770[0m
[0mPOST /api/auth/refresh [33m401[0m 0.269 ms - 101[0m
[0mPOST /api/auth/logout [33m401[0m 0.133 ms - 101[0m
[0mGET / [0m-[0m - ms - -[0m
[0mGET / [0m-[0m - ms - -[0m
[0mPOST /api/auth/logout [33m401[0m 0.146 ms - 101[0m
[0mPOST /api/auth/logout [33m401[0m 0.153 ms - 101[0m
[0mPOST /api/auth/refresh [33m401[0m 0.290 ms - 101[0m
[0mGET / [0m-[0m - ms - -[0m
[0mGET / [0m-[0m - ms - -[0m
[0mGET / [32m200[0m 3.415 ms - 21770[0m
[0mPOST /api/auth/logout [33m401[0m 0.200 ms - 101[0m
[0mPOST /api/auth/logout [33m401[0m 0.205 ms - 101[0m
[0mPOST /api/auth/logout [33m401[0m 0.192 ms - 101[0m
[0mPOST /api/auth/refresh [33m401[0m 0.320 ms - 101[0m
[0mGET / [32m200[0m 2.492 ms - 21770[0m
[0mPOST /api/auth/logout [33m401[0m 0.233 ms - 101[0m
[0mPOST /api/auth/logout [33m401[0m 0.197 ms - 101[0m
[0mPOST /api/auth/logout [33m401[0m 0.190 ms - 101[0m
[0mPOST /api/auth/refresh [33m401[0m 0.297 ms - 101[0m
[0mGET / [32m200[0m 3.626 ms - 21770[0m
[0mPOST /api/auth/logout [33m401[0m 0.232 ms - 101[0m
[0mPOST /api/auth/logout [33m401[0m 0.133 ms - 101[0m
[0mGET / [0m-[0m - ms - -[0m
[0mPOST /api/auth/refresh [33m401[0m 0.240 ms - 101[0m
[0mPOST /api/auth/logout [33m401[0m 0.147 ms - 101[0m
[0mGET / [32m200[0m 2.551 ms - 21770[0m
[0mPOST /api/auth/logout [33m401[0m 0.140 ms - 101[0m
[0mGET / [32m200[0m 2.130 ms - 21770[0m
[0mPOST /api/auth/logout [33m401[0m 0.153 ms - 101[0m
[0mPOST /api/auth/refresh [33m401[0m 0.246 ms - 101[0m
[0mGET / [0m-[0m - ms - -[0m
[0mPOST /api/auth/logout [33m401[0m 0.168 ms - 101[0m
[0mGET / [32m200[0m 2.067 ms - 21770[0m
[0mPOST /api/auth/logout [33m401[0m 0.146 ms - 101[0m
[0mPOST /api/auth/logout [33m401[0m 0.120 ms - 101[0m
[0mPOST /api/auth/refresh [33m401[0m 0.274 ms - 101[0m
[0mPOST /api/auth/logout [33m401[0m 0.224 ms - 101[0m
[0mPOST /api/auth/logout [33m401[0m 0.193 ms - 101[0m
[0mPOST /api/auth/logout [33m401[0m 0.186 ms - 101[0m
[0mGET / [32m200[0m 3.658 ms - 21770[0m
[0mPOST /api/auth/refresh [33m401[0m 0.366 ms - 101[0m
[0mGET / [0m-[0m - ms - -[0m
[0mGET / [0m-[0m - ms - -[0m
[0mPOST /api/auth/logout [33m401[0m 0.208 ms - 101[0m
[0mPOST /api/auth/logout [33m401[0m 0.213 ms - 101[0m
[0mPOST /api/auth/logout [33m401[0m 0.126 ms - 101[0m
[0mGET / [32m200[0m 3.087 ms - 21770[0m
[0mPOST /api/auth/refresh [33m401[0m 0.267 ms - 101[0m
[0mGET / [0m-[0m - ms - -[0m
[0mPOST /api/auth/logout [33m401[0m 0.158 ms - 101[0m
[0mGET / [32m200[0m 2.047 ms - 21770[0m
[0mPOST /api/auth/logout [33m401[0m 0.153 ms - 101[0m
[0mPOST /api/auth/logout [33m401[0m 0.144 ms - 101[0m
[0mPOST /api/auth/refresh [33m401[0m 0.228 ms - 101[0m
[0mGET / [32m200[0m 1.884 ms - 21770[0m
[0mPOST /api/auth/logout [33m401[0m 0.243 ms - 101[0m
[0mPOST /api/auth/logout [33m401[0m 0.148 ms - 101[0m
[0mPOST /api/auth/logout [33m401[0m 0.126 ms - 101[0m
[0mPOST /api/auth/refresh [33m401[0m 0.246 ms - 101[0m
[0mGET / [32m200[0m 2.119 ms - 21770[0m
[0mPOST /api/auth/logout [33m401[0m 0.176 ms - 101[0m
[0mPOST /api/auth/logout [33m401[0m 0.255 ms - 101[0m
[0mGET / [32m200[0m 3.578 ms - 21770[0m
[0mPOST /api/auth/logout [33m401[0m 0.192 ms - 101[0m
[0mGET / [0m-[0m - ms - -[0m
[0mPOST /api/auth/refresh [33m401[0m 0.278 ms - 101[0m
[0mGET / [0m-[0m - ms - -[0m
[0mPOST /api/auth/logout [33m401[0m 0.172 ms - 101[0m
[0mPOST /api/auth/logout [33m401[0m 0.159 ms - 101[0m
[0mPOST /api/auth/logout [33m401[0m 0.139 ms - 101[0m
[0mGET / [32m200[0m 1.962 ms - 21770[0m
[0mPOST /api/auth/refresh [33m401[0m 0.290 ms - 101[0m
[0mGET / [32m200[0m 2.212 ms - 21770[0m
[0mPOST /api/auth/logout [33m401[0m 0.184 ms - 101[0m
[0mGET / [32m200[0m 2.023 ms - 21770[0m
[0mPOST /api/auth/logout [33m401[0m 0.244 ms - 101[0m
[0mPOST /api/auth/logout [33m401[0m 0.143 ms - 101[0m
[0mGET / [0m-[0m - ms - -[0m
[0mPOST /api/auth/refresh [33m401[0m 0.260 ms - 101[0m
[0mGET / [32m200[0m 1.089 ms - 21770[0m
[0mPOST /api/auth/logout [33m401[0m 0.154 ms - 101[0m
[0mPOST /api/auth/logout [33m401[0m 0.172 ms - 101[0m
[0mPOST /api/auth/logout [33m401[0m 0.147 ms - 101[0m
[0mPOST /api/auth/refresh [33m401[0m 0.374 ms - 101[0m
[0mGET / [32m200[0m 2.672 ms - 21770[0m
[0mPOST /api/auth/logout [33m401[0m 0.182 ms - 101[0m
[0mGET / [32m200[0m 2.465 ms - 21770[0m
[0mPOST /api/auth/logout [33m401[0m 0.165 ms - 101[0m
[0mPOST /api/auth/logout [33m401[0m 0.150 ms - 101[0m
[0mPOST /api/auth/refresh [33m401[0m 0.250 ms - 101[0m
[0mGET / [0m-[0m - ms - -[0m
[0mPOST /api/auth/logout [33m401[0m 0.162 ms - 101[0m
[0mGET / [32m200[0m 1.911 ms - 21770[0m
[0mPOST /api/auth/logout [33m401[0m 0.146 ms - 101[0m
[0mPOST /api/auth/logout [33m401[0m 0.130 ms - 101[0m
[0mGET / [32m200[0m 1.221 ms - 21770[0m
[0mPOST /api/auth/refresh [33m401[0m 0.303 ms - 101[0m
[0mGET / [32m200[0m 1.188 ms - 21770[0m
[0mPOST /api/auth/logout [33m401[0m 0.176 ms - 101[0m
[0mPOST /api/auth/logout [33m401[0m 0.139 ms - 101[0m
[0mPOST /api/auth/logout [33m401[0m 0.144 ms - 101[0m
[0mGET / [32m200[0m 1.239 ms - 21770[0m
[0mPOST /api/auth/refresh [33m401[0m 0.286 ms - 101[0m
[0mGET / [32m200[0m 1.828 ms - 21770[0m
[0mPOST /api/auth/logout [33m401[0m 0.165 ms - 101[0m
[0mPOST /api/auth/logout [33m401[0m 0.169 ms - 101[0m
[0mPOST /api/auth/logout [33m401[0m 0.141 ms - 101[0m
[0mGET / [0m-[0m - ms - -[0m
[0mPOST /api/auth/refresh [33m401[0m 0.267 ms - 101[0m
[0mGET / [32m200[0m 1.832 ms - 21770[0m
[0mPOST /api/auth/logout [33m401[0m 0.304 ms - 101[0m
[0mPOST /api/auth/logout [33m401[0m 0.237 ms - 101[0m
[0mPOST /api/auth/logout [33m401[0m 0.221 ms - 101[0m
[0mGET / [32m200[0m 3.512 ms - 21770[0m
[0mPOST /api/auth/refresh [33m401[0m 0.293 ms - 101[0m
[0mGET / [32m200[0m 1.279 ms - 21770[0m
[0mPOST /api/auth/logout [33m401[0m 0.199 ms - 101[0m
[0mPOST /api/auth/logout [33m401[0m 0.131 ms - 101[0m
[0mPOST /api/auth/logout [33m401[0m 0.199 ms - 101[0m
[0mGET / [32m200[0m 1.266 ms - 21770[0m
[0mPOST /api/auth/refresh [33m401[0m 0.291 ms - 101[0m
[0mGET / [32m200[0m 1.168 ms - 21770[0m
[0mPOST /api/auth/logout [33m401[0m 0.250 ms - 101[0m
[0mPOST /api/auth/logout [33m401[0m 0.179 ms - 101[0m
[0mPOST /api/auth/logout [33m401[0m 0.161 ms - 101[0m
[0mGET / [0m-[0m - ms - -[0m
[0mPOST /api/auth/refresh [33m401[0m 0.289 ms - 101[0m
[0mGET / [32m200[0m 1.121 ms - 21770[0m
[0mPOST /api/auth/logout [33m401[0m 0.156 ms - 101[0m
[0mPOST /api/auth/logout [33m401[0m 0.200 ms - 101[0m
[0mPOST /api/auth/logout [33m401[0m 0.167 ms - 101[0m
[0mPOST /api/auth/refresh [33m401[0m 0.229 ms - 101[0m
[0mGET / [32m200[0m 2.897 ms - 21770[0m
[0mPOST /api/auth/logout [33m401[0m 0.161 ms - 101[0m
[0mGET / [32m200[0m 1.922 ms - 21770[0m
[0mPOST /api/auth/logout [33m401[0m 0.137 ms - 101[0m
[0mPOST /api/auth/logout [33m401[0m 0.132 ms - 101[0m
[0mPOST /api/auth/refresh [33m401[0m 0.230 ms - 101[0m
[0mGET / [32m200[0m 1.757 ms - 21770[0m
[0mPOST /api/auth/logout [33m401[0m 0.151 ms - 101[0m
[0mGET / [32m200[0m 1.906 ms - 21770[0m
[0mPOST /api/auth/logout [33m401[0m 0.153 ms - 101[0m
[0mPOST /api/auth/logout [33m401[0m 0.113 ms - 101[0m
[0mPOST /api/auth/refresh [33m401[0m 0.254 ms - 101[0m
[0mGET / [32m200[0m 1.046 ms - 21770[0m
[0mPOST /api/auth/logout [33m401[0m 0.135 ms - 101[0m
[0mPOST /api/auth/logout [33m401[0m 0.156 ms - 101[0m
[0mPOST /api/auth/logout [33m401[0m 0.162 ms - 101[0m
[0mGET / [32m200[0m 1.932 ms - 21770[0m
[0mPOST /api/auth/refresh [33m401[0m 0.272 ms - 101[0m
[0mGET / [32m200[0m 1.196 ms - 21770[0m
[0mPOST /api/auth/logout [33m401[0m 0.160 ms - 101[0m
[0mPOST /api/auth/logout [33m401[0m 0.137 ms - 101[0m
[0mPOST /api/auth/logout [33m401[0m 0.143 ms - 101[0m
[0mGET / [0m-[0m - ms - -[0m
[0mPOST /api/auth/refresh [33m401[0m 0.274 ms - 101[0m
[0mGET / [32m200[0m 1.278 ms - 21770[0m
[0mPOST /api/auth/logout [33m401[0m 0.193 ms - 101[0m
[0mPOST /api/auth/logout [33m401[0m 0.132 ms - 101[0m
[0mPOST /api/auth/logout [33m401[0m 0.142 ms - 101[0m
[0mGET / [32m200[0m 1.187 ms - 21770[0m
[0mPOST /api/auth/refresh [33m401[0m 0.292 ms - 101[0m
[0mGET / [32m200[0m 1.417 ms - 21770[0m
[0mPOST /api/auth/logout [33m401[0m 0.180 ms - 101[0m
[0mPOST /api/auth/logout [33m401[0m 0.142 ms - 101[0m
[0mPOST /api/auth/logout [33m401[0m 0.163 ms - 101[0m
[0mGET / [32m200[0m 1.227 ms - 21770[0m
[0mPOST /api/auth/refresh [33m401[0m 0.285 ms - 101[0m
[0mGET / [32m200[0m 1.362 ms - 21770[0m
[0mPOST /api/auth/logout [33m401[0m 0.182 ms - 101[0m
[0mPOST /api/auth/logout [33m401[0m 0.138 ms - 101[0m
[0mPOST /api/auth/logout [33m401[0m 0.148 ms - 101[0m
[0mGET / [32m200[0m 1.832 ms - 21770[0m
[0mGET / [0m-[0m - ms - -[0m
[0mPOST /api/auth/refresh [33m401[0m 0.247 ms - 101[0m
[0mPOST /api/auth/logout [33m401[0m 0.138 ms - 101[0m
[0mGET / [32m200[0m 1.928 ms - 21770[0m
[0mPOST /api/auth/logout [33m401[0m 0.132 ms - 101[0m
[0mPOST /api/auth/logout [33m401[0m 0.119 ms - 101[0m
[0mPOST /api/auth/refresh [33m401[0m 0.212 ms - 101[0m
[0mGET / [0m-[0m - ms - -[0m
[0mPOST /api/auth/logout [33m401[0m 0.155 ms - 101[0m
[0mGET / [32m200[0m 2.521 ms - 21770[0m
[0mPOST /api/auth/logout [33m401[0m 0.224 ms - 101[0m
[0mPOST /api/auth/logout [33m401[0m 0.247 ms - 101[0m
[0mPOST /api/auth/refresh [33m401[0m 0.380 ms - 101[0m
[0mGET / [32m200[0m 2.718 ms - 21770[0m
[0mPOST /api/auth/logout [33m401[0m 0.236 ms - 101[0m
[0mPOST /api/auth/logout [33m401[0m 0.167 ms - 101[0m
[0mPOST /api/auth/logout [33m401[0m 0.163 ms - 101[0m
[0mPOST /api/auth/refresh [33m401[0m 0.243 ms - 101[0m
[0mGET / [0m-[0m - ms - -[0m
[0mGET / [0m-[0m - ms - -[0m
[0mGET / [0m-[0m - ms - -[0m
[0mGET / [0m-[0m - ms - -[0m
[0mGET / [0m-[0m - ms - -[0m
[0mGET / [0m-[0m - ms - -[0m
[0mGET / [0m-[0m - ms - -[0m
[0mGET / [0m-[0m - ms - -[0m
[0mGET / [0m-[0m - ms - -[0m
[0mGET / [0m-[0m - ms - -[0m
[0mGET / [0m-[0m - ms - -[0m
[0mGET / [0m-[0m - ms - -[0m
[0mGET / [0m-[0m - ms - -[0m
[0mGET / [0m-[0m - ms - -[0m
[0mGET / [0m-[0m - ms - -[0m
[0mGET / [0m-[0m - ms - -[0m
[0mGET / [0m-[0m - ms - -[0m
[0mGET / [0m-[0m - ms - -[0m
[0mGET / [0m-[0m - ms - -[0m
[0mGET / [0m-[0m - ms - -[0m
[0mGET / [0m-[0m - ms - -[0m
[0mGET / [0m-[0m - ms - -[0m
[0mGET / [0m-[0m - ms - -[0m
[0mGET / [0m-[0m - ms - -[0m
[0mGET / [0m-[0m - ms - -[0m
[0mGET / [0m-[0m - ms - -[0m
[0mGET / [0m-[0m - ms - -[0m
[0mGET / [0m-[0m - ms - -[0m
[0mGET / [0m-[0m - ms - -[0m
[0mGET / [0m-[0m - ms - -[0m
[0mGET / [0m-[0m - ms - -[0m
[0mGET / [0m-[0m - ms - -[0m
[0mPOST /api/auth/logout [33m401[0m 0.126 ms - 101[0m
[0mPOST /api/auth/logout [33m401[0m 0.148 ms - 101[0m
[0mPOST /api/auth/logout [33m401[0m 0.106 ms - 101[0m
[0mGET / [0m-[0m - ms - -[0m
[0mGET / [0m-[0m - ms - -[0m
[0mGET / [0m-[0m - ms - -[0m
[0mGET / [0m-[0m - ms - -[0m
[0mGET / [0m-[0m - ms - -[0m
[0mGET / [0m-[0m - ms - -[0m
[0mGET / [0m-[0m - ms - -[0m
[0mGET / [0m-[0m - ms - -[0m
[0mGET / [0m-[0m - ms - -[0m
[0mGET / [0m-[0m - ms - -[0m
[0mGET / [0m-[0m - ms - -[0m
[0mGET / [0m-[0m - ms - -[0m
[0mGET / [0m-[0m - ms - -[0m
[0mPOST /api/auth/refresh [33m401[0m 0.243 ms - 101[0m
[0mGET / [0m-[0m - ms - -[0m
[0mGET / [0m-[0m - ms - -[0m
[0mGET / [32m200[0m 3.508 ms - 21770[0m
[0mPOST /api/auth/logout [33m401[0m 0.141 ms - 101[0m
[0mPOST /api/auth/logout [33m401[0m 0.132 ms - 101[0m
[0mPOST /api/auth/logout [33m401[0m 0.141 ms - 101[0m
[0mPOST /api/auth/refresh [33m401[0m 0.297 ms - 101[0m
[0mPOST /api/auth/logout [33m401[0m 0.152 ms - 101[0m
[0mPOST /api/auth/logout [33m401[0m 0.136 ms - 101[0m
[0mPOST /api/auth/logout [33m401[0m 0.139 ms - 101[0m
[0mPOST /api/auth/refresh [33m401[0m 0.227 ms - 101[0m
[0mGET / [32m200[0m 1.852 ms - 21770[0m
[0mPOST /api/auth/logout [33m401[0m 0.155 ms - 101[0m
[0mPOST /api/auth/logout [33m401[0m 0.131 ms - 101[0m
[0mPOST /api/auth/logout [33m401[0m 0.128 ms - 101[0m
[0mPOST /api/auth/refresh [33m401[0m 0.252 ms - 101[0m
[0mGET / [32m200[0m 2.019 ms - 21770[0m
[0mPOST /api/auth/logout [33m401[0m 0.231 ms - 101[0m
[0mGET / [32m200[0m 2.749 ms - 21770[0m
[0mPOST /api/auth/logout [33m401[0m 0.185 ms - 101[0m
[0mPOST /api/auth/logout [33m401[0m 0.144 ms - 101[0m
[0mPOST /api/auth/refresh [33m401[0m 0.265 ms - 101[0m
[0mGET / [32m200[0m 1.853 ms - 21770[0m
[0mPOST /api/auth/logout [33m401[0m 0.136 ms - 101[0m
[0mPOST /api/auth/logout [33m401[0m 0.131 ms - 101[0m
[0mPOST /api/auth/logout [33m401[0m 0.205 ms - 101[0m
[0mGET / [32m200[0m 2.399 ms - 21770[0m
[0mPOST /api/auth/refresh [33m401[0m 0.262 ms - 101[0m
[0mGET / [32m200[0m 2.332 ms - 21770[0m
[0mPOST /api/auth/logout [33m401[0m 0.185 ms - 101[0m
[0mPOST /api/auth/logout [33m401[0m 0.191 ms - 101[0m
[0mPOST /api/auth/logout [33m401[0m 0.128 ms - 101[0m
[0mGET / [0m-[0m - ms - -[0m
[0mGET / [0m-[0m - ms - -[0m
[0mPOST /api/auth/refresh [33m401[0m 0.255 ms - 101[0m
[0mGET / [32m200[0m 1.419 ms - 21770[0m
[0mPOST /api/auth/logout [33m401[0m 0.147 ms - 101[0m
[0mPOST /api/auth/logout [33m401[0m 0.117 ms - 101[0m
[0mPOST /api/auth/logout [33m401[0m 0.206 ms - 101[0m
[0mPOST /api/auth/refresh [33m401[0m 0.301 ms - 101[0m
[0mGET / [32m200[0m 2.063 ms - 21770[0m
[0mPOST /api/auth/logout [33m401[0m 0.147 ms - 101[0m
[0mGET / [32m200[0m 1.929 ms - 21770[0m
[0mPOST /api/auth/logout [33m401[0m 0.163 ms - 101[0m
[0mPOST /api/auth/logout [33m401[0m 0.129 ms - 101[0m
[0mPOST /api/auth/refresh [33m401[0m 0.249 ms - 101[0m
[0mGET / [32m200[0m 1.881 ms - 21770[0m
[0mPOST /api/auth/logout [33m401[0m 0.148 ms - 101[0m
[0mGET / [32m200[0m 1.771 ms - 21770[0m
[0mPOST /api/auth/logout [33m401[0m 0.137 ms - 101[0m
[0mPOST /api/auth/logout [33m401[0m 0.118 ms - 101[0m
[0mPOST /api/auth/refresh [33m401[0m 0.238 ms - 101[0m
[0mGET / [0m-[0m - ms - -[0m
[0mPOST /api/auth/logout [33m401[0m 0.175 ms - 101[0m
[0mGET / [32m200[0m 2.142 ms - 21770[0m
[0mPOST /api/auth/logout [33m401[0m 0.131 ms - 101[0m
[0mPOST /api/auth/logout [33m401[0m 0.121 ms - 101[0m
[0mPOST /api/auth/refresh [33m401[0m 0.259 ms - 101[0m
[0mGET / [0m-[0m - ms - -[0m
[0mPOST /api/auth/logout [33m401[0m 0.155 ms - 101[0m
[0mGET / [32m200[0m 1.994 ms - 21770[0m
[0mPOST /api/auth/logout [33m401[0m 0.174 ms - 101[0m
[0mPOST /api/auth/logout [33m401[0m 0.131 ms - 101[0m
[0mPOST /api/auth/refresh [33m401[0m 0.248 ms - 101[0m
[0mGET / [32m200[0m 2.250 ms - 21770[0m
[0mPOST /api/auth/logout [33m401[0m 0.190 ms - 101[0m
[0mGET / [32m200[0m 1.192 ms - 21770[0m
[0mPOST /api/auth/logout [33m401[0m 0.149 ms - 101[0m
[0mPOST /api/auth/logout [33m401[0m 0.117 ms - 101[0m
[0mPOST /api/auth/refresh [33m401[0m 0.252 ms - 101[0m
[0mGET / [32m200[0m 1.757 ms - 21770[0m
[0mPOST /api/auth/logout [33m401[0m 0.132 ms - 101[0m
[0mGET / [32m200[0m 1.774 ms - 21770[0m
[0mPOST /api/auth/logout [33m401[0m 0.153 ms - 101[0m
[0mPOST /api/auth/logout [33m401[0m 0.137 ms - 101[0m
[0mPOST /api/auth/refresh [33m401[0m 0.249 ms - 101[0m
[0mGET / [0m-[0m - ms - -[0m
[0mPOST /api/auth/logout [33m401[0m 0.208 ms - 101[0m
[0mPOST /api/auth/logout [33m401[0m 0.198 ms - 101[0m
[0mGET / [32m200[0m 2.689 ms - 21770[0m
[0mPOST /api/auth/logout [33m401[0m 0.177 ms - 101[0m
[0mPOST /api/auth/refresh [33m401[0m 0.249 ms - 101[0m
[0mGET / [0m-[0m - ms - -[0m
[0mGET / [0m-[0m - ms - -[0m
[0mPOST /api/auth/logout [33m401[0m 0.164 ms - 101[0m
[0mPOST /api/auth/logout [33m401[0m 0.131 ms - 101[0m
[0mPOST /api/auth/logout [33m401[0m 0.131 ms - 101[0m
[0mPOST /api/auth/refresh [33m401[0m 0.230 ms - 101[0m
[0mGET / [32m200[0m 1.954 ms - 21770[0m
[0mPOST /api/auth/logout [33m401[0m 0.185 ms - 101[0m
[0mGET / [32m200[0m 2.645 ms - 21770[0m
[0mPOST /api/auth/logout [33m401[0m 0.238 ms - 101[0m
[0mPOST /api/auth/refresh [33m401[0m 0.369 ms - 101[0m
[0mPOST /api/auth/logout [33m401[0m 0.198 ms - 101[0m
[0mPOST /api/auth/logout [33m401[0m 0.208 ms - 101[0m
[0mPOST /api/auth/logout [33m401[0m 0.203 ms - 101[0m
[0mGET / [32m200[0m 3.755 ms - 21770[0m
[0mPOST /api/auth/refresh [33m401[0m 0.365 ms - 101[0m
[0mGET / [0m-[0m - ms - -[0m
[0mPOST /api/auth/logout [33m401[0m 0.237 ms - 101[0m
[0mPOST /api/auth/logout [33m401[0m 0.217 ms - 101[0m
[0mPOST /api/auth/logout [33m401[0m 0.237 ms - 101[0m
[0mPOST /api/auth/refresh [33m401[0m 0.378 ms - 101[0m
[0mGET / [32m200[0m 4.044 ms - 21770[0m
[0mPOST /api/auth/logout [33m401[0m 0.171 ms - 101[0m
[0mPOST /api/auth/logout [33m401[0m 0.134 ms - 101[0m
[0mGET / [32m200[0m 2.717 ms - 21770[0m
[0mPOST /api/auth/logout [33m401[0m 0.158 ms - 101[0m
[0mPOST /api/auth/refresh [33m401[0m 0.243 ms - 101[0m
[0mGET / [0m-[0m - ms - -[0m
[0mPOST /api/auth/logout [33m401[0m 0.136 ms - 101[0m
[0mGET / [32m200[0m 1.850 ms - 21770[0m
[0mPOST /api/auth/logout [33m401[0m 0.189 ms - 101[0m
[0mPOST /api/auth/logout [33m401[0m 0.176 ms - 101[0m
[0mPOST /api/auth/refresh [33m401[0m 0.313 ms - 101[0m
[0mGET / [32m200[0m 1.276 ms - 21770[0m
[0mPOST /api/auth/logout [33m401[0m 0.163 ms - 101[0m
[0mPOST /api/auth/logout [33m401[0m 0.146 ms - 101[0m
[0mPOST /api/auth/logout [33m401[0m 0.170 ms - 101[0m
[0mGET / [0m-[0m - ms - -[0m
[0mPOST /api/auth/refresh [33m401[0m 0.251 ms - 101[0m
[0mPOST /api/auth/logout [33m401[0m 0.147 ms - 101[0m
[0mGET / [32m200[0m 2.192 ms - 21770[0m
[0mPOST /api/auth/logout [33m401[0m 0.159 ms - 101[0m
[0mPOST /api/auth/logout [33m401[0m 0.122 ms - 101[0m
[0mPOST /api/auth/refresh [33m401[0m 0.230 ms - 101[0m
[0mGET / [32m200[0m 1.669 ms - 21770[0m
[0mPOST /api/auth/logout [33m401[0m 0.261 ms - 101[0m
[0mPOST /api/auth/logout [33m401[0m 0.231 ms - 101[0m
[0mPOST /api/auth/logout [33m401[0m 0.169 ms - 101[0m
[0mGET / [0m-[0m - ms - -[0m
[0mPOST /api/auth/refresh [33m401[0m 0.266 ms - 101[0m
[0mGET / [0m-[0m - ms - -[0m
[0mPOST /api/auth/logout [33m401[0m 0.161 ms - 101[0m
[0mPOST /api/auth/logout [33m401[0m 0.234 ms - 101[0m
[0mGET / [32m200[0m 3.869 ms - 21770[0m
[0mPOST /api/auth/logout [33m401[0m 0.192 ms - 101[0m
[0mPOST /api/auth/refresh [33m401[0m 0.434 ms - 101[0m
[0mGET / [0m-[0m - ms - -[0m
[0mPOST /api/auth/logout [33m401[0m 0.196 ms - 101[0m
[0mGET / [0m-[0m - ms - -[0m
[0mPOST /api/auth/logout [33m401[0m 0.178 ms - 101[0m
[0mPOST /api/auth/logout [33m401[0m 0.186 ms - 101[0m
[0mGET / [0m-[0m - ms - -[0m
[0mPOST /api/auth/refresh [33m401[0m 0.320 ms - 101[0m
[0mGET / [32m200[0m 4.068 ms - 21770[0m
[0mPOST /api/auth/logout [33m401[0m 0.372 ms - 101[0m
[0mPOST /api/auth/logout [33m401[0m 0.226 ms - 101[0m
[0mPOST /api/auth/logout [33m401[0m 0.179 ms - 101[0m
[0mGET / [0m-[0m - ms - -[0m
[0mPOST /api/auth/refresh [33m401[0m 0.251 ms - 101[0m
[0mGET / [0m-[0m - ms - -[0m
[0mGET / [0m-[0m - ms - -[0m
[0mPOST /api/auth/logout [33m401[0m 0.154 ms - 101[0m
[0mPOST /api/auth/logout [33m401[0m 0.114 ms - 101[0m
[0mPOST /api/auth/logout [33m401[0m 0.107 ms - 101[0m
[0mPOST /api/auth/refresh [33m401[0m 0.197 ms - 101[0m
[0mGET / [32m200[0m 1.454 ms - 21770[0m
[0mPOST /api/auth/logout [33m401[0m 0.234 ms - 101[0m
[0mPOST /api/auth/logout [33m401[0m 0.173 ms - 101[0m
[0mPOST /api/auth/logout [33m401[0m 0.188 ms - 101[0m
[0mPOST /api/auth/refresh [33m401[0m 0.292 ms - 101[0m
[0mPOST /api/auth/logout [33m401[0m 0.161 ms - 101[0m
[0mPOST /api/auth/logout [33m401[0m 0.123 ms - 101[0m
[0mPOST /api/auth/logout [33m401[0m 0.110 ms - 101[0m
[0mGET / [0m-[0m - ms - -[0m
[0mGET / [32m200[0m 0.979 ms - 21770[0m
[0mPOST /api/auth/refresh [33m401[0m 0.526 ms - 101[0m
[0mGET / [32m200[0m 1.723 ms - 21770[0m
[0mPOST /api/auth/logout [33m401[0m 0.266 ms - 101[0m
[0mPOST /api/auth/logout [33m401[0m 0.134 ms - 101[0m
[0mPOST /api/auth/logout [33m401[0m 0.226 ms - 101[0m
[0mGET / [0m-[0m - ms - -[0m
[0mGET / [0m-[0m - ms - -[0m
[0mPOST /api/auth/refresh [33m401[0m 0.257 ms - 101[0m
[0mGET / [32m200[0m 1.123 ms - 21770[0m
[0mPOST /api/auth/logout [33m401[0m 0.247 ms - 101[0m
[0mPOST /api/auth/logout [33m401[0m 0.146 ms - 101[0m
[0mPOST /api/auth/logout [33m401[0m 0.143 ms - 101[0m
[0mGET / [32m200[0m 1.191 ms - 21770[0m
[0mPOST /api/auth/refresh [33m401[0m 0.286 ms - 101[0m
[0mGET / [32m200[0m 1.053 ms - 21770[0m
[0mPOST /api/auth/logout [33m401[0m 0.143 ms - 101[0m
[0mPOST /api/auth/logout [33m401[0m 0.177 ms - 101[0m
[0mPOST /api/auth/logout [33m401[0m 0.175 ms - 101[0m
[0mPOST /api/auth/refresh [33m401[0m 0.215 ms - 101[0m
[0mPOST /api/auth/logout [33m401[0m 0.138 ms - 101[0m
[0mPOST /api/auth/logout [33m401[0m 0.120 ms - 101[0m
[0mPOST /api/auth/logout [33m401[0m 0.148 ms - 101[0m
[0mPOST /api/auth/refresh [33m401[0m 0.221 ms - 101[0m
[0mGET / [32m200[0m 1.627 ms - 21770[0m
[0mPOST /api/auth/logout [33m401[0m 0.228 ms - 101[0m
[0mPOST /api/auth/logout [33m401[0m 0.134 ms - 101[0m
[0mPOST /api/auth/logout [33m401[0m 0.133 ms - 101[0m
[0mGET / [32m200[0m 1.784 ms - 21770[0m
[0mPOST /api/auth/refresh [33m401[0m 0.240 ms - 101[0m
[0mGET / [32m200[0m 1.074 ms - 21770[0m
[0mPOST /api/auth/logout [33m401[0m 0.178 ms - 101[0m
[0mPOST /api/auth/logout [33m401[0m 0.173 ms - 101[0m
[0mPOST /api/auth/logout [33m401[0m 0.185 ms - 101[0m
[0mPOST /api/auth/refresh [33m401[0m 0.205 ms - 101[0m
[0mGET / [32m200[0m 1.091 ms - 21770[0m
[0mPOST /api/auth/logout [33m401[0m 0.216 ms - 101[0m
[0mPOST /api/auth/logout [33m401[0m 0.127 ms - 101[0m
[0mPOST /api/auth/logout [33m401[0m 0.114 ms - 101[0m
[0mPOST /api/auth/refresh [33m401[0m 0.302 ms - 101[0m
[0mGET / [32m200[0m 1.101 ms - 21770[0m
[0mPOST /api/auth/logout [33m401[0m 0.184 ms - 101[0m
[0mPOST /api/auth/logout [33m401[0m 0.131 ms - 101[0m
[0mPOST /api/auth/logout [33m401[0m 0.114 ms - 101[0m
[0mPOST /api/auth/refresh [33m401[0m 0.274 ms - 101[0m
[0mGET / [32m200[0m 1.102 ms - 21770[0m
[0mPOST /api/auth/logout [33m401[0m 0.163 ms - 101[0m
[0mPOST /api/auth/logout [33m401[0m 0.136 ms - 101[0m
[0mPOST /api/auth/logout [33m401[0m 0.129 ms - 101[0m
[0mGET / [32m200[0m 2.533 ms - 21770[0m
[0mPOST /api/auth/refresh [33m401[0m 0.299 ms - 101[0m
[0mGET / [32m200[0m 1.329 ms - 21770[0m
[0mPOST /api/auth/logout [33m401[0m 0.238 ms - 101[0m
[0mPOST /api/auth/logout [33m401[0m 0.167 ms - 101[0m
[0mPOST /api/auth/logout [33m401[0m 0.166 ms - 101[0m
[0mGET / [0m-[0m - ms - -[0m
[0mPOST /api/auth/refresh [33m401[0m 0.270 ms - 101[0m
[0mGET / [32m200[0m 2.052 ms - 21770[0m
[0mPOST /api/auth/logout [33m401[0m 0.247 ms - 101[0m
[0mPOST /api/auth/logout [33m401[0m 0.215 ms - 101[0m
[0mPOST /api/auth/logout [33m401[0m 0.257 ms - 101[0m
[0mGET / [32m200[0m 4.049 ms - 21770[0m
[0mPOST /api/auth/refresh [33m401[0m 0.398 ms - 101[0m
[0mPOST /api/auth/logout [33m401[0m 0.239 ms - 101[0m
[0mPOST /api/auth/refresh [33m401[0m 0.291 ms - 101[0m
[0mGET / [0m-[0m - ms - -[0m
[0mGET / [32m200[0m 4.238 ms - 21770[0m
[0mPOST /api/auth/logout [33m401[0m 0.136 ms - 101[0m
[0mPOST /api/auth/logout [33m401[0m 0.112 ms - 101[0m
[0mGET / [0m-[0m - ms - -[0m
[0mGET / [0m-[0m - ms - -[0m
[0mGET / [0m-[0m - ms - -[0m
[0mGET / [0m-[0m - ms - -[0m
[0mGET / [0m-[0m - ms - -[0m
[0mGET / [0m-[0m - ms - -[0m
[0mGET / [0m-[0m - ms - -[0m
[0mGET / [0m-[0m - ms - -[0m
[0mGET / [0m-[0m - ms - -[0m
[0mGET / [0m-[0m - ms - -[0m
[0mGET / [0m-[0m - ms - -[0m
[0mGET / [0m-[0m - ms - -[0m
[0mGET / [0m-[0m - ms - -[0m
[0mGET / [0m-[0m - ms - -[0m
[0mGET / [0m-[0m - ms - -[0m
[0mGET / [0m-[0m - ms - -[0m
[0mGET / [0m-[0m - ms - -[0m
[0mGET / [0m-[0m - ms - -[0m
[0mGET / [0m-[0m - ms - -[0m
[0mGET / [0m-[0m - ms - -[0m
[0mGET / [0m-[0m - ms - -[0m
[0mGET / [0m-[0m - ms - -[0m
[0mGET / [0m-[0m - ms - -[0m
[0mGET / [0m-[0m - ms - -[0m
[0mGET / [0m-[0m - ms - -[0m
[0mGET / [0m-[0m - ms - -[0m
[0mGET / [0m-[0m - ms - -[0m
[0mGET / [0m-[0m - ms - -[0m
[0mGET / [0m-[0m - ms - -[0m
[0mGET / [0m-[0m - ms - -[0m
[0mPOST /api/auth/logout [33m401[0m 0.281 ms - 101[0m
[0mPOST /api/auth/refresh [33m401[0m 0.273 ms - 101[0m
[0mGET / [0m-[0m - ms - -[0m
[0mGET / [0m-[0m - ms - -[0m
[0mGET / [0m-[0m - ms - -[0m
[0mGET / [0m-[0m - ms - -[0m
[0mGET / [0m-[0m - ms - -[0m
[0mGET / [0m-[0m - ms - -[0m
[0mGET / [0m-[0m - ms - -[0m
[0mGET / [0m-[0m - ms - -[0m
[0mGET / [0m-[0m - ms - -[0m
[0mGET / [0m-[0m - ms - -[0m
[0mGET / [0m-[0m - ms - -[0m
[0mGET / [0m-[0m - ms - -[0m
[0mGET / [0m-[0m - ms - -[0m
[0mGET / [0m-[0m - ms - -[0m
[0mGET / [0m-[0m - ms - -[0m
[0mGET / [0m-[0m - ms - -[0m
[0mGET / [0m-[0m - ms - -[0m
[0mGET / [0m-[0m - ms - -[0m
[0mGET / [0m-[0m - ms - -[0m
[0mGET / [0m-[0m - ms - -[0m
[0mGET / [0m-[0m - ms - -[0m
[0mGET / [0m-[0m - ms - -[0m
[0mGET / [32m200[0m 13.398 ms - 21770[0m
[0mPOST /api/auth/logout [33m401[0m 0.136 ms - 101[0m
[0mPOST /api/auth/logout [33m401[0m 0.116 ms - 101[0m
[0mPOST /api/auth/logout [33m401[0m 0.132 ms - 101[0m
[0mGET / [0m-[0m - ms - -[0m
[0mGET / [0m-[0m - ms - -[0m
[0mGET / [32m200[0m 2.769 ms - 21770[0m
[0mPOST /api/auth/refresh [33m401[0m 0.388 ms - 101[0m
[0mPOST /api/auth/logout [33m401[0m 0.172 ms - 101[0m
[0mPOST /api/auth/logout [33m401[0m 0.255 ms - 101[0m
[0mPOST /api/auth/logout [33m401[0m 0.154 ms - 101[0m
[0mGET / [32m200[0m 1.183 ms - 21770[0m
[0mGET / [32m200[0m 1.119 ms - 21770[0m
[0mGET / [32m200[0m 1.690 ms - 21770[0m
[0mGET /css/bootstrap.min.css [36m304[0m 0.832 ms - -[0m
[0mGET /css/bootstrap-icons.css [36m304[0m 0.709 ms - -[0m
[0mGET /css/app.css [36m304[0m 0.768 ms - -[0m
[0mGET /images/logo.png [36m304[0m 0.303 ms - -[0m
[0mGET /js/bootstrap.bundle.min.js [36m304[0m 0.264 ms - -[0m
[0mPOST /api/auth/refresh [33m401[0m 0.350 ms - 101[0m
[0mGET /js/app.js [36m304[0m 0.408 ms - -[0m
[0mGET /database [32m200[0m 4.090 ms - 47517[0m
[0mGET /css/bootstrap.min.css [36m304[0m 0.710 ms - -[0m
[0mGET /css/bootstrap-icons.css [36m304[0m 0.937 ms - -[0m
[0mGET /css/app.css [36m304[0m 0.666 ms - -[0m
[0mGET /images/logo.png [36m304[0m 1.032 ms - -[0m
[0mGET /js/bootstrap.bundle.min.js [36m304[0m 0.610 ms - -[0m
[0mGET /js/app.js [36m304[0m 0.492 ms - -[0m
[0mGET /js/database.js [36m304[0m 0.589 ms - -[0m
[0mGET /css/fonts.css [36m304[0m 0.692 ms - -[0m
[0mGET /js/bootstrap.bundle.min.js.map [33m404[0m 0.460 ms - 82[0m
[0mGET /images/bg.png [36m304[0m 0.315 ms - -[0m
[0mGET /fonts/inter-latin.woff2 [36m304[0m 1.135 ms - -[0m
[0mGET /css/bootstrap.min.css.map [33m404[0m 1.776 ms - 77[0m
[0mGET /fonts/bootstrap-icons.woff2 [36m304[0m 1.749 ms - -[0m
[0mGET /fonts/jetbrains-mono-latin.woff2 [36m304[0m 0.920 ms - -[0m
[0mPOST /api/auth/logout [33m401[0m 0.240 ms - 101[0m
[0mGET /api/system/check-install [33m401[0m 0.581 ms - 101[0m
[0mPOST /api/auth/refresh [33m401[0m 0.469 ms - 101[0m
[0mGET / [32m200[0m 3.994 ms - 21770[0m
[0mPOST /api/auth/logout [33m401[0m 0.236 ms - 101[0m
[0mPOST /api/auth/logout [33m401[0m 0.220 ms - 101[0m
[0mPOST /api/auth/refresh [33m401[0m 0.405 ms - 101[0m
[0mGET /api/database [33m401[0m 1.672 ms - 101[0m
[0mGET / [32m200[0m 1.292 ms - 21770[0m
[0mGET / [32m200[0m 1.541 ms - 21770[0m
[0mGET /css/bootstrap.min.css [36m304[0m 1.554 ms - -[0m
[0mGET /css/bootstrap-icons.css [36m304[0m 1.560 ms - -[0m
[0mGET /css/app.css [36m304[0m 1.473 ms - -[0m
[0mGET /images/logo.png [36m304[0m 1.624 ms - -[0m
[0mPOST /api/auth/logout [33m401[0m 0.358 ms - 101[0m
[0mGET /js/bootstrap.bundle.min.js [36m304[0m 1.978 ms - -[0m
[0mPOST /api/auth/logout [33m401[0m 0.352 ms - 101[0m
[0mPOST /api/auth/logout [33m401[0m 0.363 ms - 101[0m
[0mGET /js/app.js [36m304[0m 0.399 ms - -[0m
[0mGET /css/fonts.css [36m304[0m 0.425 ms - -[0m
[0mGET /js/bootstrap.bundle.min.js.map [33m404[0m 0.624 ms - 82[0m
[0mGET /api/auth/sso/config [32m200[0m 0.629 ms - 96[0m
[0mGET /images/bg.png [36m304[0m 0.466 ms - -[0m
[0mGET /fonts/inter-latin.woff2 [36m304[0m 0.454 ms - -[0m
[0mGET /css/bootstrap.min.css.map [33m404[0m 0.417 ms - 77[0m
[0mGET /api/auth/ldap/config [32m200[0m 0.784 ms - 502[0m
[0mGET /database [32m200[0m 3.224 ms - 47517[0m
[0mGET /css/bootstrap.min.css [36m304[0m 1.325 ms - -[0m
[0mGET /css/bootstrap-icons.css [36m304[0m 1.267 ms - -[0m
[0mGET /css/app.css [36m304[0m 1.202 ms - -[0m
[0mGET /images/logo.png [36m304[0m 1.695 ms - -[0m
[0mGET /js/bootstrap.bundle.min.js [36m304[0m 0.616 ms - -[0m
[0mGET /js/app.js [36m304[0m 0.658 ms - -[0m
[0mGET /js/database.js [36m304[0m 0.559 ms - -[0m
[0mGET /css/fonts.css [36m304[0m 0.478 ms - -[0m
[0mGET /js/bootstrap.bundle.min.js.map [33m404[0m 0.451 ms - 82[0m
[0mGET /images/bg.png [36m304[0m 0.304 ms - -[0m
[0mGET /fonts/inter-latin.woff2 [36m304[0m 0.519 ms - -[0m
[0mGET /fonts/jetbrains-mono-latin.woff2 [36m304[0m 0.481 ms - -[0m
[0mGET /css/bootstrap.min.css.map [33m404[0m 0.891 ms - 77[0m
[0mPOST /api/auth/logout [33m401[0m 0.255 ms - 101[0m
[0mGET /api/system/check-install [33m401[0m 0.405 ms - 101[0m
[0mGET / [32m200[0m 2.047 ms - 21770[0m
[0mPOST /api/auth/refresh [33m401[0m 0.417 ms - 101[0m
[0mPOST /api/auth/logout [33m401[0m 0.290 ms - 101[0m
[0mPOST /api/auth/logout [33m401[0m 0.367 ms - 101[0m
[0mGET /api/database [0m-[0m - ms - -[0m
[0mGET /css/bootstrap.min.css [36m304[0m 0.972 ms - -[0m
[0mGET /css/bootstrap-icons.css [36m304[0m 1.009 ms - -[0m
[0mGET /css/app.css [36m304[0m 1.560 ms - -[0m
[0mGET /images/logo.png [36m304[0m 0.982 ms - -[0m
[0mGET /js/bootstrap.bundle.min.js [36m304[0m 0.476 ms - -[0m
[0mGET /js/app.js [36m304[0m 0.464 ms - -[0m
[0mGET /css/fonts.css [36m304[0m 0.363 ms - -[0m
[0mGET /api/auth/sso/config [32m200[0m 0.797 ms - 96[0m
[0mGET /js/bootstrap.bundle.min.js.map [33m404[0m 0.532 ms - 82[0m
[0mGET /images/bg.png [36m304[0m 0.490 ms - -[0m
[0mGET /fonts/inter-latin.woff2 [36m304[0m 0.420 ms - -[0m
[0mGET /css/bootstrap.min.css.map [33m404[0m 0.465 ms - 77[0m
[0mGET /api/auth/ldap/config [32m200[0m 0.550 ms - 502[0m
10:30:53 [[33MWARN[39M]: Login failed: Invalid credentials
[0mPOST /api/auth/login [33m401[0m 1.072 ms - 88[0m
[0mPOST /api/auth/refresh [33m401[0m 0.279 ms - 101[0m
[0mPOST /api/auth/logout [33m401[0m 0.203 ms - 101[0m
[0mPOST /api/auth/refresh [33m401[0m 0.276 ms - 101[0m
[0mPOST /api/auth/logout [33m401[0m 0.186 ms - 101[0m
[0mPOST /api/auth/refresh [33m401[0m 0.392 ms - 101[0m
[0mPOST /api/auth/logout [33m401[0m 0.247 ms - 101[0m
[0mPOST /api/auth/refresh [33m401[0m 0.321 ms - 101[0m
[0mPOST /api/auth/logout [33m401[0m 0.164 ms - 101[0m
[0mPOST /api/auth/refresh [33m401[0m 0.364 ms - 101[0m
[0mPOST /api/auth/logout [33m401[0m 0.234 ms - 101[0m
[0mGET / [32m200[0m 2.386 ms - 21770[0m
[0mPOST /api/auth/refresh [33m401[0m 0.337 ms - 101[0m
[0mPOST /api/auth/logout [33m401[0m 0.198 ms - 101[0m
[0mPOST /api/auth/refresh [33m401[0m 0.331 ms - 101[0m
[0mPOST /api/auth/logout [33m401[0m 0.224 ms - 101[0m
[0mGET / [32m200[0m 1.826 ms - 21770[0m
[0mPOST /api/auth/refresh [33m401[0m 0.533 ms - 101[0m
[0mGET / [32m200[0m 1.692 ms - 21770[0m
[0mPOST /api/auth/logout [33m401[0m 0.167 ms - 101[0m
[0mGET / [32m200[0m 1.609 ms - 21770[0m
[0mPOST /api/auth/refresh [33m401[0m 0.360 ms - 101[0m
[0mGET / [32m200[0m 2.436 ms - 21770[0m
[0mPOST /api/auth/logout [33m401[0m 0.220 ms - 101[0m
[0mPOST /api/auth/refresh [33m401[0m 0.526 ms - 101[0m
[0mGET / [0m-[0m - ms - -[0m
[0mPOST /api/auth/logout [33m401[0m 0.182 ms - 101[0m
[0mGET / [32m200[0m 1.599 ms - 21770[0m
[0mPOST /api/auth/refresh [33m401[0m 0.268 ms - 101[0m
[0mGET / [32m200[0m 1.325 ms - 21770[0m
[0mPOST /api/auth/logout [33m401[0m 0.213 ms - 101[0m
[0mPOST /api/auth/refresh [33m401[0m 0.305 ms - 101[0m
[0mPOST /api/auth/logout [33m401[0m 0.317 ms - 101[0m
[0mPOST /api/auth/refresh [33m401[0m 0.354 ms - 101[0m
[0mGET / [32m200[0m 1.212 ms - 21770[0m
[0mPOST /api/auth/logout [33m401[0m 0.272 ms - 101[0m
[0mPOST /api/auth/refresh [33m401[0m 0.421 ms - 101[0m
[0mGET / [32m200[0m 1.641 ms - 21770[0m
[0mPOST /api/auth/logout [33m401[0m 0.207 ms - 101[0m
[0mGET / [32m200[0m 1.846 ms - 21770[0m
[0mPOST /api/auth/refresh [33m401[0m 0.422 ms - 101[0m
[0mGET / [32m200[0m 1.647 ms - 21770[0m
[0mPOST /api/auth/logout [33m401[0m 0.172 ms - 101[0m
[0mGET / [32m200[0m 1.593 ms - 21770[0m
[0mPOST /api/auth/refresh [33m401[0m 0.359 ms - 101[0m
[0mPOST /api/auth/logout [33m401[0m 0.192 ms - 101[0m
[0mGET / [32m200[0m 1.486 ms - 21770[0m
[0mPOST /api/auth/refresh [33m401[0m 0.296 ms - 101[0m
[0mGET / [32m200[0m 1.250 ms - 21770[0m
[0mPOST /api/auth/logout [33m401[0m 0.222 ms - 101[0m
[0mPOST /api/auth/refresh [33m401[0m 0.353 ms - 101[0m
[0mPOST /api/auth/logout [33m401[0m 0.298 ms - 101[0m
[0mGET / [32m200[0m 3.727 ms - 21770[0m
[0mPOST /api/auth/refresh [33m401[0m 0.494 ms - 101[0m
[0mGET / [32m200[0m 1.357 ms - 21770[0m
[0mPOST /api/auth/logout [33m401[0m 0.176 ms - 101[0m
[0mGET / [32m200[0m 1.461 ms - 21770[0m
[0mPOST /api/auth/refresh [33m401[0m 0.415 ms - 101[0m
[0mPOST /api/auth/logout [33m401[0m 0.217 ms - 101[0m
[0mPOST /api/auth/refresh [33m401[0m 0.364 ms - 101[0m
[0mPOST /api/auth/logout [33m401[0m 0.204 ms - 101[0m
[0mGET / [32m200[0m 1.436 ms - 21770[0m
[0mPOST /api/auth/refresh [33m401[0m 0.384 ms - 101[0m
[0mPOST /api/auth/logout [33m401[0m 0.193 ms - 101[0m
[0mPOST /api/auth/refresh [33m401[0m 0.413 ms - 101[0m
[0mPOST /api/auth/logout [33m401[0m 0.266 ms - 101[0m
[0mGET / [32m200[0m 1.356 ms - 21770[0m
[0mPOST /api/auth/refresh [33m401[0m 0.373 ms - 101[0m
[0mGET / [32m200[0m 1.466 ms - 21770[0m
[0mPOST /api/auth/logout [33m401[0m 0.199 ms - 101[0m
[0mPOST /api/auth/refresh [33m401[0m 0.396 ms - 101[0m
[0mPOST /api/auth/logout [33m401[0m 0.258 ms - 101[0m
[0mGET / [32m200[0m 2.778 ms - 21770[0m
[0mPOST /api/auth/refresh [33m401[0m 0.468 ms - 101[0m
[0mGET / [32m200[0m 1.225 ms - 21770[0m
[0mPOST /api/auth/logout [33m401[0m 0.195 ms - 101[0m
[0mPOST /api/auth/refresh [33m401[0m 0.432 ms - 101[0m
[0mGET / [32m200[0m 2.589 ms - 21770[0m
[0mPOST /api/auth/logout [33m401[0m 0.267 ms - 101[0m
[0mGET / [32m200[0m 2.044 ms - 21770[0m
[0mPOST /api/auth/refresh [33m401[0m 0.320 ms - 101[0m
[0mGET / [32m200[0m 1.617 ms - 21770[0m
[0mPOST /api/auth/logout [33m401[0m 0.235 ms - 101[0m
[0mPOST /api/auth/refresh [33m401[0m 0.456 ms - 101[0m
[0mGET / [32m200[0m 2.714 ms - 21770[0m
[0mPOST /api/auth/logout [33m401[0m 0.189 ms - 101[0m
[0mPOST /api/auth/refresh [33m401[0m 0.462 ms - 101[0m
[0mPOST /api/auth/logout [33m401[0m 0.217 ms - 101[0m
[0mPOST /api/auth/refresh [33m401[0m 0.330 ms - 101[0m
[0mGET / [32m200[0m 1.138 ms - 21770[0m
[0mPOST /api/auth/logout [33m401[0m 0.241 ms - 101[0m
[0mPOST /api/auth/refresh [33m401[0m 0.326 ms - 101[0m
[0mPOST /api/auth/logout [33m401[0m 0.221 ms - 101[0m
[0mPOST /api/auth/refresh [33m401[0m 0.413 ms - 101[0m
[0mPOST /api/auth/logout [33m401[0m 0.229 ms - 101[0m
[0mPOST /api/auth/refresh [33m401[0m 0.316 ms - 101[0m
[0mPOST /api/auth/logout [33m401[0m 0.178 ms - 101[0m
[0mPOST /api/auth/refresh [33m401[0m 0.296 ms - 101[0m
[0mPOST /api/auth/logout [33m401[0m 0.192 ms - 101[0m
[0mPOST /api/auth/refresh [33m401[0m 0.238 ms - 101[0m
[0mPOST /api/auth/logout [33m401[0m 0.168 ms - 101[0m
[0mPOST /api/auth/refresh [33m401[0m 0.342 ms - 101[0m
[0mPOST /api/auth/logout [33m401[0m 0.219 ms - 101[0m
[0mPOST /api/auth/refresh [33m401[0m 0.388 ms - 101[0m
[0mGET / [32m200[0m 1.208 ms - 21770[0m
[0mPOST /api/auth/logout [33m401[0m 0.258 ms - 101[0m
[0mPOST /api/auth/refresh [33m401[0m 0.352 ms - 101[0m
[0mGET / [32m200[0m 1.249 ms - 21770[0m
[0mPOST /api/auth/logout [33m401[0m 0.270 ms - 101[0m
[0mPOST /api/auth/refresh [33m401[0m 0.516 ms - 101[0m
[0mGET / [32m200[0m 1.448 ms - 21770[0m
[0mPOST /api/auth/logout [33m401[0m 0.231 ms - 101[0m
[0mPOST /api/auth/refresh [33m401[0m 0.519 ms - 101[0m
[0mGET / [32m200[0m 1.767 ms - 21770[0m
[0mPOST /api/auth/logout [33m401[0m 0.281 ms - 101[0m
[0mGET / [32m200[0m 1.719 ms - 21770[0m
[0mPOST /api/auth/refresh [33m401[0m 0.318 ms - 101[0m
[0mPOST /api/auth/logout [33m401[0m 0.243 ms - 101[0m
[0mGET / [0m-[0m - ms - -[0m
[0mGET / [0m-[0m - ms - -[0m
[0mPOST /api/auth/refresh [33m401[0m 0.279 ms - 101[0m
[0mGET / [32m200[0m 1.139 ms - 21770[0m
[0mPOST /api/auth/logout [33m401[0m 0.167 ms - 101[0m
[0mGET / [32m200[0m 1.913 ms - 21770[0m
[0mPOST /api/auth/refresh [33m401[0m 0.294 ms - 101[0m
[0mGET / [32m200[0m 1.456 ms - 21770[0m
[0mPOST /api/auth/logout [33m401[0m 0.241 ms - 101[0m
[0mPOST /api/auth/refresh [33m401[0m 0.346 ms - 101[0m
[0mGET / [32m200[0m 1.381 ms - 21770[0m
[0mPOST /api/auth/logout [33m401[0m 0.187 ms - 101[0m
[0mGET / [32m200[0m 1.556 ms - 21770[0m
[0mPOST /api/auth/refresh [33m401[0m 0.314 ms - 101[0m
[0mGET / [32m200[0m 1.413 ms - 21770[0m
[0mPOST /api/auth/logout [33m401[0m 0.210 ms - 101[0m
[0mPOST /api/auth/refresh [33m401[0m 0.396 ms - 101[0m
[0mGET / [32m200[0m 1.365 ms - 21770[0m
[0mPOST /api/auth/logout [33m401[0m 0.179 ms - 101[0m
[0mGET / [32m200[0m 1.253 ms - 21770[0m
[0mPOST /api/auth/refresh [33m401[0m 0.360 ms - 101[0m
[0mPOST /api/auth/logout [33m401[0m 0.247 ms - 101[0m
[0mGET / [32m200[0m 1.515 ms - 21770[0m
[0mPOST /api/auth/refresh [33m401[0m 0.407 ms - 101[0m
[0mGET / [32m200[0m 1.260 ms - 21770[0m
[0mPOST /api/auth/logout [33m401[0m 0.195 ms - 101[0m
[0mPOST /api/auth/refresh [33m401[0m 0.329 ms - 101[0m
[0mGET / [32m200[0m 1.308 ms - 21770[0m
[0mPOST /api/auth/logout [33m401[0m 0.192 ms - 101[0m
[0mGET / [32m200[0m 1.428 ms - 21770[0m
[0mPOST /api/auth/refresh [33m401[0m 0.393 ms - 101[0m
[0mPOST /api/auth/logout [33m401[0m 0.304 ms - 101[0m
[0mGET / [32m200[0m 1.232 ms - 21770[0m
[0mPOST /api/auth/refresh [33m401[0m 0.363 ms - 101[0m
[0mGET / [32m200[0m 1.204 ms - 21770[0m
[0mPOST /api/auth/logout [33m401[0m 0.253 ms - 101[0m
[0mPOST /api/auth/refresh [33m401[0m 0.340 ms - 101[0m
[0mGET / [32m200[0m 2.304 ms - 21770[0m
[0mPOST /api/auth/logout [33m401[0m 0.202 ms - 101[0m
[0mPOST /api/auth/refresh [33m401[0m 0.385 ms - 101[0m
[0mGET / [32m200[0m 1.221 ms - 21770[0m
[0mPOST /api/auth/logout [33m401[0m 0.198 ms - 101[0m
[0mPOST /api/auth/refresh [33m401[0m 0.347 ms - 101[0m
[0mGET / [32m200[0m 1.351 ms - 21770[0m
[0mPOST /api/auth/logout [33m401[0m 0.286 ms - 101[0m
[0mGET / [32m200[0m 1.228 ms - 21770[0m
[0mPOST /api/auth/refresh [33m401[0m 0.462 ms - 101[0m
[0mPOST /api/auth/logout [33m401[0m 0.198 ms - 101[0m
[0mGET / [32m200[0m 1.422 ms - 21770[0m
[0mPOST /api/auth/refresh [33m401[0m 0.422 ms - 101[0m
[0mGET / [32m200[0m 1.300 ms - 21770[0m
[0mPOST /api/auth/logout [33m401[0m 0.190 ms - 101[0m
[0mPOST /api/auth/refresh [33m401[0m 0.358 ms - 101[0m
[0mGET / [32m200[0m 1.222 ms - 21770[0m
[0mPOST /api/auth/logout [33m401[0m 0.238 ms - 101[0m
[0mPOST /api/auth/refresh [33m401[0m 0.345 ms - 101[0m
[0mGET / [32m200[0m 1.520 ms - 21770[0m
[0mPOST /api/auth/logout [33m401[0m 0.257 ms - 101[0m
[0mPOST /api/auth/refresh [33m401[0m 0.372 ms - 101[0m
[0mGET / [32m200[0m 1.622 ms - 21770[0m
[0mPOST /api/auth/logout [33m401[0m 0.242 ms - 101[0m
[0mGET / [32m200[0m 1.691 ms - 21770[0m
[0mPOST /api/auth/refresh [33m401[0m 0.432 ms - 101[0m
[0mPOST /api/auth/logout [33m401[0m 0.199 ms - 101[0m
[0mPOST /api/auth/refresh [33m401[0m 0.413 ms - 101[0m
[0mPOST /api/auth/logout [33m401[0m 0.264 ms - 101[0m
[0mGET / [32m200[0m 2.385 ms - 21770[0m
[0mPOST /api/auth/refresh [33m401[0m 0.376 ms - 101[0m
[0mPOST /api/auth/logout [33m401[0m 0.202 ms - 101[0m
[0mPOST /api/auth/refresh [33m401[0m 0.319 ms - 101[0m
[0mPOST /api/auth/logout [33m401[0m 0.216 ms - 101[0m
[0mGET / [32m200[0m 1.302 ms - 21770[0m
[0mPOST /api/auth/refresh [33m401[0m 0.433 ms - 101[0m
[0mPOST /api/auth/logout [33m401[0m 0.212 ms - 101[0m
[0mPOST /api/auth/refresh [33m401[0m 0.382 ms - 101[0m
[0mGET / [32m200[0m 2.899 ms - 21770[0m
[0mPOST /api/auth/logout [33m401[0m 0.298 ms - 101[0m
[0mGET / [32m200[0m 1.301 ms - 21770[0m
[0mPOST /api/auth/refresh [33m401[0m 0.324 ms - 101[0m
[0mGET / [32m200[0m 1.438 ms - 21770[0m
[0mPOST /api/auth/logout [33m401[0m 0.178 ms - 101[0m
[0mPOST /api/auth/refresh [33m401[0m 0.327 ms - 101[0m
[0mPOST /api/auth/logout [33m401[0m 0.164 ms - 101[0m
[0mPOST /api/auth/refresh [33m401[0m 0.277 ms - 101[0m
[0mGET / [32m200[0m 1.095 ms - 21770[0m
[0mPOST /api/auth/logout [33m401[0m 0.156 ms - 101[0m
[0mPOST /api/auth/refresh [33m401[0m 0.452 ms - 101[0m
[0mGET / [32m200[0m 1.253 ms - 21770[0m
[0mGET / [32m200[0m 1.315 ms - 21770[0m
[0mPOST /api/auth/logout [33m401[0m 0.270 ms - 101[0m
[0mGET / [32m200[0m 1.416 ms - 21770[0m
[0mPOST /api/auth/refresh [33m401[0m 0.479 ms - 101[0m
[0mPOST /api/auth/logout [33m401[0m 0.279 ms - 101[0m
[0mGET / [32m200[0m 1.509 ms - 21770[0m
[0mPOST /api/auth/refresh [33m401[0m 0.446 ms - 101[0m
[0mGET / [0m-[0m - ms - -[0m
[0mPOST /api/auth/logout [33m401[0m 0.167 ms - 101[0m
[0mPOST /api/auth/refresh [33m401[0m 0.282 ms - 101[0m
[0mGET / [0m-[0m - ms - -[0m
[0mGET / [32m200[0m 3.597 ms - 21770[0m
[0mPOST /api/auth/logout [33m401[0m 0.161 ms - 101[0m
[0mPOST /api/auth/refresh [33m401[0m 0.281 ms - 101[0m
[0mPOST /api/auth/logout [33m401[0m 0.225 ms - 101[0m
[0mPOST /api/auth/refresh [33m401[0m 0.321 ms - 101[0m
[0mGET / [32m200[0m 1.747 ms - 21770[0m
[0mPOST /api/auth/logout [33m401[0m 0.178 ms - 101[0m
[0mPOST /api/auth/refresh [33m401[0m 0.282 ms - 101[0m
[0mPOST /api/auth/logout [33m401[0m 0.182 ms - 101[0m
[0mPOST /api/auth/refresh [33m401[0m 0.372 ms - 101[0m
[0mGET / [32m200[0m 1.599 ms - 21770[0m
[0mPOST /api/auth/logout [33m401[0m 0.179 ms - 101[0m
[0mPOST /api/auth/refresh [33m401[0m 0.454 ms - 101[0m
[0mGET / [32m200[0m 1.336 ms - 21770[0m
[0mPOST /api/auth/logout [33m401[0m 0.214 ms - 101[0m
[0mGET / [32m200[0m 1.274 ms - 21770[0m
[0mPOST /api/auth/refresh [33m401[0m 0.326 ms - 101[0m
[0mPOST /api/auth/logout [33m401[0m 0.292 ms - 101[0m
[0mGET / [32m200[0m 1.699 ms - 21770[0m
[0mPOST /api/auth/refresh [33m401[0m 0.479 ms - 101[0m
[0mGET / [32m200[0m 2.059 ms - 21770[0m
[0mPOST /api/auth/logout [33m401[0m 0.268 ms - 101[0m
[0mPOST /api/auth/refresh [33m401[0m 0.493 ms - 101[0m
[0mGET / [32m200[0m 1.584 ms - 21770[0m
[0mPOST /api/auth/logout [33m401[0m 0.340 ms - 101[0m
[0mPOST /api/auth/refresh [33m401[0m 0.342 ms - 101[0m
[0mPOST /api/auth/logout [33m401[0m 0.308 ms - 101[0m
[0mPOST /api/auth/refresh [33m401[0m 0.354 ms - 101[0m
[0mGET / [32m200[0m 1.375 ms - 21770[0m
[0mPOST /api/auth/logout [33m401[0m 0.335 ms - 101[0m
[0mGET / [32m200[0m 1.802 ms - 21770[0m
[0mPOST /api/auth/refresh [33m401[0m 0.404 ms - 101[0m
[0mGET / [32m200[0m 1.848 ms - 21770[0m
[0mPOST /api/auth/logout [33m401[0m 0.245 ms - 101[0m
[0mPOST /api/auth/refresh [33m401[0m 0.325 ms - 101[0m
[0mGET / [32m200[0m 2.189 ms - 21770[0m
[0mPOST /api/auth/logout [33m401[0m 0.344 ms - 101[0m
[0mPOST /api/auth/refresh [33m401[0m 0.381 ms - 101[0m
[0mPOST /api/auth/logout [33m401[0m 0.190 ms - 101[0m
[0mPOST /api/auth/refresh [33m401[0m 0.433 ms - 101[0m
[0mGET / [32m200[0m 2.000 ms - 21770[0m
[0mPOST /api/auth/logout [33m401[0m 0.275 ms - 101[0m
[0mGET / [32m200[0m 1.446 ms - 21770[0m
[0mPOST /api/auth/refresh [33m401[0m 0.426 ms - 101[0m
[0mPOST /api/auth/logout [33m401[0m 0.336 ms - 101[0m
[0mGET / [32m200[0m 1.485 ms - 21770[0m
[0mPOST /api/auth/refresh [33m401[0m 0.540 ms - 101[0m
[0mGET / [32m200[0m 1.451 ms - 21770[0m
[0mPOST /api/auth/logout [33m401[0m 0.251 ms - 101[0m
[0mPOST /api/auth/refresh [33m401[0m 0.391 ms - 101[0m
[0mGET / [32m200[0m 2.648 ms - 21770[0m
[0mPOST /api/auth/logout [33m401[0m 0.300 ms - 101[0m
[0mGET / [32m200[0m 1.514 ms - 21770[0m
[0mPOST /api/auth/refresh [33m401[0m 0.407 ms - 101[0m
[0mPOST /api/auth/logout [33m401[0m 0.207 ms - 101[0m
[0mPOST /api/auth/refresh [33m401[0m 0.318 ms - 101[0m
[0mPOST /api/auth/logout [33m401[0m 0.193 ms - 101[0m
[0mPOST /api/auth/refresh [33m401[0m 0.315 ms - 101[0m
[0mPOST /api/auth/logout [33m401[0m 0.213 ms - 101[0m
[0mPOST /api/auth/refresh [33m401[0m 0.488 ms - 101[0m
[0mGET / [32m200[0m 1.322 ms - 21770[0m
[0mPOST /api/auth/logout [33m401[0m 0.270 ms - 101[0m
[0mPOST /api/auth/refresh [33m401[0m 0.349 ms - 101[0m
[0mGET / [32m200[0m 2.525 ms - 21770[0m
[0mPOST /api/auth/logout [33m401[0m 0.230 ms - 101[0m
[0mGET / [32m200[0m 1.563 ms - 21770[0m
[0mPOST /api/auth/refresh [33m401[0m 0.489 ms - 101[0m
[0mGET / [32m200[0m 1.443 ms - 21770[0m
[0mPOST /api/auth/logout [33m401[0m 0.269 ms - 101[0m
[0mPOST /api/auth/refresh [33m401[0m 0.349 ms - 101[0m
[0mGET / [32m200[0m 1.258 ms - 21770[0m
[0mPOST /api/auth/logout [33m401[0m 0.197 ms - 101[0m
[0mPOST /api/auth/refresh [33m401[0m 0.322 ms - 101[0m
[0mPOST /api/auth/logout [33m401[0m 0.191 ms - 101[0m
[0mPOST /api/auth/refresh [33m401[0m 0.404 ms - 101[0m
[0mPOST /api/auth/logout [33m401[0m 0.201 ms - 101[0m
[0mPOST /api/auth/refresh [33m401[0m 0.306 ms - 101[0m
[0mPOST /api/auth/logout [33m401[0m 0.190 ms - 101[0m
[0mPOST /api/auth/refresh [33m401[0m 0.295 ms - 101[0m
[0mPOST /api/auth/logout [33m401[0m 0.181 ms - 101[0m
[0mPOST /api/auth/refresh [33m401[0m 0.356 ms - 101[0m
[0mPOST /api/auth/logout [33m401[0m 0.187 ms - 101[0m
[0mPOST /api/auth/refresh [33m401[0m 0.349 ms - 101[0m
[0mPOST /api/auth/logout [33m401[0m 0.175 ms - 101[0m
[0mPOST /api/auth/refresh [33m401[0m 0.296 ms - 101[0m
[0mPOST /api/auth/logout [33m401[0m 0.184 ms - 101[0m
[0mPOST /api/auth/refresh [33m401[0m 0.376 ms - 101[0m
[0mPOST /api/auth/logout [33m401[0m 0.259 ms - 101[0m
[0mPOST /api/auth/refresh [33m401[0m 0.546 ms - 101[0m
[0mGET / [32m200[0m 1.630 ms - 21770[0m
[0mPOST /api/auth/logout [33m401[0m 0.192 ms - 101[0m
[0mPOST /api/auth/refresh [33m401[0m 0.328 ms - 101[0m
[0mGET / [32m200[0m 2.273 ms - 21770[0m
[0mGET / [32m200[0m 1.479 ms - 21770[0m
[0mPOST /api/auth/logout [33m401[0m 0.349 ms - 101[0m
[0mPOST /api/auth/refresh [33m401[0m 0.417 ms - 101[0m
[0mGET / [32m200[0m 1.416 ms - 21770[0m
[0mPOST /api/auth/logout [33m401[0m 0.237 ms - 101[0m
[0mPOST /api/auth/refresh [33m401[0m 0.377 ms - 101[0m
[0mGET / [32m200[0m 1.198 ms - 21770[0m
[0mPOST /api/auth/logout [33m401[0m 0.336 ms - 101[0m
[0mPOST /api/auth/refresh [33m401[0m 0.477 ms - 101[0m
[0mPOST /api/auth/logout [33m401[0m 0.215 ms - 101[0m
[0mPOST /api/auth/refresh [33m401[0m 0.368 ms - 101[0m
[0mGET / [32m200[0m 1.365 ms - 21770[0m
[0mPOST /api/auth/logout [33m401[0m 0.203 ms - 101[0m
[0mGET / [32m200[0m 1.585 ms - 21770[0m
[0mPOST /api/auth/refresh [33m401[0m 0.415 ms - 101[0m
[0mGET / [32m200[0m 1.508 ms - 21770[0m
[0mPOST /api/auth/logout [33m401[0m 0.273 ms - 101[0m
[0mPOST /api/auth/refresh [33m401[0m 0.370 ms - 101[0m
[0mGET / [32m200[0m 1.384 ms - 21770[0m
[0mPOST /api/auth/logout [33m401[0m 0.332 ms - 101[0m
[0mPOST /api/auth/refresh [33m401[0m 0.374 ms - 101[0m
[0mGET / [32m200[0m 1.320 ms - 21770[0m
[0mPOST /api/auth/logout [33m401[0m 0.300 ms - 101[0m
[0mPOST /api/auth/refresh [33m401[0m 0.348 ms - 101[0m
[0mPOST /api/auth/logout [33m401[0m 0.202 ms - 101[0m
[0mPOST /api/auth/refresh [33m401[0m 0.339 ms - 101[0m
[0mGET / [32m200[0m 1.331 ms - 21770[0m
[0mPOST /api/auth/logout [33m401[0m 0.245 ms - 101[0m
[0mPOST /api/auth/refresh [33m401[0m 0.352 ms - 101[0m
[0mGET / [32m200[0m 1.224 ms - 21770[0m
[0mPOST /api/auth/logout [33m401[0m 0.266 ms - 101[0m
[0mPOST /api/auth/refresh [33m401[0m 0.372 ms - 101[0m
[0mGET / [32m200[0m 1.245 ms - 21770[0m
[0mPOST /api/auth/logout [33m401[0m 0.173 ms - 101[0m
[0mPOST /api/auth/refresh [33m401[0m 0.442 ms - 101[0m
[0mGET / [32m200[0m 1.347 ms - 21770[0m
[0mPOST /api/auth/logout [33m401[0m 0.327 ms - 101[0m
[0mPOST /api/auth/refresh [33m401[0m 0.415 ms - 101[0m
[0mGET / [32m200[0m 1.617 ms - 21770[0m
[0mPOST /api/auth/logout [33m401[0m 0.322 ms - 101[0m
[0mPOST /api/auth/refresh [33m401[0m 0.370 ms - 101[0m
[0mGET / [32m200[0m 1.426 ms - 21770[0m
[0mPOST /api/auth/logout [33m401[0m 0.183 ms - 101[0m
[0mGET / [32m200[0m 1.264 ms - 21770[0m
[0mPOST /api/auth/refresh [33m401[0m 0.334 ms - 101[0m
[0mGET / [32m200[0m 1.506 ms - 21770[0m
[0mPOST /api/auth/logout [33m401[0m 0.199 ms - 101[0m
[0mPOST /api/auth/refresh [33m401[0m 0.403 ms - 101[0m
[0mGET / [32m200[0m 1.703 ms - 21770[0m
[0mPOST /api/auth/logout [33m401[0m 0.283 ms - 101[0m
[0mPOST /api/auth/refresh [33m401[0m 0.475 ms - 101[0m
[0mGET / [0m-[0m - ms - -[0m
[0mPOST /api/auth/logout [33m401[0m 0.215 ms - 101[0m
[0mPOST /api/auth/refresh [33m401[0m 0.367 ms - 101[0m
[0mPOST /api/auth/logout [33m401[0m 0.299 ms - 101[0m
[0mGET / [32m200[0m 1.388 ms - 21770[0m
[0mPOST /api/auth/refresh [33m401[0m 0.393 ms - 101[0m
[0mPOST /api/auth/logout [33m401[0m 0.230 ms - 101[0m
[0mGET / [32m200[0m 1.552 ms - 21770[0m
[0mPOST /api/auth/refresh [33m401[0m 0.356 ms - 101[0m
[0mGET / [32m200[0m 1.576 ms - 21770[0m
[0mPOST /api/auth/logout [33m401[0m 0.210 ms - 101[0m
[0mGET / [32m200[0m 1.396 ms - 21770[0m
[0mPOST /api/auth/refresh [33m401[0m 0.371 ms - 101[0m
[0mPOST /api/auth/logout [33m401[0m 0.213 ms - 101[0m
[0mGET / [32m200[0m 1.405 ms - 21770[0m
[0mPOST /api/auth/refresh [33m401[0m 0.400 ms - 101[0m
[0mPOST /api/auth/logout [33m401[0m 0.288 ms - 101[0m
[0mPOST /api/auth/refresh [33m401[0m 0.420 ms - 101[0m
[0mPOST /api/auth/logout [33m401[0m 0.265 ms - 101[0m
[0mGET / [32m200[0m 1.601 ms - 21770[0m
[0mPOST /api/auth/refresh [33m401[0m 0.433 ms - 101[0m
[0mPOST /api/auth/logout [33m401[0m 0.224 ms - 101[0m
[0mGET / [32m200[0m 1.209 ms - 21770[0m
[0mPOST /api/auth/refresh [33m401[0m 0.350 ms - 101[0m
[0mGET / [32m200[0m 1.601 ms - 21770[0m
[0mPOST /api/auth/logout [33m401[0m 0.196 ms - 101[0m
[0mPOST /api/auth/refresh [33m401[0m 0.395 ms - 101[0m
[0mPOST /api/auth/logout [33m401[0m 0.191 ms - 101[0m
[0mGET / [32m200[0m 1.218 ms - 21770[0m
[0mPOST /api/auth/refresh [33m401[0m 0.389 ms - 101[0m
[0mPOST /api/auth/logout [33m401[0m 0.216 ms - 101[0m
[0mPOST /api/auth/refresh [33m401[0m 0.507 ms - 101[0m
[0mGET / [32m200[0m 1.218 ms - 21770[0m
[0mPOST /api/auth/logout [33m401[0m 0.191 ms - 101[0m
[0mPOST /api/auth/refresh [33m401[0m 0.313 ms - 101[0m
[0mGET / [32m200[0m 1.189 ms - 21770[0m
[0mPOST /api/auth/logout [33m401[0m 0.201 ms - 101[0m
[0mPOST /api/auth/refresh [33m401[0m 0.364 ms - 101[0m
[0mPOST /api/auth/logout [33m401[0m 0.181 ms - 101[0m
[0mPOST /api/auth/refresh [33m401[0m 0.595 ms - 101[0m
[0mGET / [32m200[0m 1.417 ms - 21770[0m
[0mPOST /api/auth/logout [33m401[0m 0.342 ms - 101[0m
[0mGET / [32m200[0m 1.707 ms - 21770[0m
[0mPOST /api/auth/refresh [33m401[0m 0.486 ms - 101[0m
[0mGET / [32m200[0m 1.633 ms - 21770[0m
[0mPOST /api/auth/logout [33m401[0m 0.175 ms - 101[0m
[0mGET / [32m200[0m 1.710 ms - 21770[0m
[0mPOST /api/auth/refresh [33m401[0m 0.342 ms - 101[0m
[0mGET / [32m200[0m 1.667 ms - 21770[0m
[0mPOST /api/auth/logout [33m401[0m 0.220 ms - 101[0m
[0mPOST /api/auth/refresh [33m401[0m 0.310 ms - 101[0m
[0mGET / [32m200[0m 1.728 ms - 21770[0m
[0mPOST /api/auth/logout [33m401[0m 0.223 ms - 101[0m
[0mPOST /api/auth/refresh [33m401[0m 0.500 ms - 101[0m
[0mGET / [32m200[0m 1.695 ms - 21770[0m
[0mPOST /api/auth/logout [33m401[0m 0.203 ms - 101[0m
[0mGET / [32m200[0m 1.253 ms - 21770[0m
[0mPOST /api/auth/refresh [33m401[0m 0.339 ms - 101[0m
[0mPOST /api/auth/logout [33m401[0m 0.201 ms - 101[0m
[0mPOST /api/auth/refresh [33m401[0m 0.395 ms - 101[0m
[0mPOST /api/auth/logout [33m401[0m 0.209 ms - 101[0m
[0mPOST /api/auth/refresh [33m401[0m 0.359 ms - 101[0m
[0mGET / [32m200[0m 1.726 ms - 21770[0m
[0mPOST /api/auth/logout [33m401[0m 0.179 ms - 101[0m
[0mGET / [32m200[0m 1.236 ms - 21770[0m
[0mPOST /api/auth/refresh [33m401[0m 0.364 ms - 101[0m
[0mPOST /api/auth/logout [33m401[0m 0.245 ms - 101[0m
[0mGET / [32m200[0m 3.844 ms - 21770[0m
[0mPOST /api/auth/refresh [33m401[0m 0.479 ms - 101[0m
[0mGET / [32m200[0m 2.247 ms - 21770[0m
[0mPOST /api/auth/logout [33m401[0m 0.386 ms - 101[0m
[0mPOST /api/auth/refresh [33m401[0m 0.456 ms - 101[0m
[0mGET / [32m200[0m 1.937 ms - 21770[0m
[0mPOST /api/auth/logout [33m401[0m 0.301 ms - 101[0m
[0mPOST /api/auth/refresh [33m401[0m 0.369 ms - 101[0m
[0mGET / [0m-[0m - ms - -[0m
[0mPOST /api/auth/logout [33m401[0m 0.189 ms - 101[0m
[0mPOST /api/auth/refresh [33m401[0m 0.585 ms - 101[0m
[0mGET / [32m200[0m 1.332 ms - 21770[0m
[0mPOST /api/auth/logout [33m401[0m 0.207 ms - 101[0m
[0mPOST /api/auth/refresh [33m401[0m 0.409 ms - 101[0m
[0mPOST /api/auth/logout [33m401[0m 0.188 ms - 101[0m
[0mPOST /api/auth/refresh [33m401[0m 0.313 ms - 101[0m
[0mPOST /api/auth/logout [33m401[0m 0.335 ms - 101[0m
[0mGET / [32m200[0m 1.781 ms - 21770[0m
[0mPOST /api/auth/refresh [33m401[0m 0.339 ms - 101[0m
[0mGET / [32m200[0m 1.934 ms - 21770[0m
[0mPOST /api/auth/logout [33m401[0m 0.296 ms - 101[0m
[0mPOST /api/auth/refresh [33m401[0m 0.447 ms - 101[0m
[0mGET / [32m200[0m 1.262 ms - 21770[0m
[0mPOST /api/auth/logout [33m401[0m 0.210 ms - 101[0m
[0mGET / [0m-[0m - ms - -[0m
[0mPOST /api/auth/refresh [33m401[0m 0.270 ms - 101[0m
[0mPOST /api/auth/logout [33m401[0m 0.161 ms - 101[0m
[0mGET / [0m-[0m - ms - -[0m
[0mGET / [0m-[0m - ms - -[0m
[0mPOST /api/auth/refresh [33m401[0m 0.275 ms - 101[0m
[0mGET / [32m200[0m 2.279 ms - 21770[0m
[0mPOST /api/auth/logout [33m401[0m 0.268 ms - 101[0m
[0mPOST /api/auth/refresh [33m401[0m 0.478 ms - 101[0m
[0mGET / [32m200[0m 1.350 ms - 21770[0m
[0mGET /css/bootstrap.min.css [36m304[0m 0.586 ms - -[0m
[0mGET /css/bootstrap-icons.css [36m304[0m 0.744 ms - -[0m
[0mGET /css/app.css [36m304[0m 0.254 ms - -[0m
[0mGET /images/logo.png [36m304[0m 0.478 ms - -[0m
[0mGET /js/bootstrap.bundle.min.js [36m304[0m 0.459 ms - -[0m
[0mGET /js/app.js [36m304[0m 0.400 ms - -[0m
[0mGET /css/fonts.css [36m304[0m 0.318 ms - -[0m
[0mGET /js/bootstrap.bundle.min.js.map [33m404[0m 0.532 ms - 82[0m
[0mGET /images/bg.png [36m304[0m 0.349 ms - -[0m
[0mGET /fonts/inter-latin.woff2 [36m304[0m 0.329 ms - -[0m
[0mGET /css/bootstrap.min.css.map [33m404[0m 0.686 ms - 77[0m
[0mGET /api/auth/sso/config [32m200[0m 0.841 ms - 96[0m
[0mGET /api/auth/ldap/config [32m200[0m 0.627 ms - 502[0m
[0mGET /database [32m200[0m 3.614 ms - 47517[0m
[0mGET /css/bootstrap.min.css [36m304[0m 1.147 ms - -[0m
[0mGET /css/bootstrap-icons.css [36m304[0m 1.091 ms - -[0m
[0mGET /css/app.css [36m304[0m 1.155 ms - -[0m
[0mGET /images/logo.png [36m304[0m 1.900 ms - -[0m
[0mGET /js/bootstrap.bundle.min.js [36m304[0m 0.658 ms - -[0m
[0mGET /css/fonts.css [36m304[0m 0.281 ms - -[0m
[0mGET /js/app.js [36m304[0m 0.484 ms - -[0m
[0mGET /js/database.js [36m304[0m 0.552 ms - -[0m
[0mGET /js/bootstrap.bundle.min.js.map [33m404[0m 0.520 ms - 82[0m
[0mPOST /api/auth/logout [33m401[0m 0.405 ms - 101[0m
[0mGET /api/system/check-install [33m401[0m 0.509 ms - 101[0m
[0mGET /images/bg.png [36m304[0m 0.363 ms - -[0m
[0mGET /fonts/inter-latin.woff2 [36m304[0m 0.787 ms - -[0m
[0mGET /fonts/jetbrains-mono-latin.woff2 [36m304[0m 0.989 ms - -[0m
[0mGET / [32m200[0m 1.479 ms - 21770[0m
[0mGET /css/bootstrap.min.css [36m304[0m 0.959 ms - -[0m
[0mGET /css/bootstrap-icons.css [36m304[0m 0.995 ms - -[0m
[0mGET /css/app.css [36m304[0m 1.537 ms - -[0m
[0mGET /images/logo.png [36m304[0m 0.678 ms - -[0m
[0mGET /js/bootstrap.bundle.min.js [36m304[0m 0.683 ms - -[0m
[0mGET /js/app.js [36m304[0m 0.455 ms - -[0m
[0mGET /css/fonts.css [36m304[0m 0.481 ms - -[0m
[0mGET /api/auth/sso/config [32m200[0m 0.646 ms - 96[0m
[0mGET /js/bootstrap.bundle.min.js.map [33m404[0m 0.481 ms - 82[0m
[0mGET /images/bg.png [36m304[0m 0.499 ms - -[0m
[0mGET /fonts/inter-latin.woff2 [36m304[0m 0.393 ms - -[0m
[0mGET /css/bootstrap.min.css.map [33m404[0m 0.368 ms - 77[0m
[0mGET /api/auth/ldap/config [32m200[0m 0.478 ms - 502[0m
[0mPOST /api/login [33m404[0m 0.590 ms - 62[0m
10:31:06 [[33MWARN[39M]: Login failed: Invalid credentials
[0mPOST /api/auth/login [33m401[0m 0.952 ms - 88[0m
10:31:16 [[33MWARN[39M]: Login failed: Invalid credentials
[0mPOST /api/auth/login [33m401[0m 0.745 ms - 88[0m
[0mPOST /api/auth/refresh [33m401[0m 0.281 ms - 101[0m
[0mPOST /api/auth/logout [33m401[0m 0.193 ms - 101[0m
[0mPOST /api/auth/refresh [33m401[0m 0.268 ms - 101[0m
[0mPOST /api/auth/logout [33m401[0m 0.170 ms - 101[0m
[0mPOST /api/auth/refresh [33m401[0m 0.698 ms - 101[0m
[0mPOST /api/auth/logout [33m401[0m 0.226 ms - 101[0m
[0mPOST /api/auth/refresh [33m401[0m 0.284 ms - 101[0m
[0mPOST /api/auth/logout [33m401[0m 0.165 ms - 101[0m
[0mGET / [32m200[0m 1.207 ms - 21770[0m
[0mPOST /api/auth/refresh [33m401[0m 0.412 ms - 101[0m
[0mPOST /api/auth/logout [33m401[0m 0.177 ms - 101[0m
[0mPOST /api/auth/refresh [33m401[0m 0.508 ms - 101[0m
[0mPOST /api/auth/logout [33m401[0m 0.344 ms - 101[0m
[0mGET / [0m-[0m - ms - -[0m
[0mPOST /api/auth/refresh [33m401[0m 0.379 ms - 101[0m
[0mGET / [0m-[0m - ms - -[0m
[0mPOST /api/auth/logout [33m401[0m 0.232 ms - 101[0m
[0mPOST /api/auth/refresh [33m401[0m 0.347 ms - 101[0m
[0mGET / [32m200[0m 2.654 ms - 21770[0m
[0mPOST /api/auth/logout [33m401[0m 0.168 ms - 101[0m
[0mGET / [0m-[0m - ms - -[0m
[0mPOST /api/auth/refresh [33m401[0m 0.267 ms - 101[0m
[0mGET / [32m200[0m 2.202 ms - 21770[0m
[0mPOST /api/auth/logout [33m401[0m 0.174 ms - 101[0m
[0mGET / [32m200[0m 1.581 ms - 21770[0m
[0mPOST /api/auth/refresh [33m401[0m 0.283 ms - 101[0m
[0mPOST /api/auth/logout [33m401[0m 0.181 ms - 101[0m
[0mPOST /api/auth/refresh [33m401[0m 0.295 ms - 101[0m
[0mGET / [32m200[0m 2.493 ms - 21770[0m
[0mPOST /api/auth/logout [33m401[0m 0.155 ms - 101[0m
[0mGET / [32m200[0m 1.399 ms - 21770[0m
[0mPOST /api/auth/refresh [33m401[0m 0.307 ms - 101[0m
[0mPOST /api/auth/logout [33m401[0m 0.200 ms - 101[0m
[0mGET / [32m200[0m 2.120 ms - 21770[0m
[0mPOST /api/auth/refresh [33m401[0m 0.432 ms - 101[0m
[0mGET / [32m200[0m 1.632 ms - 21770[0m
[0mPOST /api/auth/logout [33m401[0m 0.194 ms - 101[0m
[0mPOST /api/auth/refresh [33m401[0m 0.312 ms - 101[0m
[0mGET / [32m200[0m 1.794 ms - 21770[0m
[0mPOST /api/auth/logout [33m401[0m 0.236 ms - 101[0m
[0mGET / [32m200[0m 1.929 ms - 21770[0m
[0mPOST /api/auth/refresh [33m401[0m 0.488 ms - 101[0m
[0mPOST /api/auth/logout [33m401[0m 0.173 ms - 101[0m
[0mPOST /api/auth/refresh [33m401[0m 0.465 ms - 101[0m
[0mGET / [32m200[0m 1.264 ms - 21770[0m
[0mPOST /api/auth/logout [33m401[0m 0.178 ms - 101[0m
[0mPOST /api/auth/refresh [33m401[0m 0.326 ms - 101[0m
[0mPOST /api/auth/logout [33m401[0m 0.155 ms - 101[0m
[0mPOST /api/auth/refresh [33m401[0m 0.367 ms - 101[0m
[0mPOST /api/auth/logout [33m401[0m 0.194 ms - 101[0m
[0mGET / [32m200[0m 2.132 ms - 21770[0m
[0mPOST /api/auth/refresh [33m401[0m 0.298 ms - 101[0m
[0mGET / [32m200[0m 1.082 ms - 21770[0m
[0mPOST /api/auth/logout [33m401[0m 0.175 ms - 101[0m
[0mGET / [32m200[0m 1.118 ms - 21770[0m
[0mPOST /api/auth/refresh [33m401[0m 0.267 ms - 101[0m
[0mGET / [32m200[0m 1.544 ms - 21770[0m
[0mPOST /api/auth/logout [33m401[0m 0.167 ms - 101[0m
[0mPOST /api/auth/refresh [33m401[0m 0.578 ms - 101[0m
[0mGET / [32m200[0m 1.538 ms - 21770[0m
[0mPOST /api/auth/logout [33m401[0m 0.248 ms - 101[0m
[0mPOST /api/auth/refresh [33m401[0m 0.362 ms - 101[0m
[0mGET / [0m-[0m - ms - -[0m
[0mPOST /api/auth/logout [33m401[0m 0.179 ms - 101[0m
[0mPOST /api/auth/refresh [33m401[0m 0.275 ms - 101[0m
[0mPOST /api/auth/logout [33m401[0m 0.209 ms - 101[0m
[0mGET / [32m200[0m 1.254 ms - 21770[0m
[0mPOST /api/auth/refresh [33m401[0m 0.351 ms - 101[0m
[0mPOST /api/auth/logout [33m401[0m 0.172 ms - 101[0m
[0mGET / [32m200[0m 2.101 ms - 21770[0m
[0mPOST /api/auth/refresh [33m401[0m 0.317 ms - 101[0m
[0mGET / [32m200[0m 1.370 ms - 21770[0m
[0mPOST /api/auth/logout [33m401[0m 0.180 ms - 101[0m
[0mPOST /api/auth/refresh [33m401[0m 0.357 ms - 101[0m
[0mPOST /api/auth/logout [33m401[0m 0.164 ms - 101[0m
[0mGET / [32m200[0m 2.403 ms - 21770[0m
[0mPOST /api/auth/refresh [33m401[0m 0.330 ms - 101[0m
[0mGET / [32m200[0m 1.345 ms - 21770[0m
[0mPOST /api/auth/logout [33m401[0m 0.158 ms - 101[0m
[0mPOST /api/auth/refresh [33m401[0m 0.329 ms - 101[0m
[0mGET / [32m200[0m 1.350 ms - 21770[0m
[0mPOST /api/auth/logout [33m401[0m 0.278 ms - 101[0m
[0mPOST /api/auth/refresh [33m401[0m 0.462 ms - 101[0m
[0mPOST /api/auth/logout [33m401[0m 0.207 ms - 101[0m
[0mGET / [32m200[0m 1.813 ms - 21770[0m
[0mPOST /api/auth/refresh [33m401[0m 0.323 ms - 101[0m
[0mPOST /api/auth/logout [33m401[0m 0.188 ms - 101[0m
[0mGET / [32m200[0m 1.111 ms - 21770[0m
[0mPOST /api/auth/refresh [33m401[0m 0.317 ms - 101[0m
[0mGET / [32m200[0m 1.081 ms - 21770[0m
[0mPOST /api/auth/logout [33m401[0m 0.199 ms - 101[0m
[0mPOST /api/auth/refresh [33m401[0m 0.416 ms - 101[0m
[0mGET / [32m200[0m 1.475 ms - 21770[0m
[0mPOST /api/auth/logout [33m401[0m 0.189 ms - 101[0m
[0mGET / [32m200[0m 1.081 ms - 21770[0m
[0mPOST /api/auth/refresh [33m401[0m 0.376 ms - 101[0m
[0mPOST /api/auth/logout [33m401[0m 0.203 ms - 101[0m
[0mPOST /api/auth/refresh [33m401[0m 0.261 ms - 101[0m
[0mPOST /api/auth/logout [33m401[0m 0.176 ms - 101[0m
[0mPOST /api/auth/refresh [33m401[0m 0.313 ms - 101[0m
[0mGET / [32m200[0m 1.325 ms - 21770[0m
[0mPOST /api/auth/logout [33m401[0m 0.228 ms - 101[0m
[0mPOST /api/auth/refresh [33m401[0m 0.307 ms - 101[0m
[0mGET / [32m200[0m 1.207 ms - 21770[0m
[0mPOST /api/auth/logout [33m401[0m 0.156 ms - 101[0m
[0mGET / [32m200[0m 1.147 ms - 21770[0m
[0mPOST /api/auth/refresh [33m401[0m 0.307 ms - 101[0m
[0mGET / [32m200[0m 1.190 ms - 21770[0m
[0mPOST /api/auth/logout [33m401[0m 0.185 ms - 101[0m
[0mPOST /api/auth/refresh [33m401[0m 0.339 ms - 101[0m
[0mGET / [32m200[0m 1.268 ms - 21770[0m
[0mPOST /api/auth/logout [33m401[0m 0.935 ms - 101[0m
[0mGET / [32m200[0m 1.170 ms - 21770[0m
[0mPOST /api/auth/refresh [33m401[0m 0.336 ms - 101[0m
[0mPOST /api/auth/logout [33m401[0m 0.172 ms - 101[0m
[0mPOST /api/auth/refresh [33m401[0m 0.323 ms - 101[0m
[0mPOST /api/auth/logout [33m401[0m 0.202 ms - 101[0m
[0mGET / [32m200[0m 1.350 ms - 21770[0m
[0mPOST /api/auth/refresh [33m401[0m 0.322 ms - 101[0m
[0mPOST /api/auth/logout [33m401[0m 0.232 ms - 101[0m
[0mPOST /api/auth/refresh [33m401[0m 0.321 ms - 101[0m
[0mPOST /api/auth/logout [33m401[0m 0.220 ms - 101[0m
[0mGET / [32m200[0m 1.357 ms - 21770[0m
[0mPOST /api/auth/refresh [33m401[0m 0.379 ms - 101[0m
[0mPOST /api/auth/logout [33m401[0m 0.182 ms - 101[0m
[0mGET / [32m200[0m 1.387 ms - 21770[0m
[0mPOST /api/auth/refresh [33m401[0m 0.349 ms - 101[0m
[0mPOST /api/auth/logout [33m401[0m 0.175 ms - 101[0m
[0mGET / [32m200[0m 1.136 ms - 21770[0m
[0mPOST /api/auth/refresh [33m401[0m 0.336 ms - 101[0m
[0mGET / [32m200[0m 1.296 ms - 21770[0m
[0mPOST /api/auth/logout [33m401[0m 0.173 ms - 101[0m
[0mPOST /api/auth/refresh [33m401[0m 0.316 ms - 101[0m
[0mGET / [32m200[0m 1.194 ms - 21770[0m
[0mPOST /api/auth/logout [33m401[0m 0.213 ms - 101[0m
[0mPOST /api/auth/refresh [33m401[0m 0.380 ms - 101[0m
[0mGET / [32m200[0m 1.604 ms - 21770[0m
[0mPOST /api/auth/logout [33m401[0m 0.191 ms - 101[0m
[0mGET / [32m200[0m 1.156 ms - 21770[0m
[0mPOST /api/auth/refresh [33m401[0m 0.313 ms - 101[0m
[0mPOST /api/auth/logout [33m401[0m 0.163 ms - 101[0m
[0mGET / [32m200[0m 2.180 ms - 21770[0m
[0mPOST /api/auth/refresh [33m401[0m 0.339 ms - 101[0m
[0mGET / [32m200[0m 1.878 ms - 21770[0m
[0mPOST /api/auth/logout [33m401[0m 0.207 ms - 101[0m
[0mPOST /api/auth/refresh [33m401[0m 0.356 ms - 101[0m
[0mGET / [32m200[0m 1.167 ms - 21770[0m
[0mPOST /api/auth/logout [33m401[0m 0.158 ms - 101[0m
[0mPOST /api/auth/refresh [33m401[0m 0.343 ms - 101[0m
[0mPOST /api/auth/logout [33m401[0m 0.149 ms - 101[0m
[0mGET / [32m200[0m 1.932 ms - 21770[0m
[0mPOST /api/auth/refresh [33m401[0m 0.285 ms - 101[0m
[0mGET / [32m200[0m 1.280 ms - 21770[0m
[0mPOST /api/auth/logout [33m401[0m 0.160 ms - 101[0m
[0mPOST /api/auth/refresh [33m401[0m 0.295 ms - 101[0m
[0mPOST /api/auth/logout [33m401[0m 0.162 ms - 101[0m
[0mGET / [32m200[0m 1.139 ms - 21770[0m
[0mPOST /api/auth/refresh [33m401[0m 0.312 ms - 101[0m
[0mGET / [32m200[0m 1.387 ms - 21770[0m
[0mPOST /api/auth/logout [33m401[0m 0.152 ms - 101[0m
[0mPOST /api/auth/refresh [33m401[0m 0.513 ms - 101[0m
[0mPOST /api/auth/logout [33m401[0m 0.182 ms - 101[0m
[0mPOST /api/auth/refresh [33m401[0m 0.318 ms - 101[0m
[0mPOST /api/auth/logout [33m401[0m 0.195 ms - 101[0m
[0mGET / [32m200[0m 1.243 ms - 21770[0m
[0mPOST /api/auth/refresh [33m401[0m 0.478 ms - 101[0m
[0mGET / [32m200[0m 1.289 ms - 21770[0m
[0mPOST /api/auth/logout [33m401[0m 0.290 ms - 101[0m
[0mGET / [0m-[0m - ms - -[0m
[0mPOST /api/auth/refresh [33m401[0m 0.279 ms - 101[0m
[0mGET / [32m200[0m 1.089 ms - 21770[0m
[0mPOST /api/auth/logout [33m401[0m 0.146 ms - 101[0m
[0mPOST /api/auth/refresh [33m401[0m 0.338 ms - 101[0m
[0mGET / [32m200[0m 1.463 ms - 21770[0m
[0mPOST /api/auth/logout [33m401[0m 0.282 ms - 101[0m
[0mPOST /api/auth/refresh [33m401[0m 0.350 ms - 101[0m
[0mGET / [32m200[0m 1.270 ms - 21770[0m
[0mPOST /api/auth/logout [33m401[0m 0.202 ms - 101[0m
[0mPOST /api/auth/refresh [33m401[0m 0.258 ms - 101[0m
[0mGET / [32m200[0m 1.127 ms - 21770[0m
[0mPOST /api/auth/logout [33m401[0m 0.163 ms - 101[0m
[0mPOST /api/auth/refresh [33m401[0m 0.305 ms - 101[0m
[0mGET / [32m200[0m 1.277 ms - 21770[0m
[0mPOST /api/auth/logout [33m401[0m 0.257 ms - 101[0m
[0mPOST /api/auth/refresh [33m401[0m 0.313 ms - 101[0m
[0mPOST /api/auth/logout [33m401[0m 0.160 ms - 101[0m
[0mPOST /api/auth/refresh [33m401[0m 0.284 ms - 101[0m
[0mGET / [32m200[0m 1.250 ms - 21770[0m
[0mPOST /api/auth/logout [33m401[0m 0.185 ms - 101[0m
[0mPOST /api/auth/refresh [33m401[0m 0.318 ms - 101[0m
[0mPOST /api/auth/logout [33m401[0m 0.269 ms - 101[0m
[0mGET / [32m200[0m 1.212 ms - 21770[0m
[0mPOST /api/auth/refresh [33m401[0m 0.303 ms - 101[0m
[0mGET / [32m200[0m 1.138 ms - 21770[0m
[0mPOST /api/auth/logout [33m401[0m 0.170 ms - 101[0m
[0mPOST /api/auth/refresh [33m401[0m 0.309 ms - 101[0m
[0mGET / [32m200[0m 1.061 ms - 21770[0m
[0mPOST /api/auth/logout [33m401[0m 0.186 ms - 101[0m
[0mGET / [32m200[0m 1.221 ms - 21770[0m
[0mPOST /api/auth/refresh [33m401[0m 0.347 ms - 101[0m
[0mGET / [32m200[0m 1.148 ms - 21770[0m
[0mPOST /api/auth/logout [33m401[0m 0.215 ms - 101[0m
[0mPOST /api/auth/refresh [33m401[0m 0.313 ms - 101[0m
[0mGET / [32m200[0m 1.176 ms - 21770[0m
[0mPOST /api/auth/logout [33m401[0m 0.187 ms - 101[0m
[0mGET / [32m200[0m 1.615 ms - 21770[0m
[0mPOST /api/auth/refresh [33m401[0m 0.413 ms - 101[0m
[0mPOST /api/auth/logout [33m401[0m 0.320 ms - 101[0m
[0mPOST /api/auth/refresh [33m401[0m 0.321 ms - 101[0m
[0mPOST /api/auth/logout [33m401[0m 0.237 ms - 101[0m
[0mGET / [32m200[0m 1.786 ms - 21770[0m
[0mPOST /api/auth/refresh [33m401[0m 0.563 ms - 101[0m
[0mGET / [32m200[0m 1.573 ms - 21770[0m
[0mPOST /api/auth/logout [33m401[0m 0.233 ms - 101[0m
[0mGET / [32m200[0m 1.910 ms - 21770[0m
[0mPOST /api/auth/refresh [33m401[0m 0.402 ms - 101[0m
[0mPOST /api/auth/logout [33m401[0m 0.231 ms - 101[0m
[0mPOST /api/auth/refresh [33m401[0m 0.392 ms - 101[0m
[0mPOST /api/auth/logout [33m401[0m 0.280 ms - 101[0m
[0mPOST /api/auth/refresh [33m401[0m 0.456 ms - 101[0m
[0mGET / [32m200[0m 2.976 ms - 21770[0m
[0mPOST /api/auth/logout [33m401[0m 0.181 ms - 101[0m
[0mGET / [32m200[0m 2.402 ms - 21770[0m
[0mPOST /api/auth/refresh [33m401[0m 0.418 ms - 101[0m
[0mGET / [32m200[0m 1.807 ms - 21770[0m
[0mPOST /api/auth/logout [33m401[0m 0.186 ms - 101[0m
[0mPOST /api/auth/refresh [33m401[0m 0.419 ms - 101[0m
[0mGET / [0m-[0m - ms - -[0m
[0mPOST /api/auth/logout [33m401[0m 0.176 ms - 101[0m
[0mGET / [32m200[0m 1.516 ms - 21770[0m
[0mPOST /api/auth/refresh [33m401[0m 0.420 ms - 101[0m
[0mPOST /api/auth/logout [33m401[0m 0.187 ms - 101[0m
[0mPOST /api/auth/refresh [33m401[0m 0.287 ms - 101[0m
[0mPOST /api/auth/logout [33m401[0m 0.236 ms - 101[0m
[0mGET / [32m200[0m 1.289 ms - 21770[0m
[0mPOST /api/auth/refresh [33m401[0m 0.382 ms - 101[0m
[0mPOST /api/auth/logout [33m401[0m 0.257 ms - 101[0m
[0mPOST /api/auth/refresh [33m401[0m 0.336 ms - 101[0m
[0mGET / [32m200[0m 1.358 ms - 21770[0m
[0mPOST /api/auth/logout [33m401[0m 0.158 ms - 101[0m
[0mPOST /api/auth/refresh [33m401[0m 0.503 ms - 101[0m
[0mPOST /api/auth/logout [33m401[0m 0.167 ms - 101[0m
[0mPOST /api/auth/refresh [33m401[0m 0.279 ms - 101[0m
[0mGET / [0m-[0m - ms - -[0m
[0mGET / [0m-[0m - ms - -[0m
[0mGET / [0m-[0m - ms - -[0m
[0mGET / [32m200[0m 4.939 ms - 21770[0m
[0mPOST /api/auth/logout [33m401[0m 0.138 ms - 101[0m
[0mPOST /api/auth/refresh [33m401[0m 0.313 ms - 101[0m
[0mPOST /api/auth/logout [33m401[0m 0.274 ms - 101[0m
[0mGET / [32m200[0m 1.290 ms - 21770[0m
[0mPOST /api/auth/refresh [33m401[0m 0.372 ms - 101[0m
[0mPOST /api/auth/logout [33m401[0m 0.173 ms - 101[0m
[0mPOST /api/auth/refresh [33m401[0m 0.312 ms - 101[0m
[0mPOST /api/auth/logout [33m401[0m 0.193 ms - 101[0m
[0mPOST /api/auth/refresh [33m401[0m 0.347 ms - 101[0m
[0mGET / [32m200[0m 1.136 ms - 21770[0m
[0mPOST /api/auth/logout [33m401[0m 0.154 ms - 101[0m
[0mGET / [32m200[0m 1.151 ms - 21770[0m
[0mPOST /api/auth/refresh [33m401[0m 0.287 ms - 101[0m
[0mGET / [32m200[0m 1.292 ms - 21770[0m
[0mPOST /api/auth/logout [33m401[0m 0.201 ms - 101[0m
[0mPOST /api/auth/refresh [33m401[0m 0.370 ms - 101[0m
[0mGET / [32m200[0m 1.551 ms - 21770[0m
[0mPOST /api/auth/logout [33m401[0m 0.195 ms - 101[0m
[0mPOST /api/auth/refresh [33m401[0m 0.339 ms - 101[0m
[0mGET / [32m200[0m 1.101 ms - 21770[0m
[0mPOST /api/auth/logout [33m401[0m 0.176 ms - 101[0m
[0mPOST /api/auth/refresh [33m401[0m 0.297 ms - 101[0m
[0mGET / [0m-[0m - ms - -[0m
[0mPOST /api/auth/logout [33m401[0m 0.166 ms - 101[0m
[0mPOST /api/auth/refresh [33m401[0m 0.289 ms - 101[0m
[0mPOST /api/auth/logout [33m401[0m 0.196 ms - 101[0m
[0mGET / [32m200[0m 1.156 ms - 21770[0m
[0mPOST /api/auth/refresh [33m401[0m 0.281 ms - 101[0m
[0mPOST /api/auth/logout [33m401[0m 0.166 ms - 101[0m
[0mGET / [32m200[0m 1.122 ms - 21770[0m
[0mPOST /api/auth/refresh [33m401[0m 0.316 ms - 101[0m
[0mPOST /api/auth/logout [33m401[0m 0.186 ms - 101[0m
[0mGET / [32m200[0m 1.168 ms - 21770[0m
[0mPOST /api/auth/refresh [33m401[0m 0.295 ms - 101[0m
[0mGET / [32m200[0m 1.236 ms - 21770[0m
[0mPOST /api/auth/logout [33m401[0m 0.154 ms - 101[0m
[0mGET / [32m200[0m 1.176 ms - 21770[0m
[0mPOST /api/auth/refresh [33m401[0m 0.362 ms - 101[0m
[0mPOST /api/auth/logout [33m401[0m 0.185 ms - 101[0m
[0mPOST /api/auth/refresh [33m401[0m 0.455 ms - 101[0m
[0mPOST /api/auth/logout [33m401[0m 0.286 ms - 101[0m
[0mGET / [32m200[0m 1.335 ms - 21770[0m
[0mPOST /api/auth/refresh [33m401[0m 0.318 ms - 101[0m
[0mGET / [32m200[0m 1.175 ms - 21770[0m
[0mPOST /api/auth/logout [33m401[0m 0.158 ms - 101[0m
[0mPOST /api/auth/refresh [33m401[0m 0.389 ms - 101[0m
[0mGET / [32m200[0m 1.133 ms - 21770[0m
[0mPOST /api/auth/logout [33m401[0m 0.208 ms - 101[0m
[0mGET / [32m200[0m 1.223 ms - 21770[0m
[0mPOST /api/auth/refresh [33m401[0m 0.365 ms - 101[0m
[0mPOST /api/auth/logout [33m401[0m 0.193 ms - 101[0m
[0mPOST /api/auth/refresh [33m401[0m 0.307 ms - 101[0m
[0mPOST /api/auth/logout [33m401[0m 0.186 ms - 101[0m
[0mGET / [32m200[0m 1.271 ms - 21770[0m
[0mPOST /api/auth/refresh [33m401[0m 0.442 ms - 101[0m
[0mGET / [32m200[0m 1.194 ms - 21770[0m
[0mPOST /api/auth/logout [33m401[0m 0.159 ms - 101[0m
[0mPOST /api/auth/refresh [33m401[0m 0.393 ms - 101[0m
[0mGET / [32m200[0m 1.189 ms - 21770[0m
[0mPOST /api/auth/logout [33m401[0m 0.155 ms - 101[0m
[0mPOST /api/auth/refresh [33m401[0m 0.321 ms - 101[0m
[0mPOST /api/auth/logout [33m401[0m 0.156 ms - 101[0m
[0mGET / [32m200[0m 1.279 ms - 21770[0m
[0mPOST /api/auth/refresh [33m401[0m 0.482 ms - 101[0m
[0mGET / [32m200[0m 1.173 ms - 21770[0m
[0mPOST /api/auth/logout [33m401[0m 0.271 ms - 101[0m
[0mPOST /api/auth/refresh [33m401[0m 0.314 ms - 101[0m
[0mGET / [32m200[0m 1.139 ms - 21770[0m
[0mPOST /api/auth/logout [33m401[0m 0.206 ms - 101[0m
[0mPOST /api/auth/refresh [33m401[0m 0.532 ms - 101[0m
[0mGET / [32m200[0m 1.378 ms - 21770[0m
[0mPOST /api/auth/logout [33m401[0m 0.194 ms - 101[0m
[0mPOST /api/auth/refresh [33m401[0m 0.326 ms - 101[0m
[0mGET / [32m200[0m 1.327 ms - 21770[0m
[0mPOST /api/auth/logout [33m401[0m 0.170 ms - 101[0m
[0mPOST /api/auth/refresh [33m401[0m 0.266 ms - 101[0m
[0mPOST /api/auth/logout [33m401[0m 0.189 ms - 101[0m
[0mGET / [32m200[0m 1.688 ms - 21770[0m
[0mPOST /api/auth/refresh [33m401[0m 0.317 ms - 101[0m
[0mPOST /api/auth/logout [33m401[0m 0.240 ms - 101[0m
[0mGET / [32m200[0m 1.170 ms - 21770[0m
[0mPOST /api/auth/refresh [33m401[0m 0.396 ms - 101[0m
[0mGET / [32m200[0m 1.537 ms - 21770[0m
[0mPOST /api/auth/logout [33m401[0m 0.193 ms - 101[0m
[0mPOST /api/auth/refresh [33m401[0m 0.420 ms - 101[0m
[0mGET / [32m200[0m 2.340 ms - 21770[0m
[0mPOST /api/auth/logout [33m401[0m 0.224 ms - 101[0m
[0mGET / [32m200[0m 1.343 ms - 21770[0m
[0mPOST /api/auth/refresh [33m401[0m 0.370 ms - 101[0m
[0mPOST /api/auth/logout [33m401[0m 0.192 ms - 101[0m
[0mPOST /api/auth/refresh [33m401[0m 0.288 ms - 101[0m
[0mPOST /api/auth/logout [33m401[0m 0.268 ms - 101[0m
[0mGET / [32m200[0m 1.235 ms - 21770[0m
[0mPOST /api/auth/refresh [33m401[0m 0.317 ms - 101[0m
[0mPOST /api/auth/logout [33m401[0m 0.173 ms - 101[0m
[0mGET / [32m200[0m 1.406 ms - 21770[0m
[0mPOST /api/auth/refresh [33m401[0m 0.309 ms - 101[0m
[0mGET / [32m200[0m 1.535 ms - 21770[0m
[0mPOST /api/auth/logout [33m401[0m 0.171 ms - 101[0m
[0mPOST /api/auth/refresh [33m401[0m 0.313 ms - 101[0m
[0mGET / [32m200[0m 1.377 ms - 21770[0m
[0mPOST /api/auth/logout [33m401[0m 0.186 ms - 101[0m
[0mPOST /api/auth/refresh [33m401[0m 0.342 ms - 101[0m
[0mGET / [32m200[0m 1.184 ms - 21770[0m
[0mPOST /api/auth/logout [33m401[0m 0.150 ms - 101[0m
[0mPOST /api/auth/refresh [33m401[0m 0.296 ms - 101[0m
[0mGET / [32m200[0m 1.351 ms - 21770[0m
[0mPOST /api/auth/logout [33m401[0m 0.165 ms - 101[0m
[0mPOST /api/auth/refresh [33m401[0m 0.285 ms - 101[0m
[0mPOST /api/auth/logout [33m401[0m 0.171 ms - 101[0m
[0mPOST /api/auth/refresh [33m401[0m 0.312 ms - 101[0m
[0mGET / [32m200[0m 1.203 ms - 21770[0m
[0mPOST /api/auth/logout [33m401[0m 0.146 ms - 101[0m
[0mPOST /api/auth/refresh [33m401[0m 0.413 ms - 101[0m
[0mGET / [32m200[0m 1.639 ms - 21770[0m
[0mPOST /api/auth/logout [33m401[0m 0.227 ms - 101[0m
[0mGET / [32m200[0m 1.276 ms - 21770[0m
[0mPOST /api/auth/refresh [33m401[0m 0.299 ms - 101[0m
[0mPOST /api/auth/logout [33m401[0m 0.188 ms - 101[0m
[0mGET / [32m200[0m 1.170 ms - 21770[0m
[0mPOST /api/auth/refresh [33m401[0m 0.292 ms - 101[0m
[0mGET / [32m200[0m 1.124 ms - 21770[0m
[0mPOST /api/auth/logout [33m401[0m 0.299 ms - 101[0m
[0mPOST /api/auth/refresh [33m401[0m 0.303 ms - 101[0m
[0mPOST /api/auth/logout [33m401[0m 0.201 ms - 101[0m
[0mGET / [32m200[0m 2.240 ms - 21770[0m
[0mPOST /api/auth/refresh [33m401[0m 0.381 ms - 101[0m
[0mPOST /api/auth/logout [33m401[0m 0.201 ms - 101[0m
[0mGET / [32m200[0m 1.235 ms - 21770[0m
[0mPOST /api/auth/refresh [33m401[0m 0.300 ms - 101[0m
[0mPOST /api/auth/logout [33m401[0m 0.181 ms - 101[0m
[0mGET / [32m200[0m 1.218 ms - 21770[0m
[0mPOST /api/auth/refresh [33m401[0m 0.325 ms - 101[0m
[0mGET / [32m200[0m 1.220 ms - 21770[0m
[0mPOST /api/auth/logout [33m401[0m 0.239 ms - 101[0m
[0mPOST /api/auth/refresh [33m401[0m 0.419 ms - 101[0m
[0mGET / [32m200[0m 1.356 ms - 21770[0m
[0mPOST /api/auth/logout [33m401[0m 0.265 ms - 101[0m
[0mPOST /api/auth/refresh [33m401[0m 0.329 ms - 101[0m
[0mGET / [32m200[0m 1.113 ms - 21770[0m
[0mPOST /api/auth/logout [33m401[0m 0.155 ms - 101[0m
[0mGET / [32m200[0m 1.207 ms - 21770[0m
[0mPOST /api/auth/refresh [33m401[0m 0.337 ms - 101[0m
[0mPOST /api/auth/logout [33m401[0m 0.166 ms - 101[0m
[0mPOST /api/auth/refresh [33m401[0m 0.315 ms - 101[0m
[0mPOST /api/auth/logout [33m401[0m 0.182 ms - 101[0m
[0mGET / [32m200[0m 1.255 ms - 21770[0m
[0mPOST /api/auth/refresh [33m401[0m 0.323 ms - 101[0m
[0mPOST /api/auth/logout [33m401[0m 0.176 ms - 101[0m
[0mPOST /api/auth/refresh [33m401[0m 0.281 ms - 101[0m
[0mPOST /api/auth/logout [33m401[0m 0.195 ms - 101[0m
[0mGET / [32m200[0m 1.221 ms - 21770[0m
[0mPOST /api/auth/refresh [33m401[0m 0.394 ms - 101[0m
[0mGET / [32m200[0m 1.454 ms - 21770[0m
[0mPOST /api/auth/logout [33m401[0m 0.185 ms - 101[0m
[0mPOST /api/auth/refresh [33m401[0m 0.387 ms - 101[0m
[0mGET / [32m200[0m 1.456 ms - 21770[0m
[0mPOST /api/auth/logout [33m401[0m 0.164 ms - 101[0m
[0mGET / [32m200[0m 1.677 ms - 21770[0m
[0mPOST /api/auth/refresh [33m401[0m 0.395 ms - 101[0m
[0mPOST /api/auth/logout [33m401[0m 0.267 ms - 101[0m
[0mGET / [32m200[0m 1.573 ms - 21770[0m
[0mPOST /api/auth/refresh [33m401[0m 0.333 ms - 101[0m
[0mGET / [32m200[0m 1.159 ms - 21770[0m
[0mPOST /api/auth/logout [33m401[0m 0.238 ms - 101[0m
[0mPOST /api/auth/refresh [33m401[0m 0.542 ms - 101[0m
[0mGET / [32m200[0m 1.396 ms - 21770[0m
[0mPOST /api/auth/logout [33m401[0m 0.159 ms - 101[0m
[0mPOST /api/auth/refresh [33m401[0m 0.315 ms - 101[0m
[0mPOST /api/auth/logout [33m401[0m 0.163 ms - 101[0m
[0mPOST /api/auth/refresh [33m401[0m 0.320 ms - 101[0m
[0mGET / [32m200[0m 1.129 ms - 21770[0m
[0mPOST /api/auth/logout [33m401[0m 0.184 ms - 101[0m
[0mPOST /api/auth/refresh [33m401[0m 0.394 ms - 101[0m
[0mGET / [32m200[0m 1.327 ms - 21770[0m
[0mPOST /api/auth/logout [33m401[0m 0.178 ms - 101[0m
[0mGET / [32m200[0m 1.465 ms - 21770[0m
[0mPOST /api/auth/refresh [33m401[0m 0.288 ms - 101[0m
[0mPOST /api/auth/logout [33m401[0m 0.191 ms - 101[0m
[0mGET / [32m200[0m 1.315 ms - 21770[0m
[0mPOST /api/auth/refresh [33m401[0m 0.326 ms - 101[0m
[0mGET / [32m200[0m 1.140 ms - 21770[0m
[0mPOST /api/auth/logout [33m401[0m 0.242 ms - 101[0m
[0mPOST /api/auth/refresh [33m401[0m 0.324 ms - 101[0m
[0mPOST /api/auth/logout [33m401[0m 0.163 ms - 101[0m
[0mGET / [32m200[0m 1.122 ms - 21770[0m
[0mPOST /api/auth/refresh [33m401[0m 0.308 ms - 101[0m
[0mGET / [32m200[0m 1.127 ms - 21770[0m
[0mPOST /api/auth/logout [33m401[0m 0.169 ms - 101[0m
[0mPOST /api/auth/refresh [33m401[0m 0.445 ms - 101[0m
[0mGET / [32m200[0m 1.245 ms - 21770[0m
[0mPOST /api/auth/logout [33m401[0m 0.184 ms - 101[0m
[0mPOST /api/auth/refresh [33m401[0m 0.367 ms - 101[0m
[0mGET / [32m200[0m 1.656 ms - 21770[0m
[0mPOST /api/auth/logout [33m401[0m 0.171 ms - 101[0m
[0mPOST /api/auth/refresh [33m401[0m 0.286 ms - 101[0m
[0mGET / [32m200[0m 1.123 ms - 21770[0m
[0mPOST /api/auth/logout [33m401[0m 0.167 ms - 101[0m
[0mPOST /api/auth/refresh [33m401[0m 0.250 ms - 101[0m
[0mPOST /api/auth/logout [33m401[0m 0.155 ms - 101[0m
[0mPOST /api/auth/refresh [33m401[0m 0.581 ms - 101[0m
[0mGET / [32m200[0m 1.327 ms - 21770[0m
[0mPOST /api/auth/logout [33m401[0m 0.156 ms - 101[0m
[0mGET / [32m200[0m 1.209 ms - 21770[0m
[0mPOST /api/auth/refresh [33m401[0m 0.293 ms - 101[0m
[0mPOST /api/auth/logout [33m401[0m 0.149 ms - 101[0m
[0mGET / [32m200[0m 2.361 ms - 21770[0m
[0mPOST /api/auth/refresh [33m401[0m 0.369 ms - 101[0m
[0mPOST /api/auth/logout [33m401[0m 0.200 ms - 101[0m
[0mGET / [32m200[0m 1.361 ms - 21770[0m
[0mPOST /api/auth/refresh [33m401[0m 0.393 ms - 101[0m
[0mGET / [32m200[0m 1.301 ms - 21770[0m
[0mPOST /api/auth/logout [33m401[0m 0.153 ms - 101[0m
[0mPOST /api/auth/refresh [33m401[0m 0.413 ms - 101[0m
[0mGET / [32m200[0m 1.243 ms - 21770[0m
[0mPOST /api/auth/logout [33m401[0m 0.176 ms - 101[0m
[0mPOST /api/auth/refresh [33m401[0m 0.317 ms - 101[0m
[0mGET / [32m200[0m 1.451 ms - 21770[0m
[0mPOST /api/auth/logout [33m401[0m 0.227 ms - 101[0m
[0mPOST /api/auth/refresh [33m401[0m 0.367 ms - 101[0m
[0mGET / [32m200[0m 1.553 ms - 21770[0m
[0mPOST /api/auth/logout [33m401[0m 0.282 ms - 101[0m
[0mPOST /api/auth/refresh [33m401[0m 0.456 ms - 101[0m
[0mGET / [32m200[0m 1.385 ms - 21770[0m
[0mPOST /api/auth/logout [33m401[0m 0.195 ms - 101[0m
[0mGET / [32m200[0m 2.129 ms - 21770[0m
[0mPOST /api/auth/refresh [33m401[0m 0.317 ms - 101[0m
[0mPOST /api/auth/logout [33m401[0m 0.168 ms - 101[0m
[0mPOST /api/auth/refresh [33m401[0m 0.338 ms - 101[0m
[0mPOST /api/auth/logout [33m401[0m 0.176 ms - 101[0m
[0mGET / [32m200[0m 1.574 ms - 21770[0m
[0mPOST /api/auth/refresh [33m401[0m 0.315 ms - 101[0m
[0mPOST /api/auth/logout [33m401[0m 0.353 ms - 101[0m
[0mPOST /api/auth/refresh [33m401[0m 0.336 ms - 101[0m
[0mPOST /api/auth/logout [33m401[0m 0.187 ms - 101[0m
[0mGET / [32m200[0m 1.180 ms - 21770[0m
[0mPOST /api/auth/refresh [33m401[0m 0.328 ms - 101[0m
[0mGET / [32m200[0m 1.407 ms - 21770[0m
[0mPOST /api/auth/logout [33m401[0m 0.174 ms - 101[0m
[0mPOST /api/auth/refresh [33m401[0m 0.277 ms - 101[0m
[0mPOST /api/auth/logout [33m401[0m 0.182 ms - 101[0m
[0mPOST /api/auth/refresh [33m401[0m 0.281 ms - 101[0m
[0mPOST /api/auth/logout [33m401[0m 0.160 ms - 101[0m
[0mGET / [0m-[0m - ms - -[0m
[0mGET / [0m-[0m - ms - -[0m
[0mGET / [0m-[0m - ms - -[0m
[0mGET / [0m-[0m - ms - -[0m
[0mGET / [32m200[0m 5.284 ms - 21770[0m
[0mPOST /api/auth/refresh [33m401[0m 0.271 ms - 101[0m
[0mGET /css/bootstrap.min.css [36m304[0m 0.464 ms - -[0m
[0mGET /css/bootstrap-icons.css [36m304[0m 0.653 ms - -[0m
[0mGET /css/app.css [36m304[0m 0.600 ms - -[0m
[0mGET /images/logo.png [36m304[0m 0.825 ms - -[0m
[0mGET /js/bootstrap.bundle.min.js [36m304[0m 0.447 ms - -[0m
[0mGET /css/fonts.css [36m304[0m 0.669 ms - -[0m
[0mGET /js/app.js [36m304[0m 0.577 ms - -[0m
[0mGET /js/bootstrap.bundle.min.js.map [33m404[0m 0.406 ms - 82[0m
[0mGET /images/bg.png [36m304[0m 0.440 ms - -[0m
[0mGET /fonts/inter-latin.woff2 [36m304[0m 0.377 ms - -[0m
[0mGET /css/bootstrap.min.css.map [33m404[0m 0.653 ms - 77[0m
[0mGET /api/auth/sso/config [32m200[0m 0.731 ms - 96[0m
[0mGET /api/auth/ldap/config [32m200[0m 0.657 ms - 502[0m
10:31:24 [[33MWARN[39M]: Login failed: Invalid credentials
[0mPOST /api/auth/login [33m401[0m 0.948 ms - 88[0m
[0mGET /api/login [33m404[0m 0.830 ms - 61[0m
[0mGET /api/auth/profile [32m200[0m 1.721 ms - 3771[0m
[0mGET / [32m200[0m 1.808 ms - 21770[0m
[0mGET /css/bootstrap.min.css [36m304[0m 0.509 ms - -[0m
[0mGET /css/bootstrap-icons.css [36m304[0m 0.979 ms - -[0m
[0mGET /css/app.css [36m304[0m 0.788 ms - -[0m
[0mGET /images/logo.png [36m304[0m 0.834 ms - -[0m
[0mGET /js/bootstrap.bundle.min.js [36m304[0m 0.737 ms - -[0m
[0mGET /js/app.js [36m304[0m 0.370 ms - -[0m
[0mGET /css/fonts.css [36m304[0m 0.350 ms - -[0m
[0mGET /js/bootstrap.bundle.min.js.map [33m404[0m 0.535 ms - 82[0m
[0mGET /api/auth/sso/config [32m200[0m 0.561 ms - 96[0m
[0mGET /images/bg.png [36m304[0m 0.445 ms - -[0m
[0mGET /fonts/inter-latin.woff2 [36m304[0m 0.359 ms - -[0m
[0mGET /css/bootstrap.min.css.map [33m404[0m 0.491 ms - 77[0m
[0mGET /api/auth/ldap/config [32m200[0m 0.549 ms - 502[0m
[0mGET /database [32m200[0m 2.655 ms - 47517[0m
[0mGET /css/bootstrap.min.css [36m304[0m 0.559 ms - -[0m
[0mGET /css/bootstrap-icons.css [36m304[0m 0.597 ms - -[0m
[0mGET /css/app.css [36m304[0m 0.215 ms - -[0m
[0mGET /images/logo.png [36m304[0m 0.405 ms - -[0m
[0mGET /js/bootstrap.bundle.min.js [36m304[0m 0.527 ms - -[0m
[0mGET /css/fonts.css [36m304[0m 1.972 ms - -[0m
[0mGET /js/app.js [36m304[0m 0.383 ms - -[0m
[0mGET /js/database.js [36m304[0m 0.463 ms - -[0m
[0mGET /js/bootstrap.bundle.min.js.map [33m404[0m 0.437 ms - 82[0m
[0mGET /images/bg.png [36m304[0m 0.276 ms - -[0m
[0mGET /fonts/inter-latin.woff2 [36m304[0m 0.418 ms - -[0m
[0mGET /fonts/jetbrains-mono-latin.woff2 [36m304[0m 0.484 ms - -[0m
[0mGET /css/bootstrap.min.css.map [33m404[0m 0.402 ms - 77[0m
[0mGET /api/auth/profile [32m200[0m 2.151 ms - 3771[0m
10:32:41 [[33MWARN[39M]: Simulating Linux command on Windows: command -v mysql
10:32:41 [[33MWARN[39M]: Simulating Linux command on Windows: command -v psql
10:32:41 [[33MWARN[39M]: Simulating Linux command on Windows: command -v docker
10:32:41 [[33MWARN[39M]: Simulating Linux command on Windows: command -v nginx
10:32:41 [[33MWARN[39M]: Simulating Linux command on Windows: command -v syncthing
[0mGET /api/system/check-install [32m200[0m 4.854 ms - 157[0m
[0mGET /api/database [32m200[0m 40.795 ms - 143[0m
[0mGET / [32m200[0m 1.139 ms - 21770[0m
[0mGET /css/bootstrap.min.css [36m304[0m 0.675 ms - -[0m
[0mGET /css/bootstrap-icons.css [36m304[0m 1.413 ms - -[0m
[0mGET /css/app.css [36m304[0m 1.013 ms - -[0m
[0mGET /images/logo.png [36m304[0m 0.333 ms - -[0m
[0mGET /js/bootstrap.bundle.min.js [36m304[0m 0.351 ms - -[0m
[0mGET /js/app.js [36m304[0m 0.639 ms - -[0m
[0mGET /css/fonts.css [36m304[0m 0.305 ms - -[0m
[0mGET /js/bootstrap.bundle.min.js.map [33m404[0m 0.371 ms - 82[0m
[0mGET /api/auth/sso/config [32m200[0m 0.460 ms - 96[0m
[0mGET /api/auth/profile [32m200[0m 1.320 ms - 3771[0m
[0mGET /images/bg.png [36m304[0m 0.271 ms - -[0m
[0mGET /fonts/inter-latin.woff2 [36m304[0m 0.294 ms - -[0m
[0mGET /css/bootstrap.min.css.map [33m404[0m 0.374 ms - 77[0m
[0mGET /api/auth/ldap/config [32m200[0m 0.606 ms - 502[0m
[0mPOST /api/auth/refresh [33m401[0m 0.474 ms - 101[0m
[0mPOST /api/auth/refresh [33m401[0m 0.395 ms - 101[0m
[0mPOST /api/auth/refresh [33m401[0m 0.362 ms - 101[0m
[0mPOST /api/auth/refresh [33m401[0m 0.402 ms - 101[0m
[0mPOST /api/auth/refresh [33m401[0m 0.373 ms - 101[0m
[0mPOST /api/auth/refresh [33m401[0m 0.462 ms - 101[0m
[0mPOST /api/auth/refresh [33m401[0m 0.474 ms - 101[0m
[0mPOST /api/auth/refresh [33m401[0m 0.520 ms - 101[0m
[0mPOST /api/auth/refresh [33m401[0m 0.592 ms - 101[0m
[0mPOST /api/auth/refresh [33m401[0m 0.510 ms - 101[0m
[0mPOST /api/auth/refresh [33m401[0m 0.542 ms - 101[0m
[0mPOST /api/auth/refresh [33m401[0m 0.515 ms - 101[0m
[0mPOST /api/auth/refresh [33m401[0m 0.376 ms - 101[0m
[0mPOST /api/auth/refresh [33m401[0m 0.367 ms - 101[0m
[0mPOST /api/auth/refresh [33m401[0m 0.303 ms - 101[0m
[0mPOST /api/auth/refresh [33m401[0m 0.637 ms - 101[0m
[0mPOST /api/auth/refresh [33m401[0m 0.349 ms - 101[0m
[0mPOST /api/auth/refresh [33m401[0m 0.471 ms - 101[0m
[0mPOST /api/auth/refresh [33m401[0m 0.437 ms - 101[0m
[0mPOST /api/auth/refresh [33m401[0m 0.426 ms - 101[0m
[0mPOST /api/auth/refresh [33m401[0m 0.381 ms - 101[0m
[0mPOST /api/auth/refresh [33m401[0m 0.438 ms - 101[0m
[0mPOST /api/auth/refresh [33m401[0m 0.457 ms - 101[0m
[0mPOST /api/auth/refresh [33m401[0m 0.585 ms - 101[0m
[0mPOST /api/auth/refresh [33m401[0m 0.392 ms - 101[0m
[0mPOST /api/auth/refresh [33m401[0m 0.374 ms - 101[0m
[0mPOST /api/auth/refresh [33m401[0m 0.355 ms - 101[0m
[0mPOST /api/auth/refresh [33m401[0m 0.331 ms - 101[0m
[0mPOST /api/auth/refresh [33m401[0m 0.342 ms - 101[0m
[0mPOST /api/auth/refresh [33m401[0m 0.390 ms - 101[0m
[0mPOST /api/auth/refresh [33m401[0m 0.356 ms - 101[0m
[0mPOST /api/auth/refresh [33m401[0m 0.331 ms - 101[0m
[0mPOST /api/auth/refresh [33m401[0m 0.595 ms - 101[0m
[0mPOST /api/auth/refresh [33m401[0m 0.351 ms - 101[0m
[0mPOST /api/auth/refresh [33m401[0m 0.400 ms - 101[0m
[0mPOST /api/auth/refresh [33m401[0m 0.362 ms - 101[0m
[0mPOST /api/auth/refresh [33m401[0m 0.478 ms - 101[0m
[0mPOST /api/auth/refresh [33m401[0m 0.341 ms - 101[0m
[0mPOST /api/auth/refresh [33m401[0m 0.377 ms - 101[0m
[0mPOST /api/auth/refresh [33m401[0m 0.379 ms - 101[0m
[0mPOST /api/auth/refresh [33m401[0m 0.382 ms - 101[0m
[0mPOST /api/auth/refresh [33m401[0m 0.347 ms - 101[0m
[0mPOST /api/auth/refresh [33m401[0m 0.425 ms - 101[0m
[0mPOST /api/auth/refresh [33m401[0m 0.391 ms - 101[0m
[0mPOST /api/auth/refresh [33m401[0m 0.339 ms - 101[0m
[0mPOST /api/auth/refresh [33m401[0m 0.411 ms - 101[0m
[0mPOST /api/auth/refresh [33m401[0m 0.435 ms - 101[0m
[0mPOST /api/auth/refresh [33m401[0m 0.457 ms - 101[0m
[0mPOST /api/auth/refresh [33m401[0m 0.536 ms - 101[0m
[0mPOST /api/auth/refresh [33m401[0m 0.494 ms - 101[0m
[0mPOST /api/auth/refresh [33m401[0m 0.431 ms - 101[0m
[0mPOST /api/auth/refresh [33m401[0m 0.346 ms - 101[0m
[0mPOST /api/auth/refresh [33m401[0m 0.472 ms - 101[0m
[0mPOST /api/auth/refresh [33m401[0m 0.402 ms - 101[0m
[0mPOST /api/auth/refresh [33m401[0m 0.476 ms - 101[0m
[0mPOST /api/auth/refresh [33m401[0m 0.368 ms - 101[0m
[0mPOST /api/auth/refresh [33m401[0m 0.441 ms - 101[0m
[0mPOST /api/auth/refresh [33m401[0m 0.459 ms - 101[0m
[0mPOST /api/auth/refresh [33m401[0m 0.645 ms - 101[0m
[0mPOST /api/auth/refresh [33m401[0m 0.465 ms - 101[0m
[0mPOST /api/auth/refresh [33m401[0m 0.556 ms - 101[0m
[0mPOST /api/auth/refresh [33m401[0m 0.784 ms - 101[0m
[0mPOST /api/auth/refresh [33m401[0m 0.468 ms - 101[0m
[0mPOST /api/auth/refresh [33m401[0m 0.488 ms - 101[0m
[0mPOST /api/auth/refresh [33m401[0m 0.293 ms - 101[0m
[0mPOST /api/auth/refresh [33m401[0m 0.466 ms - 101[0m
[0mPOST /api/auth/refresh [33m401[0m 0.530 ms - 101[0m
[0mPOST /api/auth/refresh [33m401[0m 0.446 ms - 101[0m
[0mPOST /api/auth/refresh [33m401[0m 0.521 ms - 101[0m
[0mPOST /api/auth/refresh [33m401[0m 0.539 ms - 101[0m
[0mPOST /api/auth/refresh [33m401[0m 0.409 ms - 101[0m
[0mPOST /api/auth/refresh [33m401[0m 0.577 ms - 101[0m
[0mPOST /api/auth/refresh [33m401[0m 0.721 ms - 101[0m
[0mPOST /api/auth/refresh [33m401[0m 0.417 ms - 101[0m
[0mPOST /api/auth/refresh [33m401[0m 1.378 ms - 101[0m
[0mPOST /api/auth/refresh [33m401[0m 0.486 ms - 101[0m
[0mPOST /api/auth/refresh [33m401[0m 0.422 ms - 101[0m
[0mPOST /api/auth/refresh [33m401[0m 0.514 ms - 101[0m
[0mPOST /api/auth/refresh [33m401[0m 0.418 ms - 101[0m
[0mPOST /api/auth/refresh [33m401[0m 0.343 ms - 101[0m
[0mPOST /api/auth/refresh [33m401[0m 0.499 ms - 101[0m
[0mPOST /api/auth/refresh [33m401[0m 0.496 ms - 101[0m
[0mPOST /api/auth/refresh [33m401[0m 0.452 ms - 101[0m
[0mPOST /api/auth/refresh [33m401[0m 0.367 ms - 101[0m
[0mPOST /api/auth/refresh [33m401[0m 0.382 ms - 101[0m
[0mPOST /api/auth/refresh [33m401[0m 0.489 ms - 101[0m
[0mPOST /api/auth/refresh [33m401[0m 0.429 ms - 101[0m
[0mPOST /api/auth/refresh [33m401[0m 0.465 ms - 101[0m
[0mPOST /api/auth/refresh [33m401[0m 0.450 ms - 101[0m
[0mPOST /api/auth/refresh [33m401[0m 0.458 ms - 101[0m
[0mPOST /api/auth/refresh [33m401[0m 0.558 ms - 101[0m
[0mPOST /api/auth/refresh [33m401[0m 0.431 ms - 101[0m
[0mPOST /api/auth/refresh [33m401[0m 0.411 ms - 101[0m
[0mPOST /api/auth/refresh [33m401[0m 0.334 ms - 101[0m
[0mPOST /api/auth/refresh [33m401[0m 0.476 ms - 101[0m
[0mPOST /api/auth/refresh [33m401[0m 0.433 ms - 101[0m
[0mPOST /api/auth/refresh [33m401[0m 0.438 ms - 101[0m
[0mPOST /api/auth/refresh [33m401[0m 0.547 ms - 101[0m
[0mPOST /api/auth/refresh [33m401[0m 0.525 ms - 101[0m
[0mPOST /api/auth/refresh [33m401[0m 0.403 ms - 101[0m
[0mPOST /api/auth/refresh [33m401[0m 0.422 ms - 101[0m
[0mPOST /api/auth/refresh [33m401[0m 0.468 ms - 101[0m
[0mPOST /api/auth/refresh [33m401[0m 0.446 ms - 101[0m
[0mPOST /api/auth/refresh [33m401[0m 0.462 ms - 101[0m
[0mPOST /api/auth/refresh [33m401[0m 0.566 ms - 101[0m
[0mPOST /api/auth/refresh [33m401[0m 0.499 ms - 101[0m
[0mPOST /api/auth/refresh [33m401[0m 0.486 ms - 101[0m
[0mPOST /api/auth/refresh [33m401[0m 0.444 ms - 101[0m
[0mPOST /api/auth/refresh [33m401[0m 0.490 ms - 101[0m
[0mPOST /api/auth/refresh [33m401[0m 0.466 ms - 101[0m
[0mPOST /api/auth/refresh [33m401[0m 0.428 ms - 101[0m
[0mPOST /api/auth/refresh [33m401[0m 0.468 ms - 101[0m
[0mPOST /api/auth/refresh [33m401[0m 0.496 ms - 101[0m
[0mPOST /api/auth/refresh [33m401[0m 0.407 ms - 101[0m
[0mPOST /api/auth/refresh [33m401[0m 0.594 ms - 101[0m
[0mPOST /api/auth/refresh [33m401[0m 0.466 ms - 101[0m
[0mPOST /api/auth/refresh [33m401[0m 0.425 ms - 101[0m
[0mPOST /api/auth/refresh [33m401[0m 0.401 ms - 101[0m
[0mPOST /api/auth/refresh [33m401[0m 0.500 ms - 101[0m
[0mPOST /api/auth/refresh [33m401[0m 0.441 ms - 101[0m
[0mPOST /api/auth/refresh [33m401[0m 0.448 ms - 101[0m
[0mPOST /api/auth/refresh [33m401[0m 0.448 ms - 101[0m
[0mPOST /api/auth/refresh [33m401[0m 0.465 ms - 101[0m
[0mPOST /api/auth/refresh [33m401[0m 0.452 ms - 101[0m
[0mPOST /api/auth/refresh [33m401[0m 0.406 ms - 101[0m
[0mPOST /api/auth/refresh [33m401[0m 0.454 ms - 101[0m
[0mPOST /api/auth/refresh [33m401[0m 0.346 ms - 101[0m
[0mPOST /api/auth/refresh [33m401[0m 0.400 ms - 101[0m
[0mPOST /api/auth/refresh [33m401[0m 0.482 ms - 101[0m
[0mPOST /api/auth/refresh [33m401[0m 0.471 ms - 101[0m
[0mPOST /api/auth/refresh [33m401[0m 0.561 ms - 101[0m
[0mPOST /api/auth/refresh [33m401[0m 0.535 ms - 101[0m
[0mPOST /api/auth/refresh [33m401[0m 0.435 ms - 101[0m
[0mPOST /api/auth/refresh [33m401[0m 0.504 ms - 101[0m
[0mPOST /api/auth/refresh [33m401[0m 0.618 ms - 101[0m
[0mPOST /api/auth/refresh [33m401[0m 0.518 ms - 101[0m
[0mPOST /api/auth/refresh [33m401[0m 0.413 ms - 101[0m
[0mPOST /api/auth/refresh [33m401[0m 0.487 ms - 101[0m
[0mPOST /api/auth/refresh [33m401[0m 0.679 ms - 101[0m
09:49:31 [[32MINFO[39M]: Starting automated daily SQLite database backup...
09:49:32 [[32MINFO[39M]: Automated database backup created successfully: panel_db_auto_2026-08-06T02-49-31-246Z.db
09:49:32 [[32MINFO[39M]: Deleted old automated backup: panel_db_auto_2026-07-29T11-12-42-707Z.db
[0mPOST /api/auth/refresh [33m401[0m 0.483 ms - 101[0m
[0mPOST /api/auth/refresh [33m401[0m 0.425 ms - 101[0m
[0mPOST /api/auth/refresh [33m401[0m 0.441 ms - 101[0m
[0mPOST /api/auth/refresh [33m401[0m 0.475 ms - 101[0m
[0mPOST /api/auth/refresh [33m401[0m 0.433 ms - 101[0m
[0mPOST /api/auth/refresh [33m401[0m 0.462 ms - 101[0m
[0mPOST /api/auth/refresh [33m401[0m 0.462 ms - 101[0m
[0mPOST /api/auth/refresh [33m401[0m 0.448 ms - 101[0m
[0mPOST /api/auth/refresh [33m401[0m 0.451 ms - 101[0m
[0mPOST /api/auth/refresh [33m401[0m 0.475 ms - 101[0m
[0mPOST /api/auth/refresh [33m401[0m 0.518 ms - 101[0m
[0mPOST /api/auth/refresh [33m401[0m 0.506 ms - 101[0m
[0mPOST /api/auth/refresh [33m401[0m 0.510 ms - 101[0m
[0mPOST /api/auth/refresh [33m401[0m 0.440 ms - 101[0m
[0mPOST /api/auth/refresh [33m401[0m 0.430 ms - 101[0m
[0mPOST /api/auth/refresh [33m401[0m 0.512 ms - 101[0m
[0mPOST /api/auth/refresh [33m401[0m 0.452 ms - 101[0m
[0mPOST /api/auth/refresh [33m401[0m 0.403 ms - 101[0m
[0mPOST /api/auth/refresh [33m401[0m 0.403 ms - 101[0m
[0mPOST /api/auth/refresh [33m401[0m 0.334 ms - 101[0m
[0mPOST /api/auth/refresh [33m401[0m 0.403 ms - 101[0m
[0mPOST /api/auth/refresh [33m401[0m 0.375 ms - 101[0m
[0mPOST /api/auth/refresh [33m401[0m 0.441 ms - 101[0m
[0mPOST /api/auth/refresh [33m401[0m 0.544 ms - 101[0m
[0mPOST /api/auth/refresh [33m401[0m 0.397 ms - 101[0m
[0mPOST /api/auth/refresh [33m401[0m 0.499 ms - 101[0m
[0mPOST /api/auth/refresh [33m401[0m 0.487 ms - 101[0m
[0mPOST /api/auth/refresh [33m401[0m 0.424 ms - 101[0m
[0mPOST /api/auth/refresh [33m401[0m 0.430 ms - 101[0m
[0mPOST /api/auth/refresh [33m401[0m 0.437 ms - 101[0m
[0mPOST /api/auth/refresh [33m401[0m 0.428 ms - 101[0m
[0mPOST /api/auth/refresh [33m401[0m 0.361 ms - 101[0m
[0mPOST /api/auth/refresh [33m401[0m 0.364 ms - 101[0m
[0mPOST /api/auth/refresh [33m401[0m 0.429 ms - 101[0m
[0mPOST /api/auth/refresh [33m401[0m 0.379 ms - 101[0m
[0mPOST /api/auth/refresh [33m401[0m 0.398 ms - 101[0m
[0mPOST /api/auth/refresh [33m401[0m 0.422 ms - 101[0m
[0mPOST /api/auth/refresh [33m401[0m 0.387 ms - 101[0m
[0mPOST /api/auth/refresh [33m401[0m 0.434 ms - 101[0m
[0mPOST /api/auth/refresh [33m401[0m 0.482 ms - 101[0m
[0mPOST /api/auth/refresh [33m401[0m 0.452 ms - 101[0m
[0mPOST /api/auth/refresh [33m401[0m 0.442 ms - 101[0m
[0mPOST /api/auth/refresh [33m401[0m 0.464 ms - 101[0m
[0mPOST /api/auth/refresh [33m401[0m 0.407 ms - 101[0m
[0mPOST /api/auth/refresh [33m401[0m 0.457 ms - 101[0m
[0mPOST /api/auth/refresh [33m401[0m 0.437 ms - 101[0m
[0mPOST /api/auth/refresh [33m401[0m 0.393 ms - 101[0m
[0mPOST /api/auth/refresh [33m401[0m 0.433 ms - 101[0m
[0mPOST /api/auth/refresh [33m401[0m 0.389 ms - 101[0m
[0mPOST /api/auth/refresh [33m401[0m 0.403 ms - 101[0m
[0mPOST /api/auth/refresh [33m401[0m 0.433 ms - 101[0m
[0mPOST /api/auth/refresh [33m401[0m 0.456 ms - 101[0m
[0mPOST /api/auth/refresh [33m401[0m 0.466 ms - 101[0m
[0mPOST /api/auth/refresh [33m401[0m 0.495 ms - 101[0m
[0mPOST /api/auth/refresh [33m401[0m 0.362 ms - 101[0m
[0mPOST /api/auth/refresh [33m401[0m 0.375 ms - 101[0m
[0mPOST /api/auth/refresh [33m401[0m 0.385 ms - 101[0m
[0mPOST /api/auth/refresh [33m401[0m 0.399 ms - 101[0m
[0mPOST /api/auth/refresh [33m401[0m 0.621 ms - 101[0m
[0mPOST /api/auth/refresh [33m401[0m 0.456 ms - 101[0m
[0mPOST /api/auth/refresh [33m401[0m 0.448 ms - 101[0m
[0mPOST /api/auth/refresh [33m401[0m 0.403 ms - 101[0m
[0mPOST /api/auth/refresh [33m401[0m 0.409 ms - 101[0m
[0mPOST /api/auth/refresh [33m401[0m 0.352 ms - 101[0m
[0mPOST /api/auth/refresh [33m401[0m 0.438 ms - 101[0m
[0mPOST /api/auth/refresh [33m401[0m 0.530 ms - 101[0m
[0mPOST /api/auth/refresh [33m401[0m 0.424 ms - 101[0m
[0mPOST /api/auth/refresh [33m401[0m 0.481 ms - 101[0m
[0mPOST /api/auth/refresh [33m401[0m 0.395 ms - 101[0m
[0mPOST /api/auth/refresh [33m401[0m 0.478 ms - 101[0m
[0mPOST /api/auth/refresh [33m401[0m 0.412 ms - 101[0m
[0mPOST /api/auth/refresh [33m401[0m 0.439 ms - 101[0m
[0mPOST /api/auth/refresh [33m401[0m 0.441 ms - 101[0m
[0mPOST /api/auth/refresh [33m401[0m 0.322 ms - 101[0m
[0mPOST /api/auth/refresh [33m401[0m 0.566 ms - 101[0m
[0mPOST /api/auth/refresh [33m401[0m 0.556 ms - 101[0m
[0mPOST /api/auth/refresh [33m401[0m 0.459 ms - 101[0m
[0mPOST /api/auth/refresh [33m401[0m 0.315 ms - 101[0m
[0mPOST /api/auth/refresh [33m401[0m 0.427 ms - 101[0m
[0mPOST /api/auth/refresh [33m401[0m 0.418 ms - 101[0m
[0mPOST /api/auth/refresh [33m401[0m 0.443 ms - 101[0m
[0mPOST /api/auth/refresh [33m401[0m 0.450 ms - 101[0m
[0mPOST /api/auth/refresh [33m401[0m 0.406 ms - 101[0m
[0mPOST /api/auth/refresh [33m401[0m 0.520 ms - 101[0m
[0mPOST /api/auth/refresh [33m401[0m 0.424 ms - 101[0m
[0mPOST /api/auth/refresh [33m401[0m 0.457 ms - 101[0m
[0mPOST /api/auth/refresh [33m401[0m 0.447 ms - 101[0m
[0mPOST /api/auth/refresh [33m401[0m 0.371 ms - 101[0m
[0mPOST /api/auth/refresh [33m401[0m 0.404 ms - 101[0m
[0mPOST /api/auth/refresh [33m401[0m 0.630 ms - 101[0m
[0mPOST /api/auth/refresh [33m401[0m 0.432 ms - 101[0m
[0mPOST /api/auth/refresh [33m401[0m 0.518 ms - 101[0m
[0mPOST /api/auth/refresh [33m401[0m 0.439 ms - 101[0m
[0mPOST /api/auth/refresh [33m401[0m 0.448 ms - 101[0m
[0mPOST /api/auth/refresh [33m401[0m 0.393 ms - 101[0m
[0mPOST /api/auth/refresh [33m401[0m 0.479 ms - 101[0m
[0mPOST /api/auth/refresh [33m401[0m 0.388 ms - 101[0m
[0mPOST /api/auth/refresh [33m401[0m 0.434 ms - 101[0m
[0mPOST /api/auth/refresh [33m401[0m 0.314 ms - 101[0m
[0mPOST /api/auth/refresh [33m401[0m 0.447 ms - 101[0m
[0mPOST /api/auth/refresh [33m401[0m 0.433 ms - 101[0m
[0mPOST /api/auth/refresh [33m401[0m 0.647 ms - 101[0m
[0mPOST /api/auth/refresh [33m401[0m 0.471 ms - 101[0m
[0mPOST /api/auth/refresh [33m401[0m 0.477 ms - 101[0m
[0mPOST /api/auth/refresh [33m401[0m 0.495 ms - 101[0m
[0mPOST /api/auth/refresh [33m401[0m 0.565 ms - 101[0m
[0mPOST /api/auth/refresh [33m401[0m 0.460 ms - 101[0m
[0mPOST /api/auth/refresh [33m401[0m 0.488 ms - 101[0m
[0mPOST /api/auth/refresh [33m401[0m 0.456 ms - 101[0m
[0mPOST /api/auth/refresh [33m401[0m 0.496 ms - 101[0m
[0mPOST /api/auth/refresh [33m401[0m 0.577 ms - 101[0m
[0mPOST /api/auth/refresh [33m401[0m 0.461 ms - 101[0m
[0mPOST /api/auth/refresh [33m401[0m 0.449 ms - 101[0m
[0mPOST /api/auth/refresh [33m401[0m 0.433 ms - 101[0m
[0mPOST /api/auth/refresh [33m401[0m 0.564 ms - 101[0m
[0mPOST /api/auth/refresh [33m401[0m 0.452 ms - 101[0m
[0mPOST /api/auth/refresh [33m401[0m 0.491 ms - 101[0m
[0mPOST /api/auth/refresh [33m401[0m 0.431 ms - 101[0m
[0mPOST /api/auth/refresh [33m401[0m 0.635 ms - 101[0m
[0mPOST /api/auth/refresh [33m401[0m 0.460 ms - 101[0m
[0mPOST /api/auth/refresh [33m401[0m 0.465 ms - 101[0m
[0mPOST /api/auth/refresh [33m401[0m 0.430 ms - 101[0m
[0mPOST /api/auth/refresh [33m401[0m 0.437 ms - 101[0m
[0mPOST /api/auth/refresh [33m401[0m 0.400 ms - 101[0m
[0mPOST /api/auth/refresh [33m401[0m 0.464 ms - 101[0m
[0mPOST /api/auth/refresh [33m401[0m 0.460 ms - 101[0m
[0mPOST /api/auth/refresh [33m401[0m 0.520 ms - 101[0m
[0mPOST /api/auth/refresh [33m401[0m 0.386 ms - 101[0m
[0mPOST /api/auth/refresh [33m401[0m 0.464 ms - 101[0m
[0mPOST /api/auth/refresh [33m401[0m 0.505 ms - 101[0m
[0mPOST /api/auth/refresh [33m401[0m 0.522 ms - 101[0m
[0mPOST /api/auth/refresh [33m401[0m 0.530 ms - 101[0m
[0mPOST /api/auth/refresh [33m401[0m 0.477 ms - 101[0m
[0mPOST /api/auth/refresh [33m401[0m 0.521 ms - 101[0m
[0mPOST /api/auth/refresh [33m401[0m 0.451 ms - 101[0m
[0mPOST /api/auth/refresh [33m401[0m 0.420 ms - 101[0m
[0mPOST /api/auth/refresh [33m401[0m 0.406 ms - 101[0m
[0mPOST /api/auth/refresh [33m401[0m 0.469 ms - 101[0m
[0mPOST /api/auth/refresh [33m401[0m 0.419 ms - 101[0m
[0mPOST /api/auth/refresh [33m401[0m 0.559 ms - 101[0m
[0mPOST /api/auth/refresh [33m401[0m 0.485 ms - 101[0m
[0mPOST /api/auth/refresh [33m401[0m 0.459 ms - 101[0m
[0mPOST /api/auth/refresh [33m401[0m 0.488 ms - 101[0m
[0mPOST /api/auth/refresh [33m401[0m 0.428 ms - 101[0m
09:49:31 [[32MINFO[39M]: Starting automated daily SQLite database backup...
09:49:31 [[32MINFO[39M]: Automated database backup created successfully: panel_db_auto_2026-08-07T02-49-31-258Z.db
09:49:31 [[32MINFO[39M]: Deleted old automated backup: panel_db_auto_2026-07-30T11-12-42-671Z.db
[0mPOST /api/auth/refresh [33m401[0m 0.413 ms - 101[0m
[0mPOST /api/auth/refresh [33m401[0m 0.431 ms - 101[0m
[0mPOST /api/auth/refresh [33m401[0m 0.467 ms - 101[0m
[0mPOST /api/auth/refresh [33m401[0m 0.489 ms - 101[0m
[0mPOST /api/auth/refresh [33m401[0m 0.428 ms - 101[0m
[0mPOST /api/auth/refresh [33m401[0m 0.418 ms - 101[0m
[0mPOST /api/auth/refresh [33m401[0m 0.443 ms - 101[0m
[0mPOST /api/auth/refresh [33m401[0m 0.440 ms - 101[0m
[0mPOST /api/auth/refresh [33m401[0m 0.405 ms - 101[0m
[0mPOST /api/auth/refresh [33m401[0m 0.510 ms - 101[0m
[0mPOST /api/auth/refresh [33m401[0m 0.421 ms - 101[0m
[0mPOST /api/auth/refresh [33m401[0m 0.413 ms - 101[0m
[0mPOST /api/auth/refresh [33m401[0m 0.490 ms - 101[0m
[0mPOST /api/auth/refresh [33m401[0m 0.467 ms - 101[0m
[0mPOST /api/auth/refresh [33m401[0m 0.521 ms - 101[0m
[0mPOST /api/auth/refresh [33m401[0m 0.525 ms - 101[0m
[0mPOST /api/auth/refresh [33m401[0m 0.471 ms - 101[0m
[0mPOST /api/auth/refresh [33m401[0m 0.585 ms - 101[0m
[0mPOST /api/auth/refresh [33m401[0m 0.569 ms - 101[0m
[0mPOST /api/auth/refresh [33m401[0m 0.568 ms - 101[0m
[0mPOST /api/auth/refresh [33m401[0m 0.561 ms - 101[0m
[0mPOST /api/auth/refresh [33m401[0m 0.312 ms - 101[0m
[0mPOST /api/auth/refresh [33m401[0m 0.434 ms - 101[0m
[0mPOST /api/auth/refresh [33m401[0m 0.337 ms - 101[0m
[0mPOST /api/auth/refresh [33m401[0m 0.484 ms - 101[0m
[0mPOST /api/auth/refresh [33m401[0m 0.426 ms - 101[0m
[0mPOST /api/auth/refresh [33m401[0m 0.471 ms - 101[0m
[0mPOST /api/auth/refresh [33m401[0m 0.456 ms - 101[0m
[0mPOST /api/auth/refresh [33m401[0m 0.482 ms - 101[0m
[0mPOST /api/auth/refresh [33m401[0m 0.570 ms - 101[0m
[0mPOST /api/auth/refresh [33m401[0m 0.480 ms - 101[0m
[0mPOST /api/auth/refresh [33m401[0m 0.469 ms - 101[0m
[0mPOST /api/auth/refresh [33m401[0m 0.489 ms - 101[0m
[0mPOST /api/auth/refresh [33m401[0m 0.427 ms - 101[0m
[0mPOST /api/auth/refresh [33m401[0m 0.367 ms - 101[0m
[0mPOST /api/auth/refresh [33m401[0m 0.439 ms - 101[0m
[0mPOST /api/auth/refresh [33m401[0m 0.392 ms - 101[0m
[0mPOST /api/auth/refresh [33m401[0m 0.443 ms - 101[0m
[0mPOST /api/auth/refresh [33m401[0m 0.437 ms - 101[0m
[0mPOST /api/auth/refresh [33m401[0m 0.428 ms - 101[0m
[0mPOST /api/auth/refresh [33m401[0m 0.423 ms - 101[0m
[0mPOST /api/auth/refresh [33m401[0m 0.442 ms - 101[0m
[0mPOST /api/auth/refresh [33m401[0m 0.381 ms - 101[0m
[0mPOST /api/auth/refresh [33m401[0m 0.501 ms - 101[0m
[0mPOST /api/auth/refresh [33m401[0m 0.542 ms - 101[0m
[0mPOST /api/auth/refresh [33m401[0m 0.425 ms - 101[0m
[0mPOST /api/auth/refresh [33m401[0m 0.543 ms - 101[0m
[0mPOST /api/auth/refresh [33m401[0m 0.482 ms - 101[0m
[0mPOST /api/auth/refresh [33m401[0m 0.471 ms - 101[0m
[0mPOST /api/auth/refresh [33m401[0m 0.441 ms - 101[0m
[0mPOST /api/auth/refresh [33m401[0m 0.430 ms - 101[0m
[0mPOST /api/auth/refresh [33m401[0m 0.425 ms - 101[0m
[0mPOST /api/auth/refresh [33m401[0m 0.421 ms - 101[0m
[0mPOST /api/auth/refresh [33m401[0m 0.410 ms - 101[0m
[0mPOST /api/auth/refresh [33m401[0m 0.474 ms - 101[0m
[0mPOST /api/auth/refresh [33m401[0m 0.483 ms - 101[0m
[0mPOST /api/auth/refresh [33m401[0m 0.406 ms - 101[0m
[0mPOST /api/auth/refresh [33m401[0m 0.432 ms - 101[0m
[0mPOST /api/auth/refresh [33m401[0m 0.390 ms - 101[0m
[0mPOST /api/auth/refresh [33m401[0m 0.399 ms - 101[0m
[0mPOST /api/auth/refresh [33m401[0m 0.404 ms - 101[0m
[0mPOST /api/auth/refresh [33m401[0m 0.460 ms - 101[0m
[0mPOST /api/auth/refresh [33m401[0m 0.528 ms - 101[0m
[0mPOST /api/auth/refresh [33m401[0m 0.412 ms - 101[0m
[0mPOST /api/auth/refresh [33m401[0m 0.407 ms - 101[0m
[0mPOST /api/auth/refresh [33m401[0m 0.473 ms - 101[0m
[0mPOST /api/auth/refresh [33m401[0m 0.428 ms - 101[0m
[0mPOST /api/auth/refresh [33m401[0m 0.442 ms - 101[0m
[0mPOST /api/auth/refresh [33m401[0m 0.519 ms - 101[0m
[0mPOST /api/auth/refresh [33m401[0m 0.415 ms - 101[0m
[0mPOST /api/auth/refresh [33m401[0m 0.432 ms - 101[0m
[0mPOST /api/auth/refresh [33m401[0m 0.440 ms - 101[0m
[0mPOST /api/auth/refresh [33m401[0m 0.398 ms - 101[0m
[0mPOST /api/auth/refresh [33m401[0m 0.418 ms - 101[0m
[0mPOST /api/auth/refresh [33m401[0m 0.475 ms - 101[0m
[0mPOST /api/auth/refresh [33m401[0m 0.435 ms - 101[0m
[0mPOST /api/auth/refresh [33m401[0m 0.436 ms - 101[0m
[0mPOST /api/auth/refresh [33m401[0m 0.396 ms - 101[0m
[0mPOST /api/auth/refresh [33m401[0m 0.373 ms - 101[0m
[0mPOST /api/auth/refresh [33m401[0m 0.415 ms - 101[0m
[0mPOST /api/auth/refresh [33m401[0m 0.348 ms - 101[0m
[0mPOST /api/auth/refresh [33m401[0m 0.394 ms - 101[0m
[0mPOST /api/auth/refresh [33m401[0m 0.439 ms - 101[0m
[0mPOST /api/auth/refresh [33m401[0m 0.462 ms - 101[0m
[0mPOST /api/auth/refresh [33m401[0m 0.378 ms - 101[0m
[0mPOST /api/auth/refresh [33m401[0m 0.481 ms - 101[0m
[0mPOST /api/auth/refresh [33m401[0m 0.386 ms - 101[0m
[0mPOST /api/auth/refresh [33m401[0m 0.425 ms - 101[0m
[0mPOST /api/auth/refresh [33m401[0m 0.376 ms - 101[0m
[0mPOST /api/auth/refresh [33m401[0m 0.390 ms - 101[0m
[0mPOST /api/auth/refresh [33m401[0m 0.468 ms - 101[0m
[0mPOST /api/auth/refresh [33m401[0m 0.338 ms - 101[0m
[0mPOST /api/auth/refresh [33m401[0m 0.398 ms - 101[0m
[0mPOST /api/auth/refresh [33m401[0m 0.409 ms - 101[0m
[0mPOST /api/auth/refresh [33m401[0m 0.402 ms - 101[0m
[0mPOST /api/auth/refresh [33m401[0m 0.453 ms - 101[0m
[0mPOST /api/auth/refresh [33m401[0m 0.394 ms - 101[0m
[0mPOST /api/auth/refresh [33m401[0m 0.380 ms - 101[0m
[0mPOST /api/auth/refresh [33m401[0m 0.335 ms - 101[0m
[0mPOST /api/auth/refresh [33m401[0m 0.324 ms - 101[0m
[0mPOST /api/auth/refresh [33m401[0m 0.399 ms - 101[0m
[0mPOST /api/auth/refresh [33m401[0m 0.441 ms - 101[0m
[0mPOST /api/auth/refresh [33m401[0m 0.390 ms - 101[0m
[0mPOST /api/auth/refresh [33m401[0m 0.331 ms - 101[0m
[0mPOST /api/auth/refresh [33m401[0m 0.362 ms - 101[0m
[0mPOST /api/auth/refresh [33m401[0m 0.324 ms - 101[0m
[0mPOST /api/auth/refresh [33m401[0m 0.349 ms - 101[0m
[0mPOST /api/auth/refresh [33m401[0m 0.418 ms - 101[0m
[0mPOST /api/auth/refresh [33m401[0m 0.379 ms - 101[0m
[0mPOST /api/auth/refresh [33m401[0m 0.384 ms - 101[0m
[0mPOST /api/auth/refresh [33m401[0m 0.388 ms - 101[0m
[0mPOST /api/auth/refresh [33m401[0m 0.402 ms - 101[0m
[0mPOST /api/auth/refresh [33m401[0m 0.436 ms - 101[0m
[0mPOST /api/auth/refresh [33m401[0m 0.464 ms - 101[0m
[0mPOST /api/auth/refresh [33m401[0m 0.428 ms - 101[0m
[0mPOST /api/auth/refresh [33m401[0m 0.431 ms - 101[0m
[0mPOST /api/auth/refresh [33m401[0m 0.564 ms - 101[0m
[0mPOST /api/auth/refresh [33m401[0m 0.378 ms - 101[0m
[0mPOST /api/auth/refresh [33m401[0m 0.505 ms - 101[0m
[0mPOST /api/auth/refresh [33m401[0m 0.452 ms - 101[0m
[0mPOST /api/auth/refresh [33m401[0m 0.371 ms - 101[0m
[0mPOST /api/auth/refresh [33m401[0m 0.326 ms - 101[0m
[0mPOST /api/auth/refresh [33m401[0m 0.390 ms - 101[0m
[0mPOST /api/auth/refresh [33m401[0m 0.560 ms - 101[0m
[0mPOST /api/auth/refresh [33m401[0m 0.336 ms - 101[0m
[0mPOST /api/auth/refresh [33m401[0m 0.406 ms - 101[0m
[0mPOST /api/auth/refresh [33m401[0m 0.397 ms - 101[0m
[0mPOST /api/auth/refresh [33m401[0m 0.391 ms - 101[0m
[0mPOST /api/auth/refresh [33m401[0m 0.399 ms - 101[0m
[0mPOST /api/auth/refresh [33m401[0m 0.412 ms - 101[0m
[0mPOST /api/auth/refresh [33m401[0m 0.384 ms - 101[0m
[0mPOST /api/auth/refresh [33m401[0m 0.518 ms - 101[0m
[0mPOST /api/auth/refresh [33m401[0m 0.460 ms - 101[0m
[0mPOST /api/auth/refresh [33m401[0m 0.391 ms - 101[0m
[0mPOST /api/auth/refresh [33m401[0m 0.411 ms - 101[0m
[0mPOST /api/auth/refresh [33m401[0m 0.478 ms - 101[0m
[0mPOST /api/auth/refresh [33m401[0m 0.536 ms - 101[0m
[0mPOST /api/auth/refresh [33m401[0m 0.409 ms - 101[0m
[0mPOST /api/auth/refresh [33m401[0m 0.450 ms - 101[0m
[0mPOST /api/auth/refresh [33m401[0m 0.400 ms - 101[0m
[0mPOST /api/auth/refresh [33m401[0m 0.422 ms - 101[0m
[0mPOST /api/auth/refresh [33m401[0m 0.403 ms - 101[0m
[0mPOST /api/auth/refresh [33m401[0m 0.397 ms - 101[0m
[0mPOST /api/auth/refresh [33m401[0m 0.536 ms - 101[0m
09:49:31 [[32MINFO[39M]: Starting automated daily SQLite database backup...
09:49:32 [[32MINFO[39M]: Automated database backup created successfully: panel_db_auto_2026-08-08T02-49-31-263Z.db
09:49:32 [[32MINFO[39M]: Deleted old automated backup: panel_db_auto_2026-07-31T11-12-42-662Z.db
[0mPOST /api/auth/refresh [33m401[0m 0.563 ms - 101[0m
[0mPOST /api/auth/refresh [33m401[0m 0.461 ms - 101[0m
[0mPOST /api/auth/refresh [33m401[0m 0.448 ms - 101[0m
[0mPOST /api/auth/refresh [33m401[0m 0.452 ms - 101[0m
[0mPOST /api/auth/refresh [33m401[0m 0.433 ms - 101[0m
[0mPOST /api/auth/refresh [33m401[0m 0.513 ms - 101[0m
[0mPOST /api/auth/refresh [33m401[0m 0.319 ms - 101[0m
[0mPOST /api/auth/refresh [33m401[0m 0.477 ms - 101[0m
[0mPOST /api/auth/refresh [33m401[0m 0.499 ms - 101[0m
[0mPOST /api/auth/refresh [33m401[0m 0.396 ms - 101[0m
[0mPOST /api/auth/refresh [33m401[0m 0.424 ms - 101[0m
[0mPOST /api/auth/refresh [33m401[0m 0.412 ms - 101[0m
[0mPOST /api/auth/refresh [33m401[0m 0.374 ms - 101[0m
[0mPOST /api/auth/refresh [33m401[0m 0.396 ms - 101[0m
[0mPOST /api/auth/refresh [33m401[0m 0.432 ms - 101[0m
[0mPOST /api/auth/refresh [33m401[0m 0.398 ms - 101[0m
[0mPOST /api/auth/refresh [33m401[0m 0.442 ms - 101[0m
[0mPOST /api/auth/refresh [33m401[0m 0.421 ms - 101[0m
[0mPOST /api/auth/refresh [33m401[0m 0.448 ms - 101[0m
[0mPOST /api/auth/refresh [33m401[0m 0.330 ms - 101[0m
[0mPOST /api/auth/refresh [33m401[0m 0.553 ms - 101[0m
[0mPOST /api/auth/refresh [33m401[0m 0.519 ms - 101[0m
[0mPOST /api/auth/refresh [33m401[0m 0.483 ms - 101[0m
[0mPOST /api/auth/refresh [33m401[0m 0.507 ms - 101[0m
[0mPOST /api/auth/refresh [33m401[0m 0.414 ms - 101[0m
[0mPOST /api/auth/refresh [33m401[0m 0.521 ms - 101[0m
[0mPOST /api/auth/refresh [33m401[0m 0.407 ms - 101[0m
[0mPOST /api/auth/refresh [33m401[0m 0.362 ms - 101[0m
[0mPOST /api/auth/refresh [33m401[0m 0.489 ms - 101[0m
[0mPOST /api/auth/refresh [33m401[0m 0.513 ms - 101[0m
[0mPOST /api/auth/refresh [33m401[0m 0.552 ms - 101[0m
[0mPOST /api/auth/refresh [33m401[0m 0.586 ms - 101[0m
[0mPOST /api/auth/refresh [33m401[0m 0.391 ms - 101[0m
[0mPOST /api/auth/refresh [33m401[0m 0.455 ms - 101[0m
[0mPOST /api/auth/refresh [33m401[0m 0.392 ms - 101[0m
[0mPOST /api/auth/refresh [33m401[0m 0.446 ms - 101[0m
[0mPOST /api/auth/refresh [33m401[0m 0.473 ms - 101[0m
[0mPOST /api/auth/refresh [33m401[0m 0.364 ms - 101[0m
[0mPOST /api/auth/refresh [33m401[0m 0.404 ms - 101[0m
[0mPOST /api/auth/refresh [33m401[0m 0.423 ms - 101[0m
[0mPOST /api/auth/refresh [33m401[0m 0.372 ms - 101[0m
[0mPOST /api/auth/refresh [33m401[0m 0.507 ms - 101[0m
[0mPOST /api/auth/refresh [33m401[0m 0.429 ms - 101[0m
[0mPOST /api/auth/refresh [33m401[0m 0.442 ms - 101[0m
[0mPOST /api/auth/refresh [33m401[0m 0.683 ms - 101[0m
[0mPOST /api/auth/refresh [33m401[0m 0.388 ms - 101[0m
[0mPOST /api/auth/refresh [33m401[0m 0.382 ms - 101[0m
[0mPOST /api/auth/refresh [33m401[0m 0.366 ms - 101[0m
[0mPOST /api/auth/refresh [33m401[0m 0.403 ms - 101[0m
[0mPOST /api/auth/refresh [33m401[0m 0.400 ms - 101[0m
[0mPOST /api/auth/refresh [33m401[0m 0.428 ms - 101[0m
[0mPOST /api/auth/refresh [33m401[0m 0.398 ms - 101[0m
[0mPOST /api/auth/refresh [33m401[0m 0.335 ms - 101[0m
[0mPOST /api/auth/refresh [33m401[0m 0.393 ms - 101[0m
[0mPOST /api/auth/refresh [33m401[0m 0.367 ms - 101[0m
[0mPOST /api/auth/refresh [33m401[0m 0.502 ms - 101[0m
[0mPOST /api/auth/refresh [33m401[0m 0.383 ms - 101[0m
[0mPOST /api/auth/refresh [33m401[0m 0.437 ms - 101[0m
[0mPOST /api/auth/refresh [33m401[0m 0.405 ms - 101[0m
[0mPOST /api/auth/refresh [33m401[0m 0.360 ms - 101[0m
[0mPOST /api/auth/refresh [33m401[0m 0.410 ms - 101[0m
[0mPOST /api/auth/refresh [33m401[0m 0.343 ms - 101[0m
[0mPOST /api/auth/refresh [33m401[0m 0.322 ms - 101[0m
[0mPOST /api/auth/refresh [33m401[0m 0.444 ms - 101[0m
[0mPOST /api/auth/refresh [33m401[0m 0.384 ms - 101[0m
[0mPOST /api/auth/refresh [33m401[0m 0.398 ms - 101[0m
[0mPOST /api/auth/refresh [33m401[0m 0.391 ms - 101[0m
[0mPOST /api/auth/refresh [33m401[0m 0.375 ms - 101[0m
[0mPOST /api/auth/refresh [33m401[0m 0.459 ms - 101[0m
[0mPOST /api/auth/refresh [33m401[0m 0.391 ms - 101[0m
[0mPOST /api/auth/refresh [33m401[0m 0.348 ms - 101[0m
[0mPOST /api/auth/refresh [33m401[0m 0.489 ms - 101[0m
[0mPOST /api/auth/refresh [33m401[0m 0.418 ms - 101[0m
[0mPOST /api/auth/refresh [33m401[0m 0.464 ms - 101[0m
[0mPOST /api/auth/refresh [33m401[0m 0.450 ms - 101[0m
[0mPOST /api/auth/refresh [33m401[0m 0.394 ms - 101[0m
[0mPOST /api/auth/refresh [33m401[0m 0.492 ms - 101[0m
[0mPOST /api/auth/refresh [33m401[0m 0.422 ms - 101[0m
[0mPOST /api/auth/refresh [33m401[0m 0.439 ms - 101[0m
[0mPOST /api/auth/refresh [33m401[0m 0.394 ms - 101[0m
[0mPOST /api/auth/refresh [33m401[0m 0.451 ms - 101[0m
[0mPOST /api/auth/refresh [33m401[0m 0.393 ms - 101[0m
[0mPOST /api/auth/refresh [33m401[0m 0.378 ms - 101[0m
[0mPOST /api/auth/refresh [33m401[0m 0.348 ms - 101[0m
[0mPOST /api/auth/refresh [33m401[0m 0.491 ms - 101[0m
[0mPOST /api/auth/refresh [33m401[0m 0.410 ms - 101[0m
[0mPOST /api/auth/refresh [33m401[0m 0.412 ms - 101[0m
[0mPOST /api/auth/refresh [33m401[0m 0.337 ms - 101[0m
[0mPOST /api/auth/refresh [33m401[0m 0.427 ms - 101[0m
[0mPOST /api/auth/refresh [33m401[0m 0.494 ms - 101[0m
[0mPOST /api/auth/refresh [33m401[0m 0.417 ms - 101[0m
[0mPOST /api/auth/refresh [33m401[0m 0.336 ms - 101[0m
[0mPOST /api/auth/refresh [33m401[0m 0.432 ms - 101[0m
[0mPOST /api/auth/refresh [33m401[0m 0.366 ms - 101[0m
[0mPOST /api/auth/refresh [33m401[0m 0.391 ms - 101[0m
[0mPOST /api/auth/refresh [33m401[0m 0.406 ms - 101[0m
[0mPOST /api/auth/refresh [33m401[0m 0.387 ms - 101[0m
[0mPOST /api/auth/refresh [33m401[0m 0.373 ms - 101[0m
[0mPOST /api/auth/refresh [33m401[0m 0.415 ms - 101[0m
[0mPOST /api/auth/refresh [33m401[0m 0.402 ms - 101[0m
[0mPOST /api/auth/refresh [33m401[0m 0.364 ms - 101[0m
[0mPOST /api/auth/refresh [33m401[0m 0.586 ms - 101[0m
[0mPOST /api/auth/refresh [33m401[0m 0.353 ms - 101[0m
[0mPOST /api/auth/refresh [33m401[0m 0.321 ms - 101[0m
[0mPOST /api/auth/refresh [33m401[0m 0.375 ms - 101[0m
[0mPOST /api/auth/refresh [33m401[0m 0.453 ms - 101[0m
[0mPOST /api/auth/refresh [33m401[0m 0.338 ms - 101[0m
[0mPOST /api/auth/refresh [33m401[0m 0.405 ms - 101[0m
[0mPOST /api/auth/refresh [33m401[0m 0.470 ms - 101[0m
[0mPOST /api/auth/refresh [33m401[0m 0.419 ms - 101[0m
[0mPOST /api/auth/refresh [33m401[0m 0.417 ms - 101[0m
[0mPOST /api/auth/refresh [33m401[0m 0.416 ms - 101[0m
[0mPOST /api/auth/refresh [33m401[0m 0.385 ms - 101[0m
[0mPOST /api/auth/refresh [33m401[0m 0.457 ms - 101[0m
[0mPOST /api/auth/refresh [33m401[0m 0.455 ms - 101[0m
[0mPOST /api/auth/refresh [33m401[0m 0.391 ms - 101[0m
[0mPOST /api/auth/refresh [33m401[0m 0.404 ms - 101[0m
[0mPOST /api/auth/refresh [33m401[0m 0.422 ms - 101[0m
[0mPOST /api/auth/refresh [33m401[0m 0.331 ms - 101[0m
[0mPOST /api/auth/refresh [33m401[0m 0.380 ms - 101[0m
[0mPOST /api/auth/refresh [33m401[0m 0.450 ms - 101[0m
[0mPOST /api/auth/refresh [33m401[0m 0.415 ms - 101[0m
[0mPOST /api/auth/refresh [33m401[0m 0.429 ms - 101[0m
[0mPOST /api/auth/refresh [33m401[0m 0.320 ms - 101[0m
[0mPOST /api/auth/refresh [33m401[0m 0.363 ms - 101[0m
[0mPOST /api/auth/refresh [33m401[0m 0.420 ms - 101[0m
[0mPOST /api/auth/refresh [33m401[0m 0.354 ms - 101[0m
[0mPOST /api/auth/refresh [33m401[0m 0.327 ms - 101[0m
[0mPOST /api/auth/refresh [33m401[0m 0.367 ms - 101[0m
[0mPOST /api/auth/refresh [33m401[0m 0.426 ms - 101[0m
[0mPOST /api/auth/refresh [33m401[0m 0.316 ms - 101[0m
[0mPOST /api/auth/refresh [33m401[0m 0.352 ms - 101[0m
[0mPOST /api/auth/refresh [33m401[0m 0.308 ms - 101[0m
[0mPOST /api/auth/refresh [33m401[0m 0.436 ms - 101[0m
[0mPOST /api/auth/refresh [33m401[0m 0.430 ms - 101[0m
[0mPOST /api/auth/refresh [33m401[0m 0.428 ms - 101[0m
[0mPOST /api/auth/refresh [33m401[0m 0.378 ms - 101[0m
[0mPOST /api/auth/refresh [33m401[0m 0.513 ms - 101[0m
[0mPOST /api/auth/refresh [33m401[0m 0.427 ms - 101[0m
[0mPOST /api/auth/refresh [33m401[0m 0.404 ms - 101[0m
[0mPOST /api/auth/refresh [33m401[0m 0.480 ms - 101[0m
[0mPOST /api/auth/refresh [33m401[0m 0.400 ms - 101[0m
[0mPOST /api/auth/refresh [33m401[0m 0.391 ms - 101[0m
[0mPOST /api/auth/refresh [33m401[0m 0.428 ms - 101[0m
09:49:31 [[32MINFO[39M]: Starting automated daily SQLite database backup...
09:49:31 [[32MINFO[39M]: Automated database backup created successfully: panel_db_auto_2026-08-09T02-49-31-266Z.db
09:49:31 [[32MINFO[39M]: Deleted old automated backup: panel_db_auto_2026-08-01T11-12-42-642Z.db
[0mPOST /api/auth/refresh [33m401[0m 0.416 ms - 101[0m
[0mPOST /api/auth/refresh [33m401[0m 0.520 ms - 101[0m
[0mPOST /api/auth/refresh [33m401[0m 0.467 ms - 101[0m
[0mPOST /api/auth/refresh [33m401[0m 0.364 ms - 101[0m
[0mPOST /api/auth/refresh [33m401[0m 0.407 ms - 101[0m
[0mPOST /api/auth/refresh [33m401[0m 0.395 ms - 101[0m
[0mPOST /api/auth/refresh [33m401[0m 0.423 ms - 101[0m
[0mPOST /api/auth/refresh [33m401[0m 0.314 ms - 101[0m
[0mPOST /api/auth/refresh [33m401[0m 0.297 ms - 101[0m
[0mPOST /api/auth/refresh [33m401[0m 0.361 ms - 101[0m
[0mPOST /api/auth/refresh [33m401[0m 0.380 ms - 101[0m
[0mPOST /api/auth/refresh [33m401[0m 0.372 ms - 101[0m
[0mPOST /api/auth/refresh [33m401[0m 0.390 ms - 101[0m
[0mPOST /api/auth/refresh [33m401[0m 0.358 ms - 101[0m
[0mPOST /api/auth/refresh [33m401[0m 0.362 ms - 101[0m
[0mPOST /api/auth/refresh [33m401[0m 0.373 ms - 101[0m
[0mPOST /api/auth/refresh [33m401[0m 0.381 ms - 101[0m
[0mPOST /api/auth/refresh [33m401[0m 0.378 ms - 101[0m
[0mPOST /api/auth/refresh [33m401[0m 0.410 ms - 101[0m
[0mPOST /api/auth/refresh [33m401[0m 0.411 ms - 101[0m
[0mPOST /api/auth/refresh [33m401[0m 0.318 ms - 101[0m
[0mPOST /api/auth/refresh [33m401[0m 0.392 ms - 101[0m
[0mPOST /api/auth/refresh [33m401[0m 0.317 ms - 101[0m
[0mPOST /api/auth/refresh [33m401[0m 0.383 ms - 101[0m
[0mPOST /api/auth/refresh [33m401[0m 0.378 ms - 101[0m
[0mPOST /api/auth/refresh [33m401[0m 0.383 ms - 101[0m
[0mPOST /api/auth/refresh [33m401[0m 0.415 ms - 101[0m
[0mPOST /api/auth/refresh [33m401[0m 0.317 ms - 101[0m
[0mPOST /api/auth/refresh [33m401[0m 0.374 ms - 101[0m
[0mPOST /api/auth/refresh [33m401[0m 0.370 ms - 101[0m
[0mPOST /api/auth/refresh [33m401[0m 0.337 ms - 101[0m
[0mPOST /api/auth/refresh [33m401[0m 0.381 ms - 101[0m
[0mPOST /api/auth/refresh [33m401[0m 0.419 ms - 101[0m
[0mPOST /api/auth/refresh [33m401[0m 0.458 ms - 101[0m
[0mPOST /api/auth/refresh [33m401[0m 0.382 ms - 101[0m
[0mPOST /api/auth/refresh [33m401[0m 0.317 ms - 101[0m
[0mPOST /api/auth/refresh [33m401[0m 0.379 ms - 101[0m
[0mPOST /api/auth/refresh [33m401[0m 0.404 ms - 101[0m
[0mPOST /api/auth/refresh [33m401[0m 0.368 ms - 101[0m
[0mPOST /api/auth/refresh [33m401[0m 0.325 ms - 101[0m
[0mPOST /api/auth/refresh [33m401[0m 0.516 ms - 101[0m
[0mPOST /api/auth/refresh [33m401[0m 0.383 ms - 101[0m
[0mPOST /api/auth/refresh [33m401[0m 0.377 ms - 101[0m
[0mPOST /api/auth/refresh [33m401[0m 0.310 ms - 101[0m
[0mPOST /api/auth/refresh [33m401[0m 0.396 ms - 101[0m
[0mPOST /api/auth/refresh [33m401[0m 0.389 ms - 101[0m
[0mPOST /api/auth/refresh [33m401[0m 0.340 ms - 101[0m
[0mPOST /api/auth/refresh [33m401[0m 0.326 ms - 101[0m
[0mPOST /api/auth/refresh [33m401[0m 0.380 ms - 101[0m
[0mPOST /api/auth/refresh [33m401[0m 0.397 ms - 101[0m
[0mPOST /api/auth/refresh [33m401[0m 0.395 ms - 101[0m
[0mPOST /api/auth/refresh [33m401[0m 0.390 ms - 101[0m
[0mPOST /api/auth/refresh [33m401[0m 0.382 ms - 101[0m
[0mPOST /api/auth/refresh [33m401[0m 0.306 ms - 101[0m
[0mPOST /api/auth/refresh [33m401[0m 0.388 ms - 101[0m
[0mPOST /api/auth/refresh [33m401[0m 0.391 ms - 101[0m
[0mPOST /api/auth/refresh [33m401[0m 0.316 ms - 101[0m
[0mPOST /api/auth/refresh [33m401[0m 0.590 ms - 101[0m
[0mPOST /api/auth/refresh [33m401[0m 0.310 ms - 101[0m
[0mPOST /api/auth/refresh [33m401[0m 0.329 ms - 101[0m
[0mPOST /api/auth/refresh [33m401[0m 0.313 ms - 101[0m
[0mPOST /api/auth/refresh [33m401[0m 0.422 ms - 101[0m
[0mPOST /api/auth/refresh [33m401[0m 0.312 ms - 101[0m
[0mPOST /api/auth/refresh [33m401[0m 0.411 ms - 101[0m
[0mPOST /api/auth/refresh [33m401[0m 0.387 ms - 101[0m
[0mPOST /api/auth/refresh [33m401[0m 0.342 ms - 101[0m
[0mPOST /api/auth/refresh [33m401[0m 0.384 ms - 101[0m
[0mPOST /api/auth/refresh [33m401[0m 0.427 ms - 101[0m
[0mPOST /api/auth/refresh [33m401[0m 0.517 ms - 101[0m
[0mPOST /api/auth/refresh [33m401[0m 0.445 ms - 101[0m
[0mPOST /api/auth/refresh [33m401[0m 0.706 ms - 101[0m
[0mPOST /api/auth/refresh [33m401[0m 0.371 ms - 101[0m
[0mPOST /api/auth/refresh [33m401[0m 0.419 ms - 101[0m
[0mPOST /api/auth/refresh [33m401[0m 0.416 ms - 101[0m
[0mPOST /api/auth/refresh [33m401[0m 0.327 ms - 101[0m
[0mPOST /api/auth/refresh [33m401[0m 0.447 ms - 101[0m
[0mPOST /api/auth/refresh [33m401[0m 0.389 ms - 101[0m
[0mPOST /api/auth/refresh [33m401[0m 0.338 ms - 101[0m
[0mPOST /api/auth/refresh [33m401[0m 0.380 ms - 101[0m
[0mPOST /api/auth/refresh [33m401[0m 0.364 ms - 101[0m
[0mPOST /api/auth/refresh [33m401[0m 0.379 ms - 101[0m
[0mPOST /api/auth/refresh [33m401[0m 0.388 ms - 101[0m
[0mPOST /api/auth/refresh [33m401[0m 0.427 ms - 101[0m
[0mPOST /api/auth/refresh [33m401[0m 0.380 ms - 101[0m
[0mPOST /api/auth/refresh [33m401[0m 0.376 ms - 101[0m
[0mPOST /api/auth/refresh [33m401[0m 0.379 ms - 101[0m
[0mPOST /api/auth/refresh [33m401[0m 0.318 ms - 101[0m
[0mPOST /api/auth/refresh [33m401[0m 0.400 ms - 101[0m
[0mPOST /api/auth/refresh [33m401[0m 0.444 ms - 101[0m
[0mPOST /api/auth/refresh [33m401[0m 0.401 ms - 101[0m
[0mPOST /api/auth/refresh [33m401[0m 0.384 ms - 101[0m
[0mPOST /api/auth/refresh [33m401[0m 0.350 ms - 101[0m
[0mPOST /api/auth/refresh [33m401[0m 0.372 ms - 101[0m
[0mPOST /api/auth/refresh [33m401[0m 0.376 ms - 101[0m
[0mPOST /api/auth/refresh [33m401[0m 0.554 ms - 101[0m
[0mPOST /api/auth/refresh [33m401[0m 0.309 ms - 101[0m
[0mPOST /api/auth/refresh [33m401[0m 0.384 ms - 101[0m
[0mPOST /api/auth/refresh [33m401[0m 0.322 ms - 101[0m
[0mPOST /api/auth/refresh [33m401[0m 0.311 ms - 101[0m
[0mPOST /api/auth/refresh [33m401[0m 0.377 ms - 101[0m
[0mPOST /api/auth/refresh [33m401[0m 0.386 ms - 101[0m
[0mPOST /api/auth/refresh [33m401[0m 0.452 ms - 101[0m
[0mPOST /api/auth/refresh [33m401[0m 0.495 ms - 101[0m
[0mPOST /api/auth/refresh [33m401[0m 0.477 ms - 101[0m
[0mPOST /api/auth/refresh [33m401[0m 0.508 ms - 101[0m
[0mPOST /api/auth/refresh [33m401[0m 0.371 ms - 101[0m
[0mPOST /api/auth/refresh [33m401[0m 0.350 ms - 101[0m
[0mPOST /api/auth/refresh [33m401[0m 0.430 ms - 101[0m
[0mPOST /api/auth/refresh [33m401[0m 0.394 ms - 101[0m
[0mPOST /api/auth/refresh [33m401[0m 0.396 ms - 101[0m
[0mPOST /api/auth/refresh [33m401[0m 0.371 ms - 101[0m
[0mPOST /api/auth/refresh [33m401[0m 0.331 ms - 101[0m
[0mPOST /api/auth/refresh [33m401[0m 0.329 ms - 101[0m
[0mPOST /api/auth/refresh [33m401[0m 0.388 ms - 101[0m
[0mPOST /api/auth/refresh [33m401[0m 0.317 ms - 101[0m
[0mPOST /api/auth/refresh [33m401[0m 0.418 ms - 101[0m
[0mPOST /api/auth/refresh [33m401[0m 0.320 ms - 101[0m
[0mPOST /api/auth/refresh [33m401[0m 0.303 ms - 101[0m
[0mPOST /api/auth/refresh [33m401[0m 0.418 ms - 101[0m
[0mPOST /api/auth/refresh [33m401[0m 0.377 ms - 101[0m
[0mPOST /api/auth/refresh [33m401[0m 0.435 ms - 101[0m
[0mPOST /api/auth/refresh [33m401[0m 0.332 ms - 101[0m
[0mPOST /api/auth/refresh [33m401[0m 0.387 ms - 101[0m
[0mPOST /api/auth/refresh [33m401[0m 0.388 ms - 101[0m
[0mPOST /api/auth/refresh [33m401[0m 0.374 ms - 101[0m
[0mPOST /api/auth/refresh [33m401[0m 0.353 ms - 101[0m
[0mPOST /api/auth/refresh [33m401[0m 0.395 ms - 101[0m
